amount,hour,day_of_week,is_weekend,distance_km,device_age_days,account_age_days,transactions_last_24h,avg_amount_30d,failed_attempts_24h,is_new_device,is_new_location,merchant_risk,amount_to_avg,night_transaction,velocity_risk,failed_attempt_risk,channel_WEB,channel_MOBILE,channel_POS
717.11,21,3,0,44.55,1250,42,2,1920.19,2,0,1,0.22,0.37326344609330675,0,0.2,0.4,0,1,0
3220.6,23,6,1,21.26,1422,1006,4,3146.51,0,0,0,0.209,1.0232215306702757,1,0.4,0.0,0,0,1
336.1,17,2,0,86.31,744,432,1,4298.98,0,0,0,0.116,0.07816315424722907,0,0.1,0.0,1,0,0
3136.02,14,4,0,25.05,309,2041,3,1383.22,0,0,0,0.051,2.2655502738004074,0,0.3,0.0,0,0,1
878.72,9,2,0,29.67,965,258,3,926.15,0,0,0,0.39,0.9477646551259236,0,0.3,0.0,0,0,1
963.67,4,6,1,16.95,667,797,5,1062.82,0,0,0,0.457,0.9058581338948318,1,0.5,0.0,1,0,0
13396.58,1,6,1,44.64,218,1504,5,1528.72,0,0,1,0.551,8.757537327092539,1,0.5,0.0,1,0,0
390.78,15,0,0,50.4,713,2141,1,847.81,0,0,0,0.026,0.46038571647365134,0,0.1,0.0,0,0,1
1594.37,13,2,0,27.91,1131,2178,4,3554.65,0,0,1,0.2,0.4484046517514378,0,0.4,0.0,1,0,0
2172.92,18,4,0,2.45,1048,305,4,944.38,0,0,0,0.365,2.298461994118767,0,0.4,0.0,0,1,0
1389.73,14,3,0,58.16,619,2409,2,668.01,0,0,0,0.032,2.0772933140012855,0,0.2,0.0,0,0,1
2037.07,22,3,0,7.95,1330,1114,4,1648.53,0,0,0,0.255,1.2349396494759113,0,0.4,0.0,0,0,1
4248.16,19,1,0,47.33,628,759,3,2335.7,0,0,0,0.128,1.818016861385715,0,0.3,0.0,1,0,0
185.27,22,1,0,32.85,1077,53,3,1452.39,1,0,0,0.128,0.12747438746654374,0,0.3,0.2,0,1,0
2681.33,8,4,0,56.41,829,2106,2,1171.1,0,1,0,0.53,2.2876290418906238,0,0.2,0.0,0,1,0
598.1,14,0,0,27.11,826,2274,3,2596.66,0,0,0,0.375,0.23024568265284912,0,0.3,0.0,0,0,1
579.01,17,6,1,72.81,205,1103,4,384.2,0,1,0,0.186,1.503141225337487,0,0.4,0.0,1,0,0
2130.84,22,3,0,19.86,530,797,5,1369.67,0,0,0,0.267,1.554597386679507,0,0.5,0.0,1,0,0
3893.92,7,4,0,40.69,109,806,2,207.11,1,0,0,0.164,18.71087405698909,0,0.2,0.2,0,1,0
3796.56,15,3,0,21.3,1081,2035,6,4987.78,0,0,0,0.339,0.7610197282702384,0,0.6,0.0,1,0,0
10713.93,2,1,0,24.08,1135,2273,3,320.53,0,0,1,0.17,33.321711815382706,1,0.3,0.0,1,0,0
2020.53,2,4,0,12.52,1150,1480,3,1060.68,1,0,0,0.213,1.9031440735438172,1,0.3,0.2,1,0,0
3832.78,18,6,1,9.8,942,1398,0,2550.66,1,0,0,0.315,1.5020731602172706,0,0.0,0.2,1,0,0
3077.16,0,4,0,67.76,1429,88,1,981.24,0,0,0,0.295,3.13279850138459,1,0.1,0.0,1,0,0
4050.62,3,3,0,37.4,1146,619,7,849.0,0,0,0,0.285,4.765435294117647,1,0.7,0.0,1,0,0
1270.22,22,0,0,69.0,750,449,5,1169.07,0,0,1,0.278,1.0855931696394234,0,0.5,0.0,0,0,1
1931.38,23,1,0,27.99,704,2489,0,1875.82,0,0,0,0.137,1.029070448950885,1,0.0,0.0,0,1,0
2962.93,6,2,0,81.21,434,1640,1,3484.57,0,0,0,0.33,0.8500560883872651,0,0.1,0.0,1,0,0
1783.24,7,5,1,30.31,1388,1499,2,2058.41,1,1,0,0.056,0.8658984854885623,0,0.2,0.2,1,0,0
2064.8,12,0,0,26.5,1273,1377,5,1072.6,0,0,0,0.455,1.923248882265276,0,0.5,0.0,1,0,0
2691.7,16,3,0,1.86,214,950,5,754.87,0,1,1,0.292,3.5610620873959804,0,0.5,0.0,0,1,0
5673.91,8,1,0,33.7,1372,1003,1,2726.28,0,0,0,0.351,2.0804281188583493,0,0.1,0.0,0,0,1
1845.27,11,5,1,71.66,1209,2480,5,1066.76,0,1,0,0.278,1.728169251517195,0,0.5,0.0,0,0,1
6359.19,9,4,0,16.98,649,685,4,1116.99,0,0,0,0.312,5.688056243794667,0,0.4,0.0,0,1,0
454.95,9,4,0,50.31,80,1993,2,578.84,0,0,0,0.352,0.7846129966887416,0,0.2,0.0,1,0,0
1176.63,17,5,1,20.02,626,1977,1,2250.43,1,0,0,0.294,0.5226145161075406,0,0.1,0.2,0,1,0
1328.19,7,4,0,39.07,1354,2292,4,764.55,0,0,0,0.351,1.7349487296714783,0,0.4,0.0,0,0,1
5015.77,21,3,0,40.48,63,1205,5,671.26,1,0,0,0.421,7.461056734001726,0,0.5,0.2,0,0,1
4570.4,10,3,0,22.15,492,1330,3,1907.87,0,0,0,0.542,2.3942961018822655,0,0.3,0.0,0,1,0
2983.67,9,1,0,75.56,690,981,2,1564.58,0,0,0,0.194,1.9057921026073406,0,0.2,0.0,0,0,1
6371.35,15,2,0,16.25,1340,2321,3,2618.14,0,0,1,0.311,2.4326114678864057,0,0.3,0.0,0,1,0
534.91,5,1,0,31.39,228,160,1,3253.61,0,1,0,0.422,0.16435456168327386,1,0.1,0.0,1,0,0
1988.13,9,1,0,6.83,313,1532,3,1952.56,0,0,0,0.131,1.0176958987694262,0,0.3,0.0,0,1,0
743.75,11,5,1,130.9,291,773,4,1917.65,1,0,0,0.159,0.38764235269590597,0,0.4,0.2,0,0,1
10139.9,20,2,0,23.52,1446,1730,1,1561.68,0,1,0,0.301,6.488788491565771,0,0.1,0.0,1,0,0
8326.62,23,5,1,23.09,1022,792,3,1345.32,1,0,1,0.259,6.1847257709905525,1,0.3,0.2,0,1,0
1519.06,22,4,0,18.56,276,469,4,3052.14,1,0,0,0.181,0.49754023726393154,0,0.4,0.2,0,1,0
1666.24,19,2,0,47.32,766,2402,1,667.64,1,1,0,0.206,2.491983728164633,0,0.1,0.2,0,0,1
704.17,18,3,0,27.35,476,111,5,2781.91,0,0,0,0.345,0.2530336949452192,0,0.5,0.0,0,0,1
2115.82,23,2,0,41.14,1202,870,2,696.12,1,0,0,0.627,3.0350872159742943,1,0.2,0.2,1,0,0
2321.36,9,4,0,57.94,745,857,0,2431.73,0,0,0,0.269,0.9542201559564769,0,0.0,0.0,0,1,0
1023.19,0,1,0,11.68,1295,2286,3,790.77,0,0,0,0.334,1.2922818495270092,1,0.3,0.0,0,1,0
687.55,17,6,1,8.38,89,404,0,2845.32,0,0,0,0.195,0.2415575198853256,0,0.0,0.0,1,0,0
884.92,2,4,0,100.07,1142,1832,3,1412.35,0,0,0,0.078,0.6261152580747869,1,0.3,0.0,0,1,0
1950.36,19,4,0,35.89,1187,1496,1,558.5,0,0,0,0.298,3.4858981233243966,0,0.1,0.0,0,1,0
4129.37,20,3,0,91.55,637,682,3,539.26,1,0,1,0.446,7.643301373412801,0,0.3,0.2,0,0,1
4428.01,22,1,0,29.56,144,1783,6,4243.45,1,0,1,0.27,1.0432470638127438,0,0.6,0.2,1,0,0
4873.38,1,3,0,16.8,415,1698,3,1875.82,0,0,0,0.657,2.596615551837683,1,0.3,0.0,0,1,0
509.76,8,6,1,54.33,544,805,1,1013.18,1,0,0,0.069,0.5026326687570254,0,0.1,0.2,0,0,1
3229.39,16,6,1,16.57,787,2269,6,3292.4,0,0,1,0.517,0.9805641586202708,0,0.6,0.0,1,0,0
1316.74,8,4,0,9.34,99,2202,1,2053.62,0,1,0,0.282,0.6408678977134459,0,0.1,0.0,1,0,0
594.87,20,2,0,43.08,935,1889,1,1826.8,1,0,0,0.312,0.3254568333515702,0,0.1,0.2,1,0,0
1853.42,5,6,1,70.76,382,2450,3,1522.25,1,0,0,0.439,1.2167536517314952,1,0.3,0.2,0,0,1
1443.51,18,2,0,1.05,643,640,3,1866.58,0,0,1,0.083,0.7729307445999636,0,0.3,0.0,1,0,0
1509.55,12,0,0,15.08,599,2428,3,1106.48,0,0,0,0.328,1.363049445588182,0,0.3,0.0,0,1,0
623.17,21,1,0,32.35,333,373,4,1050.5,0,0,0,0.368,0.5926485972420351,0,0.4,0.0,0,1,0
2016.28,20,5,1,3.12,38,778,1,1388.51,1,0,0,0.451,1.451072680297371,0,0.1,0.2,0,0,1
819.87,1,4,0,17.3,558,1859,2,3724.05,0,0,0,0.16,0.22009637454530812,1,0.2,0.0,0,1,0
6393.04,11,3,0,36.71,949,1551,3,640.06,0,0,0,0.077,9.972607868218264,0,0.3,0.0,0,0,1
650.38,7,3,0,79.22,1059,1525,4,1330.95,0,0,0,0.211,0.48829160253763276,0,0.4,0.0,0,0,1
7700.8,22,3,0,13.39,245,333,2,1704.93,0,0,0,0.656,4.514135984477675,0,0.2,0.0,0,1,0
2066.91,22,5,1,33.98,22,632,4,1918.42,0,1,0,0.46,1.076840920694793,0,0.4,0.0,0,0,1
913.04,14,0,0,0.6,264,252,1,639.01,0,0,0,0.101,1.4266027093326665,0,0.1,0.0,1,0,0
6500.75,23,4,0,43.34,166,957,2,2094.83,0,0,0,0.2,3.101754436189958,1,0.2,0.0,1,0,0
31136.35,20,4,0,33.37,284,1341,2,3443.16,0,0,0,0.293,9.04033204032333,0,0.2,0.0,0,0,1
1347.45,16,3,0,12.44,1339,865,4,1924.21,0,0,0,0.524,0.6998976735005532,0,0.4,0.0,0,1,0
2250.25,6,2,0,8.57,365,1694,3,2438.77,0,0,0,0.159,0.9223205466089016,0,0.3,0.0,0,1,0
4149.78,4,3,0,68.89,1171,1787,5,2111.14,1,0,0,0.445,1.9647277169127046,1,0.5,0.2,0,1,0
5335.7,10,6,1,42.18,1449,1408,1,2742.88,0,0,0,0.195,1.9445821245827075,0,0.1,0.0,0,0,1
8034.69,4,5,1,74.66,572,2122,2,767.33,0,0,1,0.084,10.457342548123853,1,0.2,0.0,0,1,0
697.77,15,2,0,19.93,62,2160,2,1891.11,1,0,1,0.674,0.36877877079028176,0,0.2,0.2,1,0,0
420.46,21,3,0,67.04,1155,2436,4,1592.64,0,0,0,0.065,0.26383624909013326,0,0.4,0.0,1,0,0
1244.83,21,0,0,51.87,710,1825,1,971.36,1,0,0,0.145,1.2802151466535028,0,0.1,0.2,0,0,1
2546.82,10,6,1,52.39,96,1097,4,1280.66,1,0,0,0.438,1.9871260708768317,0,0.4,0.2,0,0,1
342.59,21,3,0,55.93,984,1502,3,515.94,1,0,1,0.578,0.6627268154911594,0,0.3,0.2,1,0,0
2922.94,0,1,0,15.35,705,1476,2,1022.17,0,0,0,0.652,2.8567491228241644,1,0.2,0.0,0,0,1
1002.24,9,0,0,9.34,430,1378,3,428.63,1,0,0,0.532,2.332797988967251,0,0.3,0.2,1,0,0
912.04,8,0,0,11.36,973,1281,2,2060.99,1,0,0,0.35,0.44231058346548724,0,0.2,0.2,0,1,0
335.36,3,4,0,16.48,631,47,4,2491.78,0,0,0,0.238,0.13453252994648546,1,0.4,0.0,1,0,0
22764.99,7,5,1,31.3,955,1424,5,2725.67,0,0,0,0.345,8.349008130796907,0,0.5,0.0,0,1,0
1732.7,4,1,0,47.27,1096,2003,3,1600.52,0,0,1,0.227,1.0819096857984916,1,0.3,0.0,0,0,1
765.14,10,5,1,3.7,72,703,8,2762.71,1,0,0,0.131,0.27685249175926563,0,0.8,0.2,1,0,0
1991.9,14,0,0,27.14,1129,394,5,2530.01,0,0,0,0.257,0.7869980758669464,0,0.5,0.0,1,0,0
677.71,21,1,0,50.76,1072,624,1,1800.93,0,0,1,0.535,0.3761022903220436,0,0.1,0.0,1,0,0
9870.61,2,3,0,21.75,538,386,3,3099.95,0,0,0,0.366,3.1830922781728184,1,0.3,0.0,0,0,1
4272.96,22,3,0,5.69,718,1522,2,790.47,0,0,0,0.399,5.398764324611166,0,0.2,0.0,1,0,0
2943.31,17,6,1,9.1,1029,520,5,1995.95,0,0,1,0.089,1.4739027016199704,0,0.5,0.0,0,1,0
2810.1,6,5,1,27.28,497,37,8,2412.37,0,0,0,0.287,1.1643883863642956,0,0.8,0.0,0,0,1
4204.69,7,3,0,37.84,312,402,3,2716.99,0,0,1,0.313,1.5469850882453577,0,0.3,0.0,1,0,0
1070.74,15,0,0,34.72,903,2249,3,3247.13,0,1,0,0.301,0.3296481360044087,0,0.3,0.0,0,1,0
1095.87,15,4,0,48.58,1499,1753,1,1609.53,0,1,0,0.19,0.6804406002992803,0,0.1,0.0,0,1,0
938.96,4,4,0,5.25,1434,1748,3,757.11,0,0,1,0.081,1.23855377188007,1,0.3,0.0,0,0,1
2229.03,16,6,1,19.7,1053,931,3,1677.55,0,0,0,0.4,1.327949718507045,0,0.3,0.0,1,0,0
1443.03,13,3,0,14.39,1034,1278,3,1762.07,0,0,1,0.104,0.818475726998928,0,0.3,0.0,0,1,0
2475.13,23,3,0,15.1,1183,1656,6,1672.84,0,1,0,0.434,1.4787136165941788,1,0.6,0.0,0,1,0
1815.63,11,1,0,42.76,329,274,4,1808.0,1,1,0,0.372,1.003665008291874,0,0.4,0.2,0,0,1
11201.98,17,4,0,61.97,246,1977,3,8242.99,1,0,0,0.235,1.3588056268869806,0,0.3,0.2,0,1,0
1840.52,16,4,0,81.53,219,2393,5,922.99,0,0,0,0.061,1.9919263195489127,0,0.5,0.0,0,0,1
751.58,15,6,1,52.67,625,538,1,2112.02,0,0,0,0.058,0.35568996034112316,0,0.1,0.0,0,0,1
2845.95,11,0,0,33.8,442,313,1,2499.99,0,0,0,0.141,1.1379293799655337,0,0.1,0.0,0,1,0
1299.79,23,5,1,10.03,686,1910,5,3554.27,0,0,0,0.5,0.36559529937248086,1,0.5,0.0,0,0,1
1186.2,19,3,0,17.33,1121,2474,7,831.09,0,0,0,0.565,1.4255669458832578,0,0.7,0.0,1,0,0
3113.23,9,4,0,8.84,740,2373,3,1422.64,1,0,0,0.424,2.186809867663173,0,0.3,0.2,0,0,1
815.21,15,2,0,31.02,1355,699,2,907.25,1,1,1,0.364,0.8975612441508396,0,0.2,0.2,0,1,0
2031.53,23,1,0,21.94,1204,1945,3,2884.62,0,0,0,0.366,0.7040185471406492,1,0.3,0.0,0,0,1
4580.7,9,2,0,25.41,1464,1058,5,5799.14,0,0,0,0.177,0.7897567989738178,0,0.5,0.0,1,0,0
1739.12,17,0,0,13.15,678,2012,1,1020.34,0,0,1,0.06,1.7027826189124091,0,0.1,0.0,0,1,0
19680.67,7,5,1,11.21,769,1078,3,750.76,0,0,0,0.275,26.179458869852077,0,0.3,0.0,0,1,0
528.86,16,2,0,20.07,723,2433,4,2774.73,0,0,0,0.204,0.19053005875931736,0,0.4,0.0,1,0,0
1788.57,18,1,0,9.0,1251,363,5,3064.31,0,0,1,0.475,0.5834874776123785,0,0.5,0.0,0,1,0
514.87,2,3,0,3.25,318,73,2,1527.37,0,0,0,0.145,0.3368752330914635,1,0.2,0.0,0,0,1
1996.77,20,4,0,30.72,1450,1517,4,3305.61,1,1,0,0.372,0.6038722437783711,0,0.4,0.2,1,0,0
1899.44,6,2,0,24.45,1400,769,2,931.88,1,0,0,0.325,2.036103250150073,0,0.2,0.2,0,1,0
1035.4,20,0,0,32.66,1285,2062,3,776.53,0,0,1,0.089,1.3316527979627797,0,0.3,0.0,1,0,0
1391.07,4,0,0,81.83,1192,1776,2,700.94,1,0,0,0.411,1.9817505769723907,1,0.2,0.2,1,0,0
10559.9,17,2,0,4.24,126,346,4,1788.38,0,0,0,0.422,5.901429545429142,0,0.4,0.0,0,0,1
3439.93,19,1,0,48.06,594,844,2,571.11,0,0,0,0.273,6.012707346489311,0,0.2,0.0,0,1,0
838.17,18,2,0,65.83,728,666,1,841.3,1,0,0,0.072,0.9950967588745103,0,0.1,0.2,0,0,1
3098.42,14,2,0,3.68,1499,744,5,1220.59,0,0,1,0.186,2.536382910796585,0,0.5,0.0,0,0,1
3520.34,16,6,1,64.31,608,730,2,2463.14,0,0,0,0.212,1.4286282435251245,0,0.2,0.0,1,0,0
2731.77,23,4,0,15.18,760,1455,4,2539.75,0,0,0,0.364,1.075182524845026,1,0.4,0.0,1,0,0
392.16,0,3,0,59.14,128,54,1,789.8,0,0,0,0.252,0.4959028831562975,1,0.1,0.0,0,0,1
2715.75,7,4,0,25.4,1161,36,9,3643.44,0,0,0,0.335,0.7451762136295288,0,0.9,0.0,1,0,0
1536.81,1,6,1,69.07,830,1003,12,524.46,0,0,1,0.302,2.9246945533437367,1,1.0,0.0,1,0,0
2900.42,21,3,0,52.72,853,841,4,3789.97,0,0,0,0.375,0.7650865082023862,0,0.4,0.0,1,0,0
943.03,4,0,0,64.23,1219,1594,6,2968.65,0,0,0,0.109,0.3175559409358005,1,0.6,0.0,0,0,1
1501.05,22,0,0,41.57,521,2047,3,2341.79,0,0,0,0.446,0.6407104349941736,0,0.3,0.0,1,0,0
1493.89,23,1,0,31.57,1315,296,3,4054.96,1,1,0,0.335,0.36831970729494373,1,0.3,0.2,0,0,1
1657.93,5,1,0,34.61,1025,1431,4,816.74,0,0,0,0.077,2.027453713894392,1,0.4,0.0,0,1,0
1024.38,15,2,0,22.73,254,681,2,1221.19,0,0,0,0.261,0.8381511876222192,0,0.2,0.0,0,0,1
2471.29,17,5,1,32.02,580,2182,5,2391.45,1,0,0,0.324,1.0329536667432966,0,0.5,0.2,0,0,1
2837.07,11,4,0,5.55,1426,1570,6,747.37,0,0,0,0.273,3.790999104720927,0,0.6,0.0,1,0,0
8624.57,18,5,1,21.24,449,685,1,2242.37,0,0,0,0.394,3.8444705955771896,0,0.1,0.0,0,1,0
813.97,23,6,1,22.09,853,791,3,1982.34,0,0,0,0.262,0.4104036625086975,1,0.3,0.0,0,0,1
2290.65,14,1,0,8.85,231,1984,1,921.25,2,1,0,0.439,2.4837625372729737,0,0.1,0.4,0,0,1
1997.8,9,1,0,5.56,959,2065,5,2987.45,0,0,0,0.132,0.6685070856129431,0,0.5,0.0,0,1,0
128.06,16,6,1,30.67,823,1573,1,502.86,0,0,0,0.607,0.25415790100424723,0,0.1,0.0,0,0,1
925.06,5,5,1,42.47,177,1734,1,1814.21,0,0,1,0.317,0.5096159672985494,1,0.1,0.0,0,1,0
226.21,17,3,0,41.86,790,1923,3,2027.36,0,0,0,0.465,0.11152359541698713,0,0.3,0.0,0,0,1
4992.7,17,5,1,20.08,144,893,5,624.33,0,0,0,0.359,7.984104392880559,0,0.5,0.0,1,0,0
459.48,6,6,1,16.88,540,1798,3,1307.1,2,0,0,0.052,0.35125754911704005,0,0.3,0.4,1,0,0
480.06,14,1,0,62.89,849,945,0,2251.94,0,0,0,0.216,0.2130815734107433,0,0.0,0.0,0,0,1
2998.11,20,5,1,103.69,839,851,1,1118.44,0,0,0,0.233,2.678223040091474,0,0.1,0.0,1,0,0
415.53,13,0,0,35.02,1097,2003,3,3706.15,1,0,0,0.175,0.1120888013703249,0,0.3,0.2,0,1,0
4580.47,19,1,0,7.76,926,2202,3,6891.38,0,0,0,0.091,0.6645701484828173,0,0.3,0.0,0,1,0
1747.16,2,1,0,30.82,384,227,3,2534.63,0,0,0,0.25,0.6890437484964289,1,0.3,0.0,1,0,0
5373.31,19,1,0,69.05,1341,1548,6,2005.97,0,0,0,0.294,2.6773245240337427,0,0.6,0.0,0,1,0
4116.61,9,6,1,13.49,1443,1176,5,572.12,0,0,0,0.717,7.182806393076493,0,0.5,0.0,0,1,0
882.42,22,2,0,14.36,341,679,4,1100.84,0,0,1,0.508,0.800860379002396,0,0.4,0.0,1,0,0
1085.44,9,2,0,50.86,1453,1337,3,1591.03,1,0,0,0.519,0.6817961973078397,0,0.3,0.2,1,0,0
2123.78,13,5,1,43.55,412,981,2,572.36,1,0,0,0.27,3.7040951583647277,0,0.2,0.2,0,1,0
1104.29,23,1,0,65.83,869,2130,6,2403.5,0,0,0,0.453,0.4592597213557912,1,0.6,0.0,0,1,0
1843.74,3,3,0,12.65,1418,2251,1,693.12,0,0,0,0.267,2.65622658906241,1,0.1,0.0,1,0,0
4301.47,19,5,1,16.56,1192,1865,4,1781.79,0,0,0,0.037,2.4127743592907747,0,0.4,0.0,0,0,1
2432.14,8,3,0,27.55,246,423,1,937.04,1,0,0,0.228,2.592789220075903,0,0.1,0.2,0,0,1
13210.6,20,1,0,12.02,1408,937,6,790.35,0,0,0,0.289,16.693751184684402,0,0.6,0.0,0,1,0
3128.45,7,1,0,27.71,576,1086,4,2334.71,0,0,0,0.2,1.3394000111315187,0,0.4,0.0,0,1,0
774.24,19,1,0,55.29,10,2026,5,886.74,0,0,0,0.431,0.8721472503210399,0,0.5,0.0,0,1,0
806.25,15,6,1,26.95,1254,642,2,1856.4,0,0,0,0.198,0.4340745127597717,0,0.2,0.0,1,0,0
697.94,4,1,0,11.84,127,121,0,1808.04,1,0,0,0.44,0.38580683677530625,1,0.0,0.2,0,0,1
1087.06,0,3,0,4.8,1352,550,6,1882.75,1,0,0,0.173,0.5770723291307233,1,0.6,0.2,0,1,0
4894.72,4,1,0,45.58,148,1055,1,2165.98,0,1,0,0.179,2.2587748848628046,1,0.1,0.0,1,0,0
3314.01,7,3,0,0.71,859,266,1,2183.05,0,0,0,0.088,1.517369107850095,0,0.1,0.0,1,0,0
183.84,5,4,0,30.78,119,426,2,1032.46,2,0,0,0.493,0.17788787180926208,1,0.2,0.4,1,0,0
2611.87,14,2,0,15.15,29,2298,3,726.42,0,0,0,0.271,3.590594154683677,0,0.3,0.0,1,0,0
2784.98,7,1,0,30.82,887,1969,4,430.94,0,1,0,0.241,6.447608464138538,0,0.4,0.0,0,0,1
9123.39,23,3,0,21.41,739,1410,2,6225.66,0,0,1,0.114,1.4652140955183035,1,0.2,0.0,0,0,1
3750.45,16,4,0,1.72,1414,2148,5,928.04,0,0,0,0.559,4.036909067424438,0,0.5,0.0,1,0,0
2032.87,21,1,0,33.89,668,1014,5,770.35,0,1,0,0.529,2.635470279380307,0,0.5,0.0,0,1,0
853.36,12,4,0,41.68,1420,710,1,2218.09,0,0,0,0.318,0.3845540289037398,0,0.1,0.0,0,0,1
3450.58,18,5,1,21.94,912,1701,5,2091.77,1,1,0,0.306,1.6488099504484486,0,0.5,0.2,0,0,1
3087.61,5,0,0,21.84,580,557,4,675.86,2,0,0,0.192,4.561667109889785,1,0.4,0.4,0,1,0
629.32,11,3,0,0.89,647,287,1,964.43,0,0,0,0.39,0.6518546140061943,0,0.1,0.0,1,0,0
11610.18,15,0,0,27.38,156,1460,4,3538.32,1,0,0,0.339,3.2803419865962953,0,0.4,0.2,0,0,1
5415.26,4,3,0,4.54,412,1276,2,1666.98,0,0,0,0.156,3.2465976810273505,1,0.2,0.0,0,0,1
920.34,15,0,0,48.38,464,181,1,3374.48,0,0,0,0.306,0.27265455579650894,0,0.1,0.0,0,0,1
200.55,0,3,0,30.31,1272,2450,2,1924.52,1,0,0,0.104,0.10415368316091238,1,0.2,0.2,1,0,0
855.77,12,3,0,17.79,682,337,1,821.74,1,0,1,0.12,1.040146340277609,0,0.1,0.2,0,0,1
377.86,19,6,1,21.38,903,1083,2,5031.69,0,0,0,0.193,0.07508111963979502,0,0.2,0.0,1,0,0
5991.73,23,1,0,29.71,128,1347,4,1614.84,0,0,1,0.378,3.708120853549856,1,0.4,0.0,1,0,0
6804.63,18,3,0,20.0,1062,1741,3,1342.83,0,0,0,0.122,5.063609236287328,0,0.3,0.0,0,0,1
5375.81,17,4,0,1.75,399,579,0,622.66,0,0,0,0.234,8.619776801462336,0,0.0,0.0,1,0,0
721.72,20,2,0,17.4,254,938,4,928.79,1,0,0,0.464,0.7762182858494929,0,0.4,0.2,0,1,0
214.82,19,1,0,29.95,971,2441,3,842.0,0,0,0,0.255,0.2548279952550415,0,0.3,0.0,0,1,0
391.88,12,4,0,26.28,766,2058,1,566.89,0,0,0,0.33,0.690063216467978,0,0.1,0.0,1,0,0
2173.79,9,4,0,80.47,664,445,4,581.97,0,0,0,0.254,3.728819664819802,0,0.4,0.0,0,1,0
2550.05,8,0,0,28.95,881,745,3,1430.1,0,0,1,0.11,1.781881070505206,0,0.3,0.0,1,0,0
2238.39,6,5,1,26.37,222,1497,2,439.15,1,0,0,0.276,5.085516301260934,0,0.2,0.2,0,1,0
816.87,11,3,0,46.31,921,1727,4,1229.3,0,0,0,0.166,0.6639600097537186,0,0.4,0.0,0,1,0
3572.19,9,3,0,15.18,1032,1447,4,331.4,0,0,0,0.22,10.746660649819496,0,0.4,0.0,1,0,0
510.8,9,1,0,4.47,212,1443,3,1357.14,0,0,0,0.207,0.37610261092376335,0,0.3,0.0,0,0,1
1500.13,10,3,0,59.2,1165,1294,5,928.64,0,1,0,0.4,1.6136676562970613,0,0.5,0.0,1,0,0
1036.74,9,1,0,45.61,315,2419,3,2764.58,0,0,0,0.036,0.37487254029896083,0,0.3,0.0,0,0,1
997.74,13,3,0,16.11,964,2034,0,2219.91,1,0,0,0.487,0.4492482811099955,0,0.0,0.2,0,0,1
1209.32,16,2,0,28.54,352,1871,2,2811.08,0,1,0,0.251,0.43004466444766865,0,0.2,0.0,1,0,0
10804.47,21,3,0,16.45,1230,1930,2,1388.39,0,0,0,0.112,7.776412670308551,0,0.2,0.0,1,0,0
1664.43,6,0,0,51.19,455,1600,5,1343.8,0,1,1,0.253,1.2376784651992863,0,0.5,0.0,0,0,1
15365.93,11,6,1,81.02,345,176,5,1476.31,0,0,0,0.083,10.40129018283231,0,0.5,0.0,0,1,0
6551.72,10,6,1,13.09,819,2279,3,1793.12,0,0,0,0.363,3.651773571444497,0,0.3,0.0,0,1,0
275.12,3,4,0,39.29,1032,538,3,1192.17,0,0,0,0.054,0.23057904573531013,1,0.3,0.0,1,0,0
1189.17,18,3,0,35.65,1411,1793,1,807.83,0,0,0,0.656,1.4702347835762768,0,0.1,0.0,0,0,1
4787.23,10,2,0,9.27,804,1947,2,2498.33,0,0,1,0.393,1.9154053286280721,0,0.2,0.0,1,0,0
1584.23,22,1,0,14.84,675,2193,4,1382.19,1,0,0,0.546,1.1453451803439874,0,0.4,0.2,1,0,0
4832.17,9,2,0,51.92,354,976,6,1231.84,1,0,0,0.484,3.919543493072905,0,0.6,0.2,0,0,1
5388.57,7,6,1,46.07,394,1763,1,1909.42,1,0,0,0.193,2.820620596518043,0,0.1,0.2,1,0,0
4056.95,8,3,0,51.28,1198,674,4,1012.16,0,0,1,0.228,4.00425401713451,0,0.4,0.0,0,0,1
523.32,0,1,0,56.76,78,1517,1,1612.26,1,0,0,0.549,0.32438664567397696,1,0.1,0.2,0,0,1
3392.93,22,2,0,27.75,500,1262,2,679.67,0,0,0,0.064,4.984691553910118,0,0.2,0.0,1,0,0
20750.85,5,0,0,10.49,731,868,7,1239.06,0,0,0,0.293,16.733746754189312,1,0.7,0.0,0,0,1
2037.46,2,4,0,19.36,392,2107,5,3240.11,0,0,0,0.178,0.6286303149229739,1,0.5,0.0,1,0,0
2332.0,6,5,1,36.64,851,239,4,1390.5,0,0,0,0.123,1.6758893280632412,0,0.4,0.0,0,1,0
303.93,19,3,0,27.94,1055,379,3,673.52,0,0,1,0.256,0.450587084148728,0,0.3,0.0,0,1,0
1267.5,14,3,0,40.67,453,784,3,1303.33,1,0,0,0.082,0.9717632807648372,0,0.3,0.2,0,1,0
660.7,16,0,0,9.66,296,793,6,267.11,2,0,0,0.163,2.464287046361568,0,0.6,0.4,1,0,0
2336.45,12,4,0,48.06,720,2378,3,978.02,1,0,0,0.273,2.386519172233458,0,0.3,0.2,0,1,0
12715.8,13,0,0,0.72,201,2489,2,3366.78,0,0,0,0.137,3.775721692034515,0,0.2,0.0,0,1,0
1724.0,23,1,0,18.75,1302,2165,4,1928.09,0,0,1,0.321,0.8936856237915287,1,0.4,0.0,1,0,0
1329.86,2,2,0,4.79,1477,1472,1,1841.84,0,0,0,0.14,0.7216361702589481,1,0.1,0.0,0,0,1
1673.45,7,6,1,43.28,310,1493,3,2922.36,0,0,0,0.412,0.5724406162771605,0,0.3,0.0,0,1,0
615.61,14,3,0,38.82,1246,34,2,664.2,0,0,0,0.232,0.9254509921828021,0,0.2,0.0,1,0,0
4178.36,6,6,1,24.94,968,793,1,1306.81,0,1,0,0.603,3.1949289269848067,0,0.1,0.0,0,1,0
834.23,8,4,0,18.0,1325,319,1,1777.99,0,0,0,0.185,0.46893462020584714,0,0.1,0.0,0,1,0
477.53,5,1,0,22.46,685,485,2,2206.75,0,0,0,0.398,0.2162971350922885,1,0.2,0.0,0,0,1
1940.72,6,2,0,93.2,1118,871,2,1672.55,1,0,0,0.088,1.159642675749156,0,0.2,0.2,1,0,0
4098.56,1,1,0,22.4,1403,1012,2,3549.39,1,0,0,0.404,1.1543971225696334,1,0.2,0.2,1,0,0
4083.97,23,3,0,31.5,1255,1625,4,6179.31,0,0,0,0.12,0.6608034224820437,1,0.4,0.0,0,0,1
1398.5,14,0,0,55.94,497,444,1,1504.22,0,0,0,0.477,0.9291000651067618,0,0.1,0.0,0,1,0
784.8,1,5,1,51.0,1466,760,2,3954.54,1,0,0,0.095,0.19840527462748447,1,0.2,0.2,1,0,0
2507.16,10,3,0,22.69,875,980,3,3318.28,0,0,0,0.101,0.7553324817430285,0,0.3,0.0,0,0,1
16458.15,0,0,0,1.93,1438,1479,1,1310.01,0,0,1,0.165,12.553794402788691,1,0.1,0.0,0,1,0
753.28,17,3,0,25.51,1041,1895,5,2532.6,0,0,0,0.037,0.2973160719924218,0,0.5,0.0,0,0,1
7357.63,6,6,1,74.43,1079,2369,4,2042.52,1,0,1,0.081,3.6004687989351707,0,0.4,0.2,0,1,0
1481.92,23,0,0,24.45,555,760,5,4425.28,0,0,0,0.126,0.33480032894439576,1,0.5,0.0,0,0,1
1989.63,16,3,0,26.43,1234,1063,4,1072.0,1,0,0,0.191,1.854268406337372,0,0.4,0.2,0,1,0
4208.23,18,0,0,63.75,870,1457,6,2916.76,0,1,0,0.639,1.4422810649265188,0,0.6,0.0,1,0,0
2730.86,15,0,0,40.42,1221,1168,2,1438.99,0,0,0,0.151,1.896443725303648,0,0.2,0.0,1,0,0
1885.21,22,1,0,27.93,25,32,4,722.2,1,0,0,0.325,2.6067616150442476,0,0.4,0.2,0,0,1
4996.53,1,4,0,71.35,1359,1026,2,1226.93,0,0,0,0.808,4.069067454985219,1,0.2,0.0,0,0,1
669.85,8,2,0,29.61,1425,2366,6,1319.72,0,0,1,0.158,0.5071854745896178,0,0.6,0.0,0,1,0
269.76,16,6,1,13.35,1296,459,3,2146.11,0,0,0,0.202,0.1256386491609652,0,0.3,0.0,0,1,0
2656.9,2,2,0,29.66,579,135,4,1886.74,1,0,0,0.076,1.407450178520347,1,0.4,0.2,0,1,0
1174.87,16,6,1,59.98,1464,1967,3,672.3,0,0,0,0.112,1.744942818951433,0,0.3,0.0,0,0,1
739.81,6,0,0,24.13,1291,1961,5,631.58,0,0,0,0.112,1.1695121565651774,0,0.5,0.0,0,1,0
2048.44,6,6,1,13.67,1067,2183,2,650.34,0,0,0,0.318,3.1449626922958824,0,0.2,0.0,0,0,1
914.16,4,2,0,98.67,1356,1302,4,1449.49,0,0,0,0.148,0.6302421940171942,1,0.4,0.0,0,0,1
1043.92,16,2,0,54.0,343,843,3,791.05,0,0,0,0.079,1.317997601161543,0,0.3,0.0,1,0,0
1728.38,20,2,0,85.14,573,347,0,537.31,0,0,0,0.382,3.2107521688246554,0,0.0,0.0,0,0,1
3807.29,11,0,0,17.02,1269,1169,4,3936.1,0,0,0,0.174,0.9670290315206624,0,0.4,0.0,0,0,1
5001.65,10,2,0,19.71,510,1133,6,678.19,0,0,0,0.28,7.364139636920449,0,0.6,0.0,1,0,0
2182.32,1,4,0,34.52,737,572,4,2440.64,0,0,0,0.228,0.8937926967120461,1,0.4,0.0,0,0,1
174.49,16,0,0,17.09,1121,2320,3,1657.32,0,0,1,0.148,0.10522094650007237,0,0.3,0.0,0,1,0
5008.23,6,4,0,35.7,964,1026,1,2012.56,1,1,0,0.493,2.487251435268877,0,0.1,0.2,0,0,1
2687.67,19,2,0,13.32,702,2089,2,1444.68,0,0,0,0.431,1.8591043661114492,0,0.2,0.0,0,0,1
1419.16,4,0,0,47.8,210,313,7,2737.91,0,0,0,0.294,0.5181477303014703,1,0.7,0.0,1,0,0
2062.5,22,3,0,24.0,1109,548,3,2376.92,0,0,0,0.434,0.8673546628986677,0,0.3,0.0,0,1,0
737.5,16,6,1,26.5,1146,1218,2,1537.27,0,0,0,0.465,0.47943468961885755,0,0.2,0.0,1,0,0
2623.7,6,5,1,16.97,901,1074,3,4068.47,0,0,0,0.173,0.6447276918124473,0,0.3,0.0,0,1,0
1723.81,5,2,0,23.59,213,1872,4,2713.15,1,1,0,0.221,0.635119650719378,1,0.4,0.2,0,0,1
5195.99,7,2,0,14.72,1130,2441,2,6196.06,0,0,0,0.436,0.8384604957834844,0,0.2,0.0,1,0,0
2768.15,22,6,1,5.11,777,1463,3,2060.81,0,0,0,0.253,1.3425824882021138,0,0.3,0.0,0,0,1
3938.91,10,4,0,12.0,555,714,4,5071.56,1,0,1,0.233,0.7765132398631065,0,0.4,0.2,1,0,0
6863.88,2,5,1,7.2,1087,2209,3,1623.76,2,0,0,0.524,4.224550087397524,1,0.3,0.4,1,0,0
1586.5,5,6,1,7.88,997,78,5,1450.19,0,0,0,0.478,1.0932407196852238,1,0.5,0.0,0,1,0
1506.96,18,4,0,16.65,1037,2050,1,713.73,0,1,0,0.31,2.1084325549508205,0,0.1,0.0,0,0,1
2529.77,1,0,0,21.35,1395,1433,3,948.74,0,1,0,0.064,2.663644786994335,1,0.3,0.0,1,0,0
1778.31,3,3,0,43.6,1382,1718,1,1789.64,0,0,0,0.274,0.9931141938078005,1,0.1,0.0,1,0,0
641.43,12,6,1,2.43,314,2488,4,3015.07,0,0,1,0.267,0.21267079344975412,0,0.4,0.0,1,0,0
1353.29,3,2,0,59.13,80,240,9,2456.34,0,0,0,0.36,0.5507133729968177,1,0.9,0.0,0,1,0
1978.38,3,5,1,1.67,92,406,1,526.03,0,1,0,0.153,3.753828055328919,1,0.1,0.0,0,0,1
870.85,14,2,0,32.65,762,1853,4,5080.09,0,0,0,0.101,0.17139039064452705,0,0.4,0.0,1,0,0
2012.18,17,6,1,10.18,603,1406,5,2023.95,0,0,1,0.387,0.9936936714486777,0,0.5,0.0,0,1,0
1725.89,5,0,0,12.49,154,595,2,1624.21,0,0,0,0.42,1.0619489173706782,1,0.2,0.0,0,0,1
3752.31,22,6,1,52.36,1143,1705,3,2967.65,2,0,0,0.307,1.2639785761204587,0,0.3,0.4,1,0,0
2189.06,20,3,0,34.04,1010,1924,4,802.65,0,0,0,0.454,2.7238972189385926,0,0.4,0.0,1,0,0
327.39,14,5,1,41.35,485,1714,3,2687.9,0,1,0,0.291,0.12175610844583286,0,0.3,0.0,0,1,0
841.03,1,6,1,18.47,834,2045,3,1823.15,0,0,0,0.37,0.4610530932215004,1,0.3,0.0,0,0,1
4946.49,22,6,1,58.89,712,1672,2,5715.8,0,0,0,0.161,0.8652550377833752,0,0.2,0.0,0,0,1
1284.75,15,0,0,6.59,1259,1455,8,2236.27,0,1,0,0.506,0.574248973078797,0,0.8,0.0,0,0,1
28555.68,12,3,0,23.2,997,546,1,1163.27,1,0,0,0.185,24.526681955216574,0,0.1,0.2,0,1,0
807.03,6,0,0,59.33,789,1503,2,8187.64,0,0,0,0.198,0.09855482717520857,0,0.2,0.0,0,1,0
3396.64,7,6,1,39.85,1498,930,3,2110.11,0,0,0,0.281,1.608935583650307,0,0.3,0.0,0,1,0
4301.06,8,2,0,35.59,364,672,1,2810.64,0,0,0,0.162,1.5297335362990996,0,0.1,0.0,0,1,0
1358.06,8,2,0,26.35,820,1941,2,2031.17,0,1,0,0.404,0.66828070486229,0,0.2,0.0,0,0,1
1826.53,1,1,0,86.67,169,642,2,5554.51,0,0,0,0.452,0.32877809598038704,1,0.2,0.0,0,0,1
943.88,5,4,0,58.53,944,582,1,1862.32,1,0,0,0.13,0.5065581864628728,1,0.1,0.2,0,0,1
2348.95,6,4,0,26.37,703,482,2,1509.81,1,0,0,0.163,1.5547620150780044,0,0.2,0.2,0,0,1
2976.89,15,6,1,22.65,49,612,3,1953.59,0,0,0,0.13,1.5230252891910836,0,0.3,0.0,0,0,1
2798.38,23,1,0,17.95,573,694,7,1475.4,0,0,0,0.242,1.8954077485776213,1,0.7,0.0,0,0,1
3698.24,10,2,0,18.92,582,253,3,2232.9,0,0,0,0.135,1.6555083038631988,0,0.3,0.0,0,1,0
3243.96,7,1,0,10.28,255,746,3,4196.3,0,1,0,0.384,0.7728682724608676,0,0.3,0.0,0,0,1
15155.26,2,3,0,12.94,864,2321,2,940.49,0,0,1,0.435,16.097101403095095,1,0.2,0.0,1,0,0
1437.51,21,0,0,30.54,1039,894,1,1536.78,0,0,0,0.33,0.9347956144572046,0,0.1,0.0,0,0,1
6244.99,8,2,0,13.22,844,1791,1,1253.8,0,0,1,0.11,4.976880777813197,0,0.1,0.0,1,0,0
912.02,6,4,0,5.68,1286,2042,3,783.13,1,0,1,0.449,1.1630979556961218,0,0.3,0.2,0,0,1
1293.39,9,3,0,81.12,1248,1934,4,3030.66,1,0,0,0.051,0.42662765613558257,0,0.4,0.2,1,0,0
3188.9,20,3,0,30.51,779,449,1,1647.18,1,0,0,0.658,1.9348008105910761,0,0.1,0.2,0,0,1
768.7,12,3,0,63.49,300,1953,4,6961.48,0,0,0,0.295,0.1104060622077191,0,0.4,0.0,0,1,0
1725.46,5,1,0,4.44,1345,882,2,2662.12,0,0,0,0.278,0.647909219261618,1,0.2,0.0,0,0,1
2077.5,22,4,0,7.78,634,1045,4,1367.7,0,0,0,0.421,1.5178636662526483,0,0.4,0.0,0,1,0
5162.2,19,0,0,13.4,921,1151,5,3394.97,0,1,0,0.203,1.5200958783499265,0,0.5,0.0,0,0,1
2879.14,21,1,0,23.02,1240,1316,3,1212.34,0,0,0,0.029,2.372904544480525,0,0.3,0.0,0,1,0
2310.64,20,2,0,2.17,1351,1592,2,1617.44,0,1,0,0.38,1.42769580583772,0,0.2,0.0,0,1,0
8584.09,6,3,0,2.84,1251,1045,1,1029.89,0,0,0,0.253,8.326872896235292,0,0.1,0.0,0,0,1
2502.3,15,3,0,15.49,494,302,5,980.4,0,0,0,0.12,2.5497248828204606,0,0.5,0.0,0,0,1
14836.97,16,3,0,12.43,947,354,4,3073.64,0,0,0,0.249,4.825595842114849,0,0.4,0.0,1,0,0
2781.4,12,4,0,15.3,409,439,3,1034.03,1,0,0,0.443,2.687265103426954,0,0.3,0.2,0,1,0
1318.75,13,4,0,49.78,1442,206,3,4009.94,0,0,0,0.335,0.3287882640976928,0,0.3,0.0,1,0,0
2713.89,14,2,0,73.36,914,816,4,2248.2,1,0,1,0.321,1.2066023475013339,0,0.4,0.2,0,0,1
2719.75,17,5,1,59.22,1322,1631,1,596.17,0,0,0,0.195,4.554398245055847,0,0.1,0.0,1,0,0
5538.67,9,3,0,16.21,855,1898,4,2405.25,0,0,0,0.275,2.3017849350649353,0,0.4,0.0,1,0,0
1414.97,3,0,0,5.52,1286,595,2,961.31,0,0,0,0.385,1.4703889598985775,1,0.2,0.0,1,0,0
76.48,3,6,1,44.9,227,762,2,459.99,0,0,0,0.517,0.16590381570099136,1,0.2,0.0,0,1,0
1586.48,5,4,0,51.58,158,2234,5,1272.11,1,0,0,0.224,1.2461452663163435,1,0.5,0.2,0,1,0
2423.82,7,5,1,59.22,1206,2066,1,836.59,1,0,0,0.521,2.8938024570493917,0,0.1,0.2,1,0,0
342.93,6,1,0,12.8,565,33,8,3014.57,0,0,0,0.48,0.11371979426775038,0,0.8,0.0,0,1,0
5556.62,10,6,1,30.04,939,236,2,1307.18,0,1,0,0.318,4.2475958965891545,0,0.2,0.0,1,0,0
451.66,16,4,0,3.56,918,646,3,2288.59,1,0,0,0.241,0.1972667595508366,0,0.3,0.2,0,0,1
2670.94,23,6,1,47.22,665,1834,3,1051.3,0,0,0,0.2,2.538192530647154,1,0.3,0.0,1,0,0
610.45,8,1,0,27.59,909,762,4,929.68,0,0,0,0.615,0.6559182533201531,0,0.4,0.0,1,0,0
982.27,1,5,1,21.83,395,1036,3,1756.52,1,1,0,0.295,0.5588954890982748,1,0.3,0.2,0,1,0
2254.7,6,0,0,7.88,631,991,3,524.39,0,0,0,0.188,4.291478711052742,0,0.3,0.0,1,0,0
319.14,14,2,0,79.3,1199,1668,2,1711.37,1,0,0,0.105,0.18637327213160707,0,0.2,0.2,0,1,0
2200.1,1,0,0,41.77,774,708,3,1458.25,0,0,0,0.216,1.5076923076923077,1,0.3,0.0,0,0,1
4522.29,11,0,0,18.6,860,924,0,1603.01,0,0,0,0.201,2.8193652159275815,0,0.0,0.0,0,1,0
502.0,0,6,1,41.68,544,781,3,5130.69,0,0,0,0.568,0.09782352402424933,1,0.3,0.0,1,0,0
597.06,5,4,0,19.92,935,1150,4,553.2,0,0,0,0.152,1.077336701551786,1,0.4,0.0,0,0,1
1763.53,8,3,0,70.18,558,1930,4,863.13,0,0,0,0.284,2.040815618020437,0,0.4,0.0,0,0,1
9650.51,15,5,1,28.28,638,1920,4,908.58,1,0,0,0.181,10.609852899140263,0,0.4,0.2,1,0,0
1748.55,19,6,1,38.34,380,629,4,2541.59,1,0,0,0.149,0.6877042700553372,0,0.4,0.2,1,0,0
2681.56,9,2,0,6.05,259,2457,2,1469.7,0,0,0,0.516,1.823322227510709,0,0.2,0.0,0,1,0
336.21,16,6,1,11.96,956,453,3,788.81,0,0,0,0.169,0.4256846583355491,0,0.3,0.0,1,0,0
4215.81,12,6,1,72.11,359,1426,5,2426.22,1,0,0,0.08,1.736888291955406,0,0.5,0.2,1,0,0
2507.18,19,5,1,77.44,118,2350,7,2190.52,2,0,0,0.422,1.1440370154048332,0,0.7,0.4,0,1,0
246.35,17,3,0,32.76,475,1750,2,522.93,0,1,0,0.147,0.4701964002824805,0,0.2,0.0,0,1,0
1928.56,9,2,0,6.61,507,109,2,1555.42,2,0,0,0.181,1.2390999858649978,0,0.2,0.4,0,1,0
5888.82,4,1,0,95.42,834,227,2,2069.1,0,0,0,0.641,2.8447031544369836,1,0.2,0.0,0,1,0
2641.18,14,1,0,28.86,57,1408,3,636.52,0,0,0,0.56,4.142897477726189,0,0.3,0.0,1,0,0
13028.69,12,0,0,39.64,170,1625,3,1548.37,0,0,0,0.373,8.40902431310791,0,0.3,0.0,1,0,0
1539.27,6,5,1,99.58,1200,1741,1,545.36,1,1,0,0.133,2.8173182517021744,0,0.1,0.2,0,1,0
4525.02,23,0,0,42.43,63,1764,4,2453.98,0,0,0,0.671,1.843200351937694,1,0.4,0.0,0,0,1
928.48,15,2,0,35.09,992,1129,2,1470.41,0,0,0,0.09,0.6310137894944305,0,0.2,0.0,0,1,0
3270.44,13,0,0,49.24,698,362,3,4031.63,1,0,0,0.279,0.8109943138844873,0,0.3,0.2,0,1,0
5220.08,4,4,0,45.85,1210,2481,3,1518.08,1,0,0,0.448,3.4363430497406324,1,0.3,0.2,1,0,0
1121.36,17,3,0,20.79,167,2332,1,1485.85,1,0,1,0.281,0.7541850220264317,0,0.1,0.2,0,1,0
3458.4,15,6,1,42.25,713,1190,4,8489.86,0,0,0,0.14,0.4073085647390252,0,0.4,0.0,0,1,0
1922.64,23,1,0,29.53,1170,1013,1,939.0,0,0,0,0.07,2.0453617021276598,1,0.1,0.0,0,0,1
2409.25,20,5,1,45.59,1393,380,1,2298.03,1,0,0,0.274,1.0479419581301679,0,0.1,0.2,1,0,0
2303.51,11,3,0,16.21,1353,679,1,1293.4,1,0,0,0.387,1.7795967243510507,0,0.1,0.2,0,0,1
696.94,4,4,0,4.13,1062,1031,3,1274.72,0,0,0,0.41,0.5463111027498198,1,0.3,0.0,0,0,1
1294.29,8,5,1,33.03,1201,149,3,1318.58,0,0,0,0.367,0.9808348110762516,0,0.3,0.0,0,1,0
2122.66,6,6,1,8.37,1066,148,6,1286.4,0,0,0,0.245,1.6487960229920768,0,0.6,0.0,0,0,1
1934.88,0,2,0,48.89,1080,2312,1,793.6,1,0,0,0.137,2.435036496350365,1,0.1,0.2,0,1,0
1727.27,1,4,0,45.15,846,1273,4,1931.86,0,0,0,0.398,0.8936343035708743,1,0.4,0.0,1,0,0
1672.79,4,1,0,16.8,1302,1011,1,1733.08,1,0,0,0.345,0.9646556098911239,1,0.1,0.2,1,0,0
1756.55,14,5,1,33.89,375,2078,5,2136.12,1,0,0,0.199,0.8219238975817923,0,0.5,0.2,0,0,1
3680.48,22,1,0,29.02,1479,1309,0,1179.15,1,0,0,0.352,3.118654408337923,0,0.0,0.2,0,1,0
274.17,16,3,0,74.84,1301,2224,2,3136.35,2,0,0,0.232,0.08738903851976988,0,0.2,0.4,1,0,0
3549.92,19,0,0,0.5,1475,1972,3,649.81,0,0,0,0.345,5.454618091301609,0,0.3,0.0,0,1,0
7785.45,19,2,0,44.0,1483,2036,2,1496.58,2,0,0,0.489,5.198687215374137,0,0.2,0.4,1,0,0
4957.09,12,3,0,92.15,278,791,3,3291.46,0,0,0,0.165,1.5055885265120912,0,0.3,0.0,1,0,0
1715.51,16,6,1,19.57,417,242,5,487.7,0,0,0,0.358,3.510354000409249,0,0.5,0.0,0,1,0
4074.54,1,2,0,16.7,38,1381,2,3512.2,0,0,0,0.722,1.1597802573152682,1,0.2,0.0,1,0,0
1275.47,22,1,0,32.2,1075,1085,4,1131.31,0,0,0,0.139,1.1264318075438706,0,0.4,0.0,0,1,0
4266.2,15,6,1,21.59,1140,916,5,1040.66,0,0,1,0.209,4.095578211700555,0,0.5,0.0,0,0,1
1606.41,18,3,0,26.41,1175,1150,4,571.37,0,0,0,0.575,2.8065936369830706,0,0.4,0.0,1,0,0
9278.81,6,3,0,40.27,1390,400,6,516.08,0,0,0,0.25,17.944631391660863,0,0.6,0.0,0,0,1
2100.46,6,4,0,55.52,763,1801,3,2924.42,0,0,0,0.327,0.718002885055821,0,0.3,0.0,0,0,1
1700.73,19,2,0,14.3,1439,765,2,1980.54,1,0,0,0.332,0.8582869889076173,0,0.2,0.2,0,0,1
4515.41,10,3,0,56.68,542,460,4,3182.11,0,0,0,0.404,1.418552924655447,0,0.4,0.0,0,0,1
1886.92,9,4,0,49.85,413,1651,1,1548.9,0,0,0,0.366,1.2174462868572167,0,0.1,0.0,1,0,0
33247.82,16,2,0,2.82,467,849,5,1612.07,0,0,0,0.127,20.611517169124713,0,0.5,0.0,0,1,0
623.72,15,6,1,37.16,704,1778,3,3834.78,0,1,0,0.151,0.1626057803106539,0,0.3,0.0,0,1,0
3385.44,20,3,0,50.87,898,347,2,3481.39,1,0,1,0.304,0.9721599246494506,0,0.2,0.2,0,0,1
695.21,21,0,0,44.74,1369,227,3,2549.21,0,0,0,0.329,0.2726089224024688,0,0.3,0.0,0,0,1
714.25,21,2,0,1.42,412,1186,5,2153.04,0,0,0,0.474,0.3315862286679913,0,0.5,0.0,0,0,1
11780.3,18,2,0,10.75,205,1360,1,2330.49,0,0,0,0.317,5.052691626384844,0,0.1,0.0,0,0,1
7131.68,12,2,0,15.01,66,1164,4,6362.26,0,0,0,0.28,1.1207588563095017,0,0.4,0.0,0,1,0
3614.82,15,0,0,58.25,1348,306,3,2076.52,0,1,0,0.208,1.7399688089645347,0,0.3,0.0,0,1,0
1944.67,1,5,1,18.84,594,2090,3,1179.91,0,0,0,0.262,1.646755468240594,1,0.3,0.0,0,1,0
3631.78,20,1,0,30.21,1243,2098,1,1596.67,1,0,0,0.406,2.2731728079015068,0,0.1,0.2,0,0,1
2382.45,21,2,0,40.87,1098,1239,3,1427.61,1,0,0,0.26,1.6676699729107314,0,0.3,0.2,0,1,0
1401.71,4,0,0,28.42,201,2217,6,2364.93,1,0,0,0.211,0.5924562434222483,1,0.6,0.2,1,0,0
10593.53,14,5,1,96.29,1073,1386,0,1380.33,0,0,0,0.357,7.669079799902993,0,0.0,0.0,1,0,0
1734.6,15,6,1,41.09,445,2113,1,552.05,0,0,0,0.108,3.1364252780037973,0,0.1,0.0,1,0,0
3081.41,15,3,0,19.1,1237,2352,1,988.63,0,0,0,0.468,3.113699059244364,0,0.1,0.0,1,0,0
2822.08,11,3,0,76.88,41,436,2,2236.8,0,0,1,0.11,1.2610957190097416,0,0.2,0.0,0,0,1
262.23,20,3,0,41.25,598,1360,1,1153.63,0,0,0,0.392,0.2271117154413102,0,0.1,0.0,1,0,0
1591.1,6,0,0,9.9,110,339,1,3111.94,0,0,1,0.192,0.5111245317930959,0,0.1,0.0,0,0,1
5290.8,4,1,0,9.71,1481,146,1,1720.65,0,1,1,0.24,3.073098481108239,1,0.1,0.0,1,0,0
2555.19,10,1,0,6.46,1093,417,7,1031.57,1,0,0,0.352,2.4745925215723874,0,0.7,0.2,1,0,0
475.72,3,1,0,25.29,649,1145,5,2057.25,0,0,1,0.404,0.23112838576460587,1,0.5,0.0,0,1,0
1811.18,11,1,0,30.0,1407,266,2,1010.26,0,1,0,0.168,1.791013191464114,0,0.2,0.0,0,0,1
652.69,9,6,1,43.0,925,1635,3,697.43,1,0,0,0.3,0.9345102587231363,0,0.3,0.2,0,1,0
3818.93,5,4,0,2.03,579,190,3,692.75,1,0,0,0.239,5.504763963963963,1,0.3,0.2,1,0,0
4886.5,20,4,0,82.86,1440,1788,1,652.93,1,0,0,0.217,7.4725123484164975,0,0.1,0.2,1,0,0
634.59,6,0,0,22.47,987,2396,1,3590.64,0,0,0,0.419,0.1766853025358889,0,0.1,0.0,0,1,0
797.88,14,2,0,12.75,892,782,3,1107.95,0,0,0,0.494,0.7194914107939943,0,0.3,0.0,1,0,0
2558.58,9,0,0,20.48,455,2458,4,2489.01,0,0,0,0.313,1.0275380420158955,0,0.4,0.0,1,0,0
3169.5,4,4,0,5.99,360,1421,4,1329.33,1,0,0,0.174,2.3824915622439544,1,0.4,0.2,0,0,1
12176.49,16,0,0,9.43,338,301,0,938.08,0,0,0,0.115,12.966403288324743,0,0.0,0.0,0,1,0
4022.77,19,5,1,1.45,1383,492,2,788.55,1,0,0,0.069,5.095016148438985,0,0.2,0.2,0,0,1
4832.17,18,5,1,89.27,1107,2394,4,899.91,1,0,0,0.31,5.363654527089277,0,0.4,0.2,0,0,1
501.07,12,2,0,49.09,45,2347,3,12226.33,0,0,1,0.269,0.04097951065359322,0,0.3,0.0,0,0,1
1924.15,5,5,1,24.57,1197,486,4,7354.71,0,0,1,0.239,0.2615858972145449,1,0.4,0.0,0,0,1
584.9,18,1,0,22.59,570,911,1,1075.7,0,0,1,0.211,0.5432339556050896,0,0.1,0.0,1,0,0
17426.29,22,2,0,14.02,761,366,5,1878.11,0,0,0,0.212,9.27369339740622,0,0.5,0.0,0,1,0
2714.16,17,0,0,53.27,739,198,5,1390.33,0,1,0,0.196,1.9507665327420525,0,0.5,0.0,1,0,0
821.1,21,1,0,79.78,444,1955,3,2941.34,0,0,0,0.461,0.2790636024388752,0,0.3,0.0,0,0,1
4895.37,23,2,0,9.81,555,1096,6,6915.09,1,0,1,0.377,0.7078233510552928,1,0.6,0.2,0,1,0
504.91,19,1,0,20.71,825,1014,4,713.49,0,1,0,0.545,0.7066718918389341,0,0.4,0.0,0,0,1
475.57,2,5,1,32.9,1116,613,3,2119.24,0,0,0,0.23,0.2243000792363129,1,0.3,0.0,0,1,0
1623.84,18,4,0,58.49,106,2152,5,2804.35,0,0,1,0.591,0.5788368652752776,0,0.5,0.0,0,1,0
1031.94,4,1,0,51.89,204,1990,2,347.55,1,0,0,0.304,2.960665614689428,1,0.2,0.2,0,1,0
4139.04,2,3,0,12.75,1479,2141,7,3058.81,0,0,0,0.121,1.3527114428673677,1,0.7,0.0,0,0,1
1281.37,9,1,0,2.51,477,409,2,600.17,0,0,0,0.357,2.1314603190445296,0,0.2,0.0,0,1,0
6024.58,23,2,0,31.67,254,604,1,1086.08,1,0,0,0.639,5.541984030614122,1,0.1,0.2,0,1,0
12660.08,10,3,0,39.23,1104,503,5,3290.95,0,0,0,0.401,3.8457692249274746,0,0.5,0.0,1,0,0
8336.17,6,5,1,0.4,963,497,2,1444.26,0,0,0,0.509,5.76793794888117,0,0.2,0.0,0,1,0
436.08,21,4,0,32.57,876,1793,2,1175.75,2,0,0,0.218,0.3705799872530274,0,0.2,0.4,0,1,0
622.57,7,1,0,58.82,874,2279,3,538.29,0,1,0,0.241,1.1544252628455935,0,0.3,0.0,0,0,1
894.61,1,5,1,0.22,951,1454,6,1916.02,0,0,0,0.251,0.46666701442864444,1,0.6,0.0,1,0,0
2455.25,15,3,0,6.01,1279,2153,4,641.34,0,0,0,0.445,3.8223526481302734,0,0.4,0.0,0,0,1
1420.38,17,6,1,11.35,391,1086,4,1266.79,1,0,0,0.571,1.1203590500003946,0,0.4,0.2,1,0,0
3723.61,19,5,1,29.72,1086,1297,1,730.49,0,0,0,0.28,5.090445528988776,0,0.1,0.0,1,0,0
854.35,9,2,0,50.61,48,1920,7,555.95,0,0,0,0.711,1.5339797109255766,0,0.7,0.0,0,0,1
1057.51,7,0,0,64.81,748,2488,3,368.51,0,0,0,0.393,2.8619252523612353,0,0.3,0.0,0,0,1
2048.29,16,1,0,32.6,94,1398,3,685.32,0,0,0,0.47,2.9844533162373232,0,0.3,0.0,0,0,1
633.46,1,5,1,26.79,887,1211,0,2104.39,0,0,0,0.377,0.30087537225882144,1,0.0,0.0,0,0,1
1519.49,6,3,0,20.64,1068,662,4,3149.53,0,1,0,0.153,0.4822966294559963,0,0.4,0.0,0,0,1
1041.62,2,1,0,56.4,1258,2325,6,8178.14,1,0,0,0.441,0.12735079727208481,1,0.6,0.2,0,0,1
525.93,22,4,0,60.57,1134,911,4,580.42,1,0,0,0.28,0.904561246603144,0,0.4,0.2,1,0,0
1117.28,16,5,1,15.57,1134,1328,3,1532.79,0,0,1,0.262,0.7284439199629675,0,0.3,0.0,0,1,0
1178.64,22,4,0,14.71,1239,1605,1,1745.86,0,0,0,0.137,0.6747192104690704,0,0.1,0.0,1,0,0
1904.17,3,6,1,109.13,590,1862,2,1769.85,0,0,0,0.14,1.0752858796623093,1,0.2,0.0,1,0,0
3398.26,0,6,1,8.1,696,1557,6,935.26,0,1,0,0.223,3.62961143272168,1,0.6,0.0,0,1,0
198.94,17,3,0,29.5,1312,541,4,1574.52,1,0,0,0.501,0.1262694221590332,0,0.4,0.2,0,1,0
1323.01,11,1,0,50.57,1002,559,4,813.51,0,0,0,0.246,1.624301727418939,0,0.4,0.0,0,0,1
685.19,11,4,0,30.65,904,666,2,355.38,0,0,0,0.143,1.9226387563836356,0,0.2,0.0,0,0,1
6417.39,0,1,0,36.32,1143,1920,3,1383.56,0,0,0,0.06,4.634967065349281,1,0.3,0.0,0,0,1
1341.65,19,0,0,6.67,222,1788,5,856.68,0,0,0,0.33,1.5642780524204833,0,0.5,0.0,0,0,1
5342.89,21,0,0,35.77,596,351,1,3430.37,2,1,1,0.228,1.557071956682025,0,0.1,0.4,0,1,0
3994.81,6,1,0,41.23,1401,2369,4,1002.67,1,0,0,0.371,3.980202656251557,0,0.4,0.2,1,0,0
526.06,2,1,0,20.08,246,1092,8,3008.62,0,0,0,0.561,0.17479283098862977,1,0.8,0.0,0,1,0
5703.18,15,4,0,48.72,400,1099,4,872.78,1,0,0,0.354,6.527020531483898,0,0.4,0.2,1,0,0
945.86,5,4,0,20.88,1462,1493,3,461.25,1,0,0,0.269,2.0462087614926987,1,0.3,0.2,0,0,1
3129.91,22,2,0,19.8,804,2283,2,3644.38,0,0,0,0.337,0.8585963603245752,0,0.2,0.0,0,1,0
1330.62,7,2,0,40.54,652,2062,6,1198.46,0,0,0,0.445,1.1093492071432143,0,0.6,0.0,0,1,0
624.86,21,2,0,29.13,559,1744,2,718.0,1,1,0,0.319,0.8690681502086232,0,0.2,0.2,0,0,1
4319.2,3,0,0,15.91,993,281,4,920.8,0,0,1,0.06,4.685615100889564,1,0.4,0.0,0,0,1
3923.16,20,6,1,26.95,44,814,4,674.88,1,1,0,0.395,5.804521512694561,0,0.4,0.2,1,0,0
1178.14,16,1,0,49.58,638,443,5,966.53,0,0,0,0.476,1.2176780048163882,0,0.5,0.0,0,1,0
1181.42,0,2,0,39.76,849,1712,4,847.77,1,0,0,0.435,1.3919200725756096,1,0.4,0.2,1,0,0
13688.7,21,0,0,71.69,126,1221,1,1363.88,0,0,0,0.072,10.029233339194654,0,0.1,0.0,0,1,0
277.32,11,2,0,24.65,659,57,5,1637.1,0,0,1,0.476,0.1692936939136805,0,0.5,0.0,0,1,0
549.28,8,2,0,107.76,260,1680,3,843.97,0,1,0,0.282,0.6500585819614897,0,0.3,0.0,0,0,1
4146.26,23,5,1,2.53,68,346,4,2436.82,0,0,0,0.563,1.7008064582290734,1,0.4,0.0,1,0,0
7817.24,7,3,0,14.66,127,378,1,2159.73,0,0,0,0.234,3.617869886566114,0,0.1,0.0,0,0,1
7688.48,3,0,0,17.0,751,886,3,1913.37,2,0,0,0.25,4.016193316861422,1,0.3,0.4,0,0,1
1343.4,20,3,0,0.7,857,467,5,1336.38,0,1,0,0.363,1.0045013384378412,0,0.5,0.0,1,0,0
1108.57,12,3,0,78.15,922,1827,5,705.9,0,0,0,0.413,1.5682133257886546,0,0.5,0.0,0,0,1
626.74,21,4,0,51.0,1329,336,3,1521.7,1,0,0,0.522,0.4115978196624417,0,0.3,0.2,0,0,1
1295.91,0,2,0,12.14,971,2139,2,1980.96,1,0,0,0.404,0.6538527518214293,1,0.2,0.2,0,0,1
1064.05,10,3,0,13.45,668,878,2,822.18,0,0,0,0.448,1.2926091498821644,0,0.2,0.0,0,1,0
2989.89,2,4,0,41.41,438,1069,3,2313.52,0,1,0,0.2,1.291797003266336,1,0.3,0.0,1,0,0
2390.07,15,4,0,14.31,711,2296,1,2878.84,0,0,0,0.196,0.8299315239735541,0,0.1,0.0,0,0,1
982.77,16,0,0,2.95,23,2142,2,1215.57,0,1,0,0.157,0.807820347370065,0,0.2,0.0,1,0,0
1883.55,6,0,0,6.12,1165,2458,3,1766.45,0,0,1,0.053,1.0656878553848765,0,0.3,0.0,1,0,0
3517.37,2,0,0,109.89,279,1743,4,803.17,0,1,0,0.169,4.373913476006317,1,0.4,0.0,1,0,0
241.7,11,1,0,70.84,417,914,1,1277.64,0,0,0,0.322,0.1890289682787962,0,0.1,0.0,0,1,0
2796.61,10,4,0,47.41,424,2087,4,1957.83,0,0,0,0.347,1.4276940826922195,0,0.4,0.0,0,0,1
786.02,12,5,1,22.36,183,2113,1,945.03,0,0,0,0.231,0.830861600583491,0,0.1,0.0,0,0,1
1143.51,23,0,0,28.35,1428,1890,6,1269.76,0,0,0,0.357,0.8998630740659133,1,0.6,0.0,1,0,0
1276.38,4,3,0,17.33,126,966,3,462.53,0,0,0,0.11,2.7536081807002786,1,0.3,0.0,1,0,0
1233.11,20,6,1,70.33,314,1497,6,597.75,0,0,0,0.19,2.059473903966597,0,0.6,0.0,0,0,1
959.95,13,0,0,9.74,597,1219,5,1296.51,0,0,0,0.273,0.7398401553745251,0,0.5,0.0,0,1,0
1166.54,21,0,0,41.4,623,836,1,1728.45,0,0,0,0.353,0.6745150192257654,0,0.1,0.0,1,0,0
1186.85,9,2,0,3.01,729,198,4,598.21,0,0,0,0.287,1.9806912434705692,0,0.4,0.0,0,1,0
2324.04,20,5,1,18.17,208,2215,6,5523.0,1,0,0,0.577,0.4207168718320058,0,0.6,0.2,0,0,1
1340.59,8,3,0,10.53,951,2236,3,1160.63,1,0,0,0.122,1.1540593820751872,0,0.3,0.2,0,0,1
2389.72,21,5,1,2.55,27,1300,6,2961.48,0,0,0,0.233,0.8066619859037022,0,0.6,0.0,0,0,1
1370.31,5,5,1,42.71,289,2258,2,1502.02,1,0,0,0.424,0.9117044350707243,1,0.2,0.2,0,1,0
12709.23,18,5,1,10.21,90,2195,3,983.81,0,0,0,0.037,12.905260913272611,0,0.3,0.0,1,0,0
2504.93,17,2,0,22.08,725,75,2,2979.15,0,0,0,0.635,0.8405382279415465,0,0.2,0.0,0,0,1
842.92,5,3,0,5.59,339,741,4,605.31,1,0,0,0.471,1.3902459138064687,1,0.4,0.2,0,1,0
1899.05,15,4,0,3.71,1444,1944,4,4044.64,0,0,0,0.444,0.4694065710246092,0,0.4,0.0,1,0,0
4084.9,17,6,1,14.6,1124,2306,2,1006.25,0,0,0,0.77,4.055497642094813,0,0.2,0.0,0,0,1
2796.57,7,1,0,8.9,456,1230,1,1203.99,1,0,0,0.131,2.320824239205305,0,0.1,0.2,0,0,1
7647.98,22,6,1,57.32,948,786,2,810.32,0,0,0,0.402,9.426588768919784,0,0.2,0.0,0,0,1
2392.57,15,4,0,13.43,545,2393,5,280.85,0,0,0,0.325,8.48880610253681,0,0.5,0.0,0,0,1
2770.0,11,2,0,35.08,1066,1854,1,1483.99,0,0,0,0.12,1.8653324264809863,0,0.1,0.0,0,0,1
12420.85,8,5,1,49.36,963,1413,3,1723.7,0,0,0,0.196,7.201745231054677,0,0.3,0.0,1,0,0
4989.69,14,3,0,39.31,363,1466,3,337.66,0,0,0,0.474,14.733626646193821,0,0.3,0.0,0,0,1
6200.83,20,2,0,31.99,115,890,5,2914.34,0,0,0,0.131,2.1269663229674753,0,0.5,0.0,0,1,0
1359.82,18,4,0,20.53,1059,2103,3,481.55,0,0,0,0.1,2.817987773287742,0,0.3,0.0,0,1,0
369.67,1,6,1,5.25,1143,656,2,381.55,0,0,0,0.187,0.966331198536139,1,0.2,0.0,1,0,0
2160.6,16,1,0,29.37,362,2392,3,4703.6,0,0,0,0.407,0.4592526463461293,0,0.3,0.0,1,0,0
1806.77,19,2,0,0.69,163,833,7,2539.55,0,1,0,0.703,0.7111727775481687,0,0.7,0.0,0,0,1
2072.45,7,0,0,105.11,902,2443,3,2256.35,0,0,0,0.352,0.9180897955567369,0,0.3,0.0,0,1,0
1031.16,13,1,0,64.94,1129,1594,1,3417.94,0,0,0,0.426,0.301602250990073,0,0.1,0.0,1,0,0
527.42,4,0,0,116.7,581,225,2,3626.19,0,0,0,0.024,0.1454073263325053,1,0.2,0.0,1,0,0
5897.78,20,4,0,63.31,387,1592,4,4905.42,1,0,1,0.534,1.2020536358485412,0,0.4,0.2,0,0,1
1470.62,15,4,0,19.39,823,549,2,4032.77,1,0,0,0.317,0.36457705818626246,0,0.2,0.2,0,1,0
3774.01,23,4,0,29.46,749,1591,1,2827.09,0,0,0,0.15,1.3344730896117167,1,0.1,0.0,0,0,1
2401.48,7,6,1,10.33,393,79,2,1434.19,0,0,0,0.041,1.6732836767257298,0,0.2,0.0,0,1,0
712.37,23,0,0,28.64,1298,1911,1,2026.67,0,0,0,0.174,0.3513244265585623,1,0.1,0.0,0,0,1
893.9,22,2,0,28.02,35,2433,3,3195.14,1,1,1,0.392,0.27968111534538537,0,0.3,0.2,0,0,1
4763.78,5,6,1,120.48,864,1963,1,2894.58,0,0,0,0.289,1.6451902554928546,1,0.1,0.0,0,0,1
452.73,3,4,0,24.45,1119,2094,5,977.97,0,0,0,0.191,0.46245543785815707,1,0.5,0.0,0,1,0
1130.93,5,1,0,39.2,768,400,4,1168.83,0,0,0,0.329,0.9667473051639983,1,0.4,0.0,1,0,0
821.73,4,4,0,14.05,750,1197,2,1167.53,0,0,0,0.542,0.7032168622114965,1,0.2,0.0,1,0,0
7753.74,2,3,0,50.06,930,1234,4,1296.44,0,0,0,0.535,5.976183869774324,1,0.4,0.0,0,1,0
2833.9,12,6,1,20.6,1260,845,5,979.12,0,0,0,0.277,2.8913806472676815,0,0.5,0.0,1,0,0
1537.21,18,1,0,14.86,653,2409,2,1495.03,0,0,0,0.105,1.0275261859722065,0,0.2,0.0,0,1,0
6200.73,22,6,1,30.02,1492,2245,2,1718.9,2,0,0,0.025,3.605285190999476,0,0.2,0.4,0,1,0
3368.3,20,6,1,17.4,430,2295,7,1652.86,0,0,0,0.351,2.0366294607766076,0,0.7,0.0,0,0,1
3014.22,0,4,0,20.78,1455,1830,3,2195.33,0,0,0,0.062,1.372389395036265,1,0.3,0.0,1,0,0
4789.79,21,4,0,16.3,762,1262,1,2378.65,0,0,0,0.386,2.0128128086063075,0,0.1,0.0,0,0,1
12209.98,7,1,0,40.16,1464,324,6,1468.95,1,0,0,0.422,8.306391373856252,0,0.6,0.2,1,0,0
1046.17,9,1,0,31.91,281,1956,8,1303.45,3,1,0,0.255,0.8020008432672774,0,0.8,0.6,0,1,0
711.33,6,0,0,21.66,1135,816,2,582.67,0,0,0,0.214,1.2187194818990184,0,0.2,0.0,0,0,1
2722.89,8,1,0,42.61,375,403,2,3383.4,0,0,0,0.043,0.8045414253634322,0,0.2,0.0,0,1,0
1201.67,0,4,0,27.25,159,1201,2,1873.03,0,0,0,0.541,0.6412223923843269,1,0.2,0.0,0,1,0
1907.14,20,4,0,47.45,131,1223,2,1224.16,0,1,0,0.1,1.5566456626073328,0,0.2,0.0,0,1,0
6184.15,4,2,0,3.53,1247,1960,6,1814.48,1,0,0,0.305,3.4063443276709187,1,0.6,0.2,0,0,1
4315.72,21,5,1,61.89,108,34,5,1618.96,1,0,0,0.273,2.6640904713696636,0,0.5,0.2,1,0,0
424.51,13,1,0,23.2,997,1087,0,5596.18,0,0,0,0.58,0.07584354978757159,0,0.0,0.0,0,1,0
533.08,4,3,0,48.94,367,1913,4,1516.15,0,0,0,0.26,0.351369343835481,1,0.4,0.0,0,0,1
1574.13,16,1,0,48.92,79,1786,3,6410.69,0,1,0,0.341,0.24550937428353525,0,0.3,0.0,1,0,0
421.26,21,6,1,20.08,587,1201,1,1536.43,2,1,0,0.25,0.2740027188229708,0,0.1,0.4,1,0,0
7587.63,23,5,1,18.4,806,1517,3,634.92,0,1,0,0.415,11.931736696439804,1,0.3,0.0,0,1,0
1835.86,14,2,0,29.76,682,531,3,1409.32,0,0,0,0.034,1.3017329400419764,0,0.3,0.0,0,1,0
1857.37,23,0,0,9.78,925,1652,2,2293.35,0,0,0,0.355,0.8095408285571076,1,0.2,0.0,1,0,0
1465.79,7,6,1,9.08,286,2041,3,768.84,0,0,0,0.339,1.9040190169385844,0,0.3,0.0,0,1,0
517.2,14,3,0,79.78,929,857,3,5469.32,0,0,0,0.113,0.09454657131575485,0,0.3,0.0,0,0,1
4555.37,12,3,0,47.27,569,689,2,2827.4,0,0,0,0.288,1.6105819544618865,0,0.2,0.0,1,0,0
2846.7,8,6,1,0.68,178,774,1,3881.6,0,0,0,0.084,0.7331942512749189,0,0.1,0.0,0,1,0
10401.89,10,0,0,32.94,786,1731,2,1366.02,0,0,0,0.631,7.6091717751020465,0,0.2,0.0,0,1,0
1671.85,11,3,0,61.22,1298,2352,3,1247.21,0,1,0,0.104,1.339398017961721,0,0.3,0.0,1,0,0
222.5,9,3,0,40.54,595,920,3,617.96,0,0,1,0.271,0.3594739563138167,0,0.3,0.0,0,0,1
1667.85,22,6,1,4.79,1087,2345,2,904.47,0,0,0,0.329,1.8419715727743602,0,0.2,0.0,0,1,0
1078.75,14,4,0,23.25,1050,1916,1,1527.7,0,0,0,0.215,0.7056649440701249,0,0.1,0.0,0,0,1
1238.26,15,3,0,62.2,833,399,6,2749.89,0,0,0,0.506,0.45013068497831615,0,0.6,0.0,1,0,0
2362.05,20,6,1,35.39,1068,1647,4,2671.1,0,0,0,0.412,0.883967665880768,0,0.4,0.0,0,1,0
703.32,5,0,0,11.58,506,548,2,1731.06,0,0,1,0.284,0.4060598362643327,1,0.2,0.0,1,0,0
2932.14,20,2,0,68.33,1215,1665,2,871.62,0,0,0,0.197,3.360156769269556,0,0.2,0.0,0,1,0
951.9,4,2,0,8.99,1248,2157,5,1911.27,0,0,0,0.053,0.49778535457858986,1,0.5,0.0,0,1,0
1116.79,3,6,1,0.17,1276,2390,2,1504.05,0,0,0,0.347,0.7420285040364107,1,0.2,0.0,0,0,1
472.22,14,5,1,26.65,1482,1011,1,1594.29,1,0,0,0.313,0.2960088761291051,0,0.1,0.2,0,0,1
2356.64,3,2,0,15.99,833,1248,2,711.64,0,0,0,0.443,3.3069151324651997,1,0.2,0.0,0,0,1
3156.81,1,4,0,2.63,538,1683,3,4081.82,1,0,0,0.465,0.773193528002704,1,0.3,0.2,0,1,0
1300.26,9,0,0,1.6,1459,512,1,1221.89,1,0,0,0.255,1.063268159850845,0,0.1,0.2,0,1,0
2090.5,22,2,0,44.87,698,1684,1,2180.25,0,0,0,0.263,0.9583954154727794,0,0.1,0.0,0,1,0
408.7,22,5,1,41.89,707,1637,2,776.8,0,0,0,0.072,0.5254564155309849,0,0.2,0.0,1,0,0
1947.9,7,6,1,18.49,1437,2324,1,879.34,1,0,0,0.304,2.21266783288275,0,0.1,0.2,0,1,0
4235.19,6,2,0,23.58,1330,1430,1,1077.65,0,0,0,0.311,3.926380197469058,0,0.1,0.0,1,0,0
1715.66,4,4,0,16.39,251,1595,1,1609.13,1,0,0,0.652,1.0655412916969438,1,0.1,0.2,1,0,0
1198.18,7,6,1,10.59,706,1969,2,1009.6,0,0,0,0.398,1.185612507421334,0,0.2,0.0,1,0,0
4059.07,9,0,0,21.74,987,97,1,1048.02,0,0,0,0.088,3.869392385273875,0,0.1,0.0,0,0,1
7854.48,16,1,0,41.71,802,1779,0,1117.68,0,0,0,0.146,7.02120356134015,0,0.0,0.0,0,1,0
94.82,10,3,0,15.95,119,2081,4,2280.42,0,0,0,0.131,0.04156183429618395,0,0.4,0.0,1,0,0
829.05,4,0,0,44.82,1004,1909,2,876.62,0,0,0,0.434,0.9446571409038079,1,0.2,0.0,0,0,1
535.89,0,4,0,20.68,1171,1853,0,3393.06,0,0,0,0.238,0.1578905499608139,1,0.0,0.0,0,1,0
9764.71,5,1,0,68.51,728,784,1,2317.68,0,0,0,0.095,4.211322821605396,1,0.1,0.0,0,0,1
879.13,1,4,0,39.71,306,2444,1,955.67,0,0,0,0.394,0.9189480176027262,1,0.1,0.0,0,0,1
1796.85,19,0,0,52.3,630,886,3,2363.68,0,1,0,0.062,0.7598702572863981,0,0.3,0.0,1,0,0
1157.22,6,5,1,22.59,1484,183,5,3013.2,1,0,0,0.106,0.38392276557627236,0,0.5,0.2,0,1,0
3003.29,3,5,1,23.93,1400,2247,3,2968.3,1,0,0,0.287,1.0114471424241402,1,0.3,0.2,0,0,1
3323.84,2,4,0,0.51,1493,169,5,5876.86,1,0,0,0.414,0.5654847172270181,1,0.5,0.2,1,0,0
2844.85,3,4,0,13.81,135,716,3,2154.43,1,1,0,0.334,1.3198526512111273,1,0.3,0.2,0,1,0
776.61,15,6,1,7.43,359,707,2,629.39,0,0,0,0.206,1.2319516489792035,0,0.2,0.0,0,0,1
2148.15,3,5,1,9.11,1032,1509,1,3686.66,0,0,0,0.356,0.5825238769300858,1,0.1,0.0,0,0,1
2462.14,11,3,0,53.42,721,972,2,2193.87,0,0,0,0.583,1.1217703098588983,0,0.2,0.0,1,0,0
610.46,3,0,0,41.36,192,1823,3,804.01,0,0,0,0.145,0.758325983528155,1,0.3,0.0,0,0,1
3255.64,13,6,1,13.21,650,1096,2,2174.69,0,0,0,0.404,1.4963712661270676,0,0.2,0.0,0,0,1
3648.55,3,6,1,10.36,382,797,2,1751.02,0,0,0,0.022,2.082481935137727,1,0.2,0.0,1,0,0
9483.93,19,4,0,20.92,274,396,1,959.52,1,0,0,0.133,9.8737454712031,0,0.1,0.2,0,0,1
16551.45,18,4,0,22.97,837,363,2,6576.29,0,0,1,0.321,2.5164543451786376,0,0.2,0.0,0,1,0
2561.71,6,0,0,19.94,165,1772,3,1739.65,0,0,0,0.25,1.471697354436561,0,0.3,0.0,0,0,1
1491.12,19,6,1,1.18,576,858,0,4364.35,0,0,0,0.121,0.34158085835041857,0,0.0,0.0,0,0,1
4548.48,2,0,0,22.34,1475,1184,4,1109.68,1,0,0,0.436,4.0952209457269415,1,0.4,0.2,0,1,0
713.06,5,2,0,39.52,947,2378,2,1027.3,0,0,0,0.449,0.693435767772051,1,0.2,0.0,0,1,0
2503.86,3,1,0,12.1,725,2413,5,1876.56,1,0,0,0.288,1.333571230746288,1,0.5,0.2,0,0,1
6107.95,16,6,1,49.5,1030,154,2,3103.85,0,0,0,0.171,1.9672286905969694,0,0.2,0.0,1,0,0
731.66,6,2,0,6.66,44,1461,6,1522.58,1,1,0,0.071,0.4802242087714462,0,0.6,0.2,1,0,0
4514.97,15,1,0,5.03,303,866,2,928.05,1,0,0,0.307,4.8597707335450195,0,0.2,0.2,1,0,0
2028.75,23,6,1,55.38,212,1766,3,818.4,0,0,0,0.164,2.4758969978032708,1,0.3,0.0,1,0,0
2873.2,11,1,0,26.79,134,1804,2,558.28,0,0,0,0.543,5.137319410670862,0,0.2,0.0,0,1,0
2616.43,3,6,1,9.21,275,1121,2,2014.98,2,0,0,0.308,1.2978452167184198,1,0.2,0.4,1,0,0
114.45,14,0,0,21.82,642,565,1,1059.07,0,1,0,0.354,0.10796456837755998,0,0.1,0.0,1,0,0
588.54,7,3,0,49.69,397,1499,1,3942.23,0,0,0,0.134,0.1492532771357491,0,0.1,0.0,1,0,0
2863.59,2,2,0,80.96,799,869,3,1836.83,0,0,0,0.263,1.558136497935065,1,0.3,0.0,0,0,1
4071.93,2,1,0,49.96,588,218,5,3638.2,1,0,0,0.197,1.1189080017586284,1,0.5,0.2,0,0,1
4189.43,9,1,0,26.84,909,2186,5,1640.71,1,0,0,0.15,2.5518696968404897,0,0.5,0.2,1,0,0
3536.74,23,3,0,17.41,475,2447,3,422.72,0,0,0,0.125,8.346880015104313,1,0.3,0.0,0,0,1
451.15,8,2,0,62.04,1381,1008,4,2976.56,0,0,0,0.264,0.15151667808541222,0,0.4,0.0,0,1,0
788.54,12,3,0,44.25,947,180,1,1811.38,0,1,0,0.47,0.4350853573753848,0,0.1,0.0,1,0,0
1714.6,9,3,0,10.1,940,597,2,2903.43,0,0,1,0.501,0.5903395847033669,0,0.2,0.0,0,1,0
3297.69,8,1,0,32.66,1205,1980,3,1658.89,1,0,0,0.349,1.9866918892215748,0,0.3,0.2,0,1,0
827.64,9,0,0,52.14,868,998,4,5876.0,0,0,0,0.191,0.1408269525267994,0,0.4,0.0,0,1,0
1618.31,6,6,1,1.56,849,1997,2,775.05,0,0,0,0.321,2.085316667740481,0,0.2,0.0,0,0,1
437.59,15,6,1,22.03,560,1406,2,1930.98,1,0,0,0.058,0.22649820391515438,0,0.2,0.2,1,0,0
491.7,5,1,0,56.24,704,2423,4,1382.16,0,0,0,0.313,0.35549032649874196,1,0.4,0.0,0,1,0
1030.91,5,3,0,66.14,400,2384,2,2005.14,0,0,1,0.276,0.5138773963930733,1,0.2,0.0,0,1,0
892.42,19,2,0,41.77,30,405,3,1862.59,0,0,0,0.216,0.4788714255818072,0,0.3,0.0,0,1,0
3953.94,14,5,1,5.42,1024,2473,2,758.57,1,0,0,0.532,5.205497847466329,0,0.2,0.2,1,0,0
4929.58,9,3,0,16.48,1479,394,4,1135.68,1,0,0,0.115,4.336823028468874,0,0.4,0.2,0,0,1
2343.76,0,4,0,12.45,1254,2493,1,1573.59,0,0,0,0.503,1.488489066995218,1,0.1,0.0,1,0,0
2020.24,18,3,0,61.45,583,1424,2,3193.73,0,0,0,0.352,0.6323664284618732,0,0.2,0.0,0,1,0
1774.66,8,0,0,22.08,1353,1442,1,2627.21,0,0,0,0.202,0.6752352361493184,0,0.1,0.0,1,0,0
3464.27,17,4,0,52.78,1486,784,4,1377.83,0,0,0,0.276,2.5124707179275183,0,0.4,0.0,0,1,0
1669.57,22,4,0,37.31,540,488,6,526.78,0,0,0,0.228,3.1633824699685476,0,0.6,0.0,0,0,1
3000.2,11,6,1,48.57,896,1446,3,2491.69,1,0,0,0.151,1.2035993244246175,0,0.3,0.2,0,0,1
4893.48,20,4,0,28.01,599,1081,6,455.49,0,0,1,0.221,10.719796709676006,0,0.6,0.0,0,1,0
3023.46,14,0,0,23.08,1183,1651,1,1158.41,0,0,0,0.278,2.60775739384687,0,0.1,0.0,0,0,1
954.69,12,6,1,54.09,1289,1711,2,755.3,0,0,0,0.123,1.262316541055137,0,0.2,0.0,0,0,1
3253.01,6,6,1,26.8,1277,584,3,272.48,0,0,0,0.251,11.894873482521573,0,0.3,0.0,0,0,1
4398.33,9,4,0,9.63,667,99,2,2531.26,0,0,0,0.224,1.7369187998072866,0,0.2,0.0,0,0,1
339.83,22,2,0,34.64,631,307,3,1805.43,0,1,0,0.276,0.18812242932192222,0,0.3,0.0,0,0,1
3379.47,18,2,0,2.92,1256,223,1,3843.14,0,0,1,0.271,0.8791225085454744,0,0.1,0.0,1,0,0
6277.4,19,4,0,22.82,127,1328,2,3854.24,0,0,0,0.047,1.6282773575704754,0,0.2,0.0,0,0,1
332.45,11,5,1,15.02,394,54,4,1823.38,1,0,0,0.39,0.18222629057542836,0,0.4,0.2,0,1,0
2334.38,22,6,1,55.34,1472,868,2,1434.35,0,0,0,0.27,1.6263489741178112,0,0.2,0.0,0,1,0
3438.12,5,2,0,57.85,726,1098,2,1588.81,0,0,0,0.149,2.1625980463074206,1,0.2,0.0,0,0,1
1285.88,0,0,0,86.25,570,2053,3,1485.2,0,1,0,0.011,0.8652132956533441,1,0.3,0.0,1,0,0
2534.83,13,1,0,0.61,1392,1283,1,1180.14,0,0,0,0.109,2.146087678005994,0,0.1,0.0,0,0,1
2230.28,15,3,0,37.39,685,2344,7,4299.3,0,0,0,0.049,0.5186335837034626,0,0.7,0.0,0,0,1
1684.95,3,4,0,16.6,899,1221,0,1222.79,0,1,0,0.583,1.3768293579780846,1,0.0,0.0,1,0,0
2364.36,19,4,0,0.63,1041,2038,5,982.69,0,0,0,0.177,2.4035620978153687,0,0.5,0.0,0,1,0
697.4,8,6,1,10.83,492,1339,8,2807.5,0,0,0,0.68,0.24831760726366386,0,0.8,0.0,1,0,0
338.29,23,1,0,22.08,1351,977,7,2908.83,0,0,0,0.159,0.11625765079059602,1,0.7,0.0,0,1,0
1809.3,3,3,0,46.46,876,352,3,3896.48,0,0,0,0.275,0.4642230364235352,1,0.3,0.0,0,1,0
3382.5,22,4,0,39.41,1240,2146,1,1664.93,0,1,0,0.199,2.0303974356665644,0,0.1,0.0,0,0,1
1847.27,1,2,0,65.89,156,346,4,1259.22,0,0,0,0.097,1.4658313627779276,1,0.4,0.0,0,1,0
7518.87,13,1,0,2.33,474,1693,2,6161.23,0,0,0,0.531,1.2201540676021505,0,0.2,0.0,0,1,0
2043.25,4,5,1,19.12,1211,1590,5,867.41,0,0,0,0.293,2.3528632788659736,1,0.5,0.0,0,0,1
1457.06,5,2,0,73.67,894,1384,1,1903.51,0,1,0,0.4,0.7650576788780316,1,0.1,0.0,0,1,0
4512.97,7,0,0,15.54,352,900,3,1610.93,1,0,0,0.138,2.7997307575390993,0,0.3,0.2,0,0,1
4869.27,6,3,0,30.27,869,2003,3,2758.3,0,0,0,0.572,1.7646758235784439,0,0.3,0.0,1,0,0
3428.92,14,1,0,1.27,271,2000,4,2311.27,0,0,0,0.331,1.4829237070065346,0,0.4,0.0,0,0,1
3793.03,8,6,1,60.02,1322,2381,4,3891.46,0,0,0,0.525,0.9744557426409006,0,0.4,0.0,0,0,1
3715.79,0,0,0,33.62,585,71,1,742.63,0,0,0,0.249,4.996826378709843,1,0.1,0.0,1,0,0
641.26,11,3,0,73.41,861,586,2,490.73,0,0,0,0.417,1.304089642690094,0,0.2,0.0,0,0,1
3329.57,1,4,0,25.05,891,2233,3,1270.92,0,1,0,0.754,2.6177511164224163,1,0.3,0.0,0,0,1
3653.29,7,4,0,59.3,810,1069,2,529.78,1,0,0,0.171,6.882870492482762,0,0.2,0.2,1,0,0
5718.19,1,3,0,12.86,752,222,3,1585.77,1,0,0,0.151,3.6036665679336006,1,0.3,0.2,0,1,0
1196.39,14,5,1,64.62,580,1172,3,499.3,0,0,0,0.248,2.3913451928842697,0,0.3,0.0,0,1,0
1860.03,5,5,1,10.03,132,2235,3,4583.64,0,1,0,0.093,0.4057090633070426,1,0.3,0.0,0,0,1
1261.78,20,1,0,40.15,130,2028,4,8259.04,1,0,0,0.143,0.1527571295054261,0,0.4,0.2,1,0,0
2030.79,12,1,0,29.78,908,1737,1,932.71,0,0,0,0.403,2.174968673356824,0,0.1,0.0,0,0,1
1272.04,5,6,1,22.56,1410,201,2,1429.72,0,0,0,0.111,0.8890908074256318,1,0.2,0.0,0,0,1
3356.13,19,3,0,5.06,1164,1569,1,524.21,1,0,0,0.066,6.390072542411606,0,0.1,0.2,0,1,0
1857.98,7,0,0,65.27,375,2297,2,1200.31,1,1,0,0.106,1.5466282641449751,0,0.2,0.2,0,0,1
567.08,16,2,0,31.63,906,132,4,3300.82,2,0,0,0.35,0.171747702782102,0,0.4,0.4,0,0,1
3399.32,0,4,0,19.44,356,1792,4,683.03,1,0,1,0.059,4.9695481192345365,1,0.4,0.2,0,0,1
2064.14,8,0,0,5.91,348,2046,1,580.55,0,0,0,0.315,3.5493766658068955,0,0.1,0.0,0,1,0
940.71,11,0,0,69.09,411,329,2,1290.06,0,0,1,0.384,0.7286338357628616,0,0.2,0.0,1,0,0
1139.57,14,4,0,20.55,718,1496,7,827.37,0,0,0,0.143,1.3756775354008475,0,0.7,0.0,0,1,0
5423.77,1,3,0,15.71,534,690,5,1352.76,2,0,0,0.5,4.006448705826735,1,0.5,0.4,0,0,1
487.34,20,4,0,90.09,1295,2242,4,1189.75,0,0,0,0.301,0.40927146756246063,0,0.4,0.0,0,0,1
753.39,16,5,1,21.98,1354,384,3,2930.63,1,1,0,0.22,0.256986727520185,0,0.3,0.2,0,0,1
7843.14,23,6,1,21.11,655,43,3,3234.42,2,1,0,0.153,2.42414895129535,1,0.3,0.4,0,1,0
3729.04,16,3,0,60.78,545,117,2,2093.34,0,0,0,0.294,1.7805322917959834,0,0.2,0.0,0,0,1
3280.72,23,6,1,29.37,193,378,3,1258.22,0,1,0,0.223,2.6053588729530976,1,0.3,0.0,0,1,0
3058.56,13,0,0,19.27,606,156,1,1854.29,0,0,0,0.101,1.6485616803841987,0,0.1,0.0,1,0,0
3856.92,2,1,0,9.34,1275,673,3,1094.89,0,0,0,0.059,3.519440819790307,1,0.3,0.0,0,0,1
9326.05,9,3,0,2.54,1048,2044,3,3199.58,0,0,1,0.229,2.9138624874241543,0,0.3,0.0,0,1,0
1984.31,5,1,0,19.68,329,1249,1,1579.4,0,0,0,0.159,1.2555745380916223,1,0.1,0.0,1,0,0
3854.68,14,2,0,9.02,1153,2377,6,6169.72,0,0,0,0.15,0.62467264760028,0,0.6,0.0,0,1,0
2133.22,17,0,0,10.49,13,414,6,1262.69,0,0,0,0.336,1.688088059571572,0,0.6,0.0,1,0,0
552.06,22,5,1,9.78,1054,1208,3,1459.72,0,0,0,0.408,0.3779369078262774,0,0.3,0.0,0,0,1
377.37,18,1,0,4.21,944,1400,4,1335.6,0,0,0,0.192,0.2823357773455035,0,0.4,0.0,0,1,0
9333.1,3,6,1,40.44,122,142,5,608.7,0,0,0,0.613,15.307692307692307,1,0.5,0.0,1,0,0
3781.86,4,4,0,8.32,1026,1414,1,2663.76,0,0,0,0.16,1.4192122367492757,1,0.1,0.0,0,0,1
737.78,0,6,1,32.88,747,232,2,1066.81,0,0,1,0.306,0.6909281613770241,1,0.2,0.0,1,0,0
3183.96,10,6,1,12.92,631,505,5,1121.74,0,0,0,0.635,2.83588364180487,0,0.5,0.0,1,0,0
1182.7,15,3,0,81.8,927,1218,1,1066.18,0,0,0,0.122,1.108247905695384,0,0.1,0.0,1,0,0
1828.34,14,2,0,43.98,1399,973,6,650.29,0,0,0,0.402,2.807259438959603,0,0.6,0.0,1,0,0
3697.35,0,0,0,27.64,50,373,5,1209.13,1,0,1,0.347,3.0553328981183836,1,0.5,0.2,1,0,0
2153.6,1,1,0,6.2,708,1723,3,1732.98,0,0,0,0.307,1.2419981776029712,1,0.3,0.0,1,0,0
2973.18,2,3,0,1.74,1110,1939,3,561.33,2,0,0,0.394,5.287251258158021,1,0.3,0.4,1,0,0
2925.2,10,5,1,16.19,15,2354,1,1415.98,0,0,0,0.141,2.0643904642267357,0,0.1,0.0,1,0,0
216.14,5,4,0,96.33,239,2403,3,570.66,2,0,0,0.129,0.37809187279151946,1,0.3,0.4,1,0,0
751.18,14,1,0,37.74,1349,2266,6,3183.54,0,0,0,0.544,0.2358833614901995,0,0.6,0.0,0,1,0
915.02,2,1,0,23.01,16,2117,5,5378.22,0,1,0,0.278,0.1701027286483914,1,0.5,0.0,1,0,0
324.11,8,1,0,11.7,116,1590,5,1328.49,1,0,1,0.038,0.24378521087033375,0,0.5,0.2,0,0,1
2536.99,2,0,0,40.81,500,1991,8,1447.25,0,0,0,0.232,1.7517624719489038,1,0.8,0.0,1,0,0
924.06,15,2,0,62.71,1112,296,4,1578.82,0,0,0,0.5,0.5849147371219506,0,0.4,0.0,1,0,0
790.45,23,2,0,17.03,702,2067,2,2342.75,0,0,0,0.578,0.3372586666666667,1,0.2,0.0,1,0,0
12902.72,17,2,0,29.11,1043,2239,2,3613.58,0,0,0,0.201,3.569631879775797,0,0.2,0.0,0,1,0
1964.79,5,5,1,20.26,1456,95,0,6849.41,1,0,0,0.319,0.28681348999548933,1,0.0,0.2,1,0,0
3505.43,8,2,0,57.72,478,1982,6,612.92,0,0,0,0.481,5.709913343758145,0,0.6,0.0,1,0,0
12539.6,23,1,0,25.95,1020,1781,0,1933.62,1,0,0,0.576,6.481686325996837,1,0.0,0.2,1,0,0
369.35,2,2,0,17.89,1190,372,5,1543.04,1,0,0,0.085,0.2392101240900495,1,0.5,0.2,0,1,0
3080.29,1,5,1,6.43,371,608,3,1497.32,0,0,1,0.102,2.055829195365476,1,0.3,0.0,0,1,0
492.74,20,6,1,72.78,655,56,2,1053.43,0,0,0,0.306,0.46730461007368906,0,0.2,0.0,0,1,0
388.41,21,1,0,23.43,698,79,5,1043.61,0,0,0,0.249,0.3718229769961996,0,0.5,0.0,0,0,1
11401.15,10,1,0,28.87,1176,2407,2,7030.01,2,0,0,0.351,1.6215522378719416,0,0.2,0.4,0,0,1
2830.73,13,6,1,58.12,1173,2326,3,1492.9,0,0,0,0.287,1.8948590936474998,0,0.3,0.0,0,0,1
23321.32,1,0,0,10.05,377,1501,2,1018.36,0,0,0,0.699,22.878394286611208,1,0.2,0.0,0,0,1
4417.19,21,2,0,35.97,501,1986,3,799.15,1,0,1,0.309,5.520452415172155,0,0.3,0.2,1,0,0
3885.77,6,1,0,1.68,1429,1007,5,4241.25,0,0,0,0.174,0.9159691201602923,0,0.5,0.0,0,1,0
4244.25,23,3,0,6.33,1250,751,6,1492.66,0,0,0,0.24,2.8415101160906766,1,0.6,0.0,0,1,0
4345.49,17,4,0,55.32,656,1427,4,979.2,0,0,0,0.105,4.4332687206692505,0,0.4,0.0,0,0,1
1581.91,0,4,0,0.96,1329,1919,2,3871.16,0,0,0,0.044,0.40853425478286026,1,0.2,0.0,1,0,0
326.12,8,1,0,66.46,492,821,3,1876.49,1,0,1,0.152,0.17369999307586192,0,0.3,0.2,1,0,0
315.06,9,3,0,26.17,998,1093,3,2943.62,0,1,0,0.158,0.10699513010167697,0,0.3,0.0,1,0,0
2076.99,22,2,0,51.9,138,504,5,2460.9,0,0,0,0.254,0.8436532759250984,0,0.5,0.0,1,0,0
1843.22,14,3,0,0.77,656,1587,2,1739.82,0,0,1,0.11,1.0588228535977298,0,0.2,0.0,0,1,0
3726.76,17,1,0,15.95,920,371,5,2285.2,1,1,1,0.451,1.6301111013909546,0,0.5,0.2,0,1,0
1991.32,17,5,1,2.24,1062,328,2,3626.78,1,0,0,0.333,0.5489086989839516,0,0.2,0.2,0,0,1
604.98,22,0,0,44.32,466,1020,2,3326.24,0,0,0,0.012,0.18182637862011758,0,0.2,0.0,0,1,0
1446.15,7,5,1,20.14,343,2122,3,1661.52,0,0,0,0.05,0.86985419724274,0,0.3,0.0,0,1,0
2596.96,2,0,0,28.91,859,210,1,3921.98,0,0,0,0.184,0.6619865510402806,1,0.1,0.0,1,0,0
3772.49,14,2,0,40.47,964,2461,1,732.71,0,0,0,0.291,5.141663600059968,0,0.1,0.0,1,0,0
310.8,19,5,1,11.0,294,983,2,1030.44,0,0,0,0.334,0.3013263010936167,0,0.2,0.0,1,0,0
1256.96,17,5,1,15.3,1160,1348,3,3056.58,1,1,0,0.067,0.4110963572498512,0,0.3,0.2,0,1,0
1728.43,0,2,0,20.77,1231,812,5,2092.69,1,0,0,0.34,0.8255424633064111,1,0.5,0.2,0,1,0
1188.01,0,1,0,37.51,881,1767,4,812.32,1,0,1,0.237,1.4606919785570254,1,0.4,0.2,0,1,0
1146.69,6,5,1,20.67,760,1413,3,2092.8,0,0,0,0.22,0.5476597573789282,0,0.3,0.0,0,0,1
1050.12,20,3,0,19.05,1354,1404,3,1813.19,1,0,1,0.369,0.5788368362740396,0,0.3,0.2,0,0,1
3194.58,4,6,1,23.88,810,1110,3,1727.1,0,0,0,0.318,1.8486082981308953,1,0.3,0.0,0,0,1
971.56,21,5,1,2.61,744,934,3,510.32,0,0,0,0.384,1.9001016975670812,0,0.3,0.0,0,0,1
1131.03,22,4,0,13.3,564,2407,4,2463.96,1,0,0,0.213,0.45884314552771643,0,0.4,0.2,1,0,0
3070.22,9,4,0,26.32,120,630,2,1793.92,0,0,0,0.336,1.7105052035745323,0,0.2,0.0,0,1,0
4297.29,11,6,1,17.26,673,1216,4,2140.93,0,0,0,0.058,2.006270046173311,0,0.4,0.0,0,1,0
719.08,19,2,0,25.35,1496,662,3,1247.87,0,0,0,0.102,0.5757845091963135,0,0.3,0.0,0,1,0
2310.99,3,2,0,6.19,1160,115,5,2161.23,0,0,0,0.351,1.068799341420663,1,0.5,0.0,0,1,0
2579.75,11,2,0,53.78,656,2109,3,1652.5,1,0,0,0.203,1.5601753855458118,0,0.3,0.2,0,1,0
5603.27,21,1,0,6.46,1243,2156,7,2854.6,0,0,0,0.14,1.962204090208713,0,0.7,0.0,0,0,1
8834.26,18,6,1,7.87,266,2473,0,675.04,1,0,0,0.169,13.067658718419029,0,0.0,0.2,0,0,1
817.19,17,4,0,95.8,1364,1683,3,2491.94,0,0,1,0.223,0.32780171203478625,0,0.3,0.0,0,1,0
1183.45,0,5,1,51.35,1284,895,3,3509.07,0,0,0,0.235,0.33715851820618964,1,0.3,0.0,0,0,1
2659.72,13,0,0,12.61,387,738,3,475.62,0,0,0,0.07,5.580378498594268,0,0.3,0.0,1,0,0
4068.81,22,6,1,26.05,228,2065,6,1541.72,1,0,0,0.128,2.6374261045426257,0,0.6,0.2,0,0,1
886.91,13,6,1,52.93,556,1088,4,2438.91,0,0,0,0.347,0.363501112745962,0,0.4,0.0,0,0,1
1175.99,19,2,0,20.92,1231,415,5,628.48,0,0,0,0.264,1.8681927940522336,0,0.5,0.0,0,1,0
243.02,20,3,0,10.6,1066,220,2,1974.24,2,0,1,0.335,0.12303315040197647,0,0.2,0.4,1,0,0
988.7,7,0,0,56.02,512,1009,4,547.07,0,0,0,0.285,1.8039666465962376,0,0.4,0.0,0,1,0
7634.49,3,3,0,35.29,832,1848,5,444.46,1,0,0,0.163,17.138441161944957,1,0.5,0.2,0,1,0
1278.98,21,2,0,1.47,394,200,3,1738.61,0,1,0,0.329,0.7352107656313772,0,0.3,0.0,1,0,0
769.73,10,3,0,24.61,1297,932,6,1614.43,0,0,0,0.385,0.47648613681806085,0,0.6,0.0,0,1,0
1217.36,10,0,0,24.8,1104,2210,3,777.25,0,1,1,0.423,1.564227433344041,0,0.3,0.0,0,1,0
2183.31,3,1,0,38.32,253,1851,5,1111.0,0,0,0,0.457,1.963408273381295,1,0.5,0.0,0,1,0
5987.52,7,2,0,42.03,838,1890,2,1079.97,0,0,0,0.224,5.539025134832604,0,0.2,0.0,1,0,0
3456.52,23,1,0,1.28,473,2270,5,1310.41,0,0,0,0.039,2.6357279569318517,1,0.5,0.0,1,0,0
3622.09,21,1,0,69.96,642,1341,3,4294.04,1,0,0,0.158,0.8433192706005067,0,0.3,0.2,1,0,0
1956.71,1,2,0,33.33,1411,563,5,1970.42,1,0,0,0.06,0.9925383733552464,1,0.5,0.2,0,1,0
1677.68,20,1,0,8.95,1318,2226,2,851.22,0,0,0,0.028,1.968599657365469,0,0.2,0.0,0,0,1
21841.56,23,4,0,0.2,287,692,3,5314.99,0,0,0,0.121,4.108653327037862,1,0.3,0.0,0,0,1
558.92,16,2,0,52.89,1072,341,2,698.74,1,1,0,0.13,0.7987538228484865,0,0.2,0.2,0,1,0
5769.2,5,2,0,9.11,274,1049,0,1126.77,0,0,0,0.354,5.115582077905956,1,0.0,0.0,0,1,0
3975.94,22,2,0,18.2,1214,1033,4,1478.33,0,0,0,0.049,2.6876626580952188,0,0.4,0.0,0,1,0
352.61,5,6,1,38.33,152,1258,4,2583.62,0,0,0,0.241,0.1364262444769444,1,0.4,0.0,0,1,0
347.86,14,5,1,55.81,689,122,1,3570.72,0,0,0,0.335,0.09739285274321616,0,0.1,0.0,0,0,1
420.52,9,5,1,49.73,374,1939,2,941.31,1,1,1,0.373,0.44626502955502967,0,0.2,0.2,1,0,0
1097.33,4,3,0,18.17,173,1431,3,1024.7,0,0,0,0.341,1.0698352344740176,1,0.3,0.0,1,0,0
3002.96,17,0,0,23.0,1287,915,2,2033.7,0,1,0,0.337,1.4758735931586966,0,0.2,0.0,0,0,1
1048.59,1,0,0,21.02,1210,1650,1,1433.03,0,0,0,0.582,0.7312190121545574,1,0.1,0.0,0,0,1
530.91,23,2,0,38.5,355,2051,4,1557.15,0,0,0,0.25,0.34073099509033145,1,0.4,0.0,0,0,1
3031.74,17,5,1,16.38,147,127,3,1127.12,0,0,0,0.384,2.68742686948197,0,0.3,0.0,0,1,0
312.46,4,1,0,16.77,780,2359,4,3989.78,1,0,0,0.346,0.07829547106079512,1,0.4,0.2,0,1,0
161.14,13,2,0,9.17,144,515,1,1670.56,1,0,0,0.424,0.09640096676158798,0,0.1,0.2,0,1,0
1712.33,15,1,0,8.8,1288,1134,3,1522.17,0,0,1,0.302,1.124188370306663,0,0.3,0.0,0,1,0
3743.5,21,6,1,65.42,283,545,1,2106.98,0,0,0,0.468,1.7758707388115638,0,0.1,0.0,0,1,0
4389.21,22,2,0,14.31,1345,705,3,1500.72,0,0,1,0.259,2.9227885358122685,0,0.3,0.0,0,1,0
4379.71,0,4,0,34.93,328,1437,2,2262.13,0,1,0,0.081,1.935244550688648,1,0.2,0.0,0,0,1
975.46,3,6,1,44.64,1424,2026,2,2715.23,0,0,0,0.162,0.3591227547004488,1,0.2,0.0,0,0,1
1155.9,0,2,0,24.69,979,174,3,334.56,0,0,0,0.437,3.4446894743115988,1,0.3,0.0,0,1,0
2227.07,2,0,0,29.64,1445,1306,6,2761.99,1,0,0,0.187,0.8060362143909316,1,0.6,0.2,1,0,0
1103.88,7,4,0,19.57,457,1015,3,1494.46,0,0,0,0.181,0.7381541465502254,0,0.3,0.0,1,0,0
389.46,1,3,0,37.21,62,2097,1,4726.35,0,0,0,0.269,0.08238442256232349,1,0.1,0.0,0,0,1
2159.52,22,0,0,9.23,307,2301,2,642.95,1,0,0,0.521,3.3535522944327973,0,0.2,0.2,0,0,1
7571.67,22,3,0,66.32,141,2468,1,1624.9,0,0,0,0.034,4.656910019066363,0,0.1,0.0,0,1,0
460.33,19,5,1,28.06,269,413,5,1152.38,0,0,0,0.339,0.3991139086857757,0,0.5,0.0,0,1,0
1336.32,14,3,0,46.13,430,721,7,651.95,0,0,0,0.557,2.046588559614059,0,0.7,0.0,0,1,0
952.38,3,0,0,13.71,1065,2151,2,1492.32,0,0,0,0.214,0.6377601585728444,1,0.2,0.0,0,0,1
1167.18,4,4,0,49.96,541,2316,2,4925.8,1,0,0,0.521,0.23690427863927904,1,0.2,0.2,0,0,1
673.56,22,1,0,19.68,325,335,1,574.15,0,1,1,0.302,1.1711031904720508,0,0.1,0.0,0,1,0
12403.92,14,5,1,118.53,773,1100,2,543.17,0,1,0,0.32,22.794200341804952,0,0.2,0.0,1,0,0
257.23,14,0,0,40.34,1291,1523,2,923.33,1,0,0,0.166,0.2782880572955546,0,0.2,0.2,1,0,0
3017.27,13,6,1,17.43,73,982,6,2236.49,0,0,1,0.278,1.3485065855042928,0,0.6,0.0,0,1,0
1205.67,11,3,0,10.03,1353,131,6,1910.07,0,0,0,0.189,0.6308874086244879,0,0.6,0.0,0,0,1
948.79,21,1,0,8.23,1017,1443,4,3476.37,1,0,0,0.744,0.2728470079399086,0,0.4,0.2,0,0,1
756.36,5,1,0,3.33,410,2038,3,2422.53,0,1,0,0.266,0.3120902155120836,1,0.3,0.0,1,0,0
2318.08,21,2,0,68.67,891,1313,1,1966.57,1,0,0,0.392,1.178143598448848,0,0.1,0.2,0,1,0
13370.55,14,3,0,2.34,156,544,3,1696.85,0,0,0,0.336,7.87498895662161,0,0.3,0.0,0,1,0
917.0,7,3,0,7.15,1064,477,3,3867.41,1,0,0,0.099,0.23704829632846572,0,0.3,0.2,1,0,0
6302.04,18,1,0,12.17,1302,1912,3,864.13,1,0,0,0.143,7.284500595286257,0,0.3,0.2,1,0,0
5411.65,6,3,0,51.44,1097,1918,2,1246.82,0,0,0,0.345,4.3368835248673685,0,0.2,0.0,1,0,0
2493.63,12,6,1,59.22,980,760,3,647.88,0,0,0,0.374,3.842975588706695,0,0.3,0.0,1,0,0
1476.36,22,2,0,8.7,1018,1588,2,2529.88,1,1,0,0.119,0.5833386015931217,0,0.2,0.2,0,0,1
1269.11,17,1,0,1.95,1388,2312,3,2678.42,1,0,0,0.412,0.47365101402542337,0,0.3,0.2,0,0,1
1208.96,19,0,0,1.6,1462,1428,5,1637.76,0,1,0,0.176,0.7377285264468256,0,0.5,0.0,0,1,0
509.91,10,5,1,10.38,1471,1272,3,2067.67,0,0,0,0.192,0.246491707232183,0,0.3,0.0,0,1,0
7311.74,21,3,0,19.32,403,1192,5,931.43,1,0,0,0.694,7.841596688223245,0,0.5,0.2,0,1,0
2451.06,21,6,1,59.19,1365,1924,4,454.04,0,0,0,0.178,5.386471518987341,0,0.4,0.0,1,0,0
1384.28,18,5,1,46.45,907,1142,3,4817.01,0,0,0,0.05,0.28731364193930686,0,0.3,0.0,1,0,0
2725.71,20,5,1,2.44,493,2373,3,2088.89,0,0,1,0.307,1.3042361081205232,0,0.3,0.0,0,1,0
432.33,2,6,1,31.93,1291,2472,4,1048.83,0,1,0,0.606,0.4118095310669347,1,0.4,0.0,0,1,0
4959.85,6,3,0,46.44,1145,1626,3,661.32,1,0,0,0.523,7.4886006764101944,0,0.3,0.2,1,0,0
1055.4,17,3,0,25.72,1066,1369,5,1450.19,1,0,0,0.449,0.72726520993116,0,0.5,0.2,1,0,0
2449.83,3,2,0,7.43,865,1647,4,537.17,1,0,0,0.365,4.55214894921679,1,0.4,0.2,0,1,0
4166.93,0,4,0,47.24,301,436,2,11948.94,2,0,0,0.167,0.34869882191877116,1,0.2,0.4,0,0,1
2498.42,4,2,0,33.37,558,2444,4,584.79,0,0,0,0.095,4.265043787022654,1,0.4,0.0,0,0,1
1620.61,2,4,0,59.46,514,1585,2,1263.41,0,0,0,0.139,1.2817124192311036,1,0.2,0.0,0,1,0
2744.54,5,6,1,3.91,883,1004,6,2125.52,0,0,0,0.078,1.2906250587814834,1,0.6,0.0,0,1,0
12863.83,7,1,0,21.14,1128,2054,3,924.78,0,0,0,0.103,13.895126271900452,0,0.3,0.0,0,0,1
2079.85,12,0,0,37.29,828,197,2,1094.6,0,0,0,0.161,1.898366192040891,0,0.2,0.0,0,1,0
617.44,9,0,0,26.54,209,1383,3,692.93,0,0,0,0.435,0.8897727436484949,0,0.3,0.0,0,1,0
5934.81,9,1,0,56.03,1336,1534,4,1062.25,2,0,0,0.193,5.581763461086292,0,0.4,0.4,0,1,0
1909.62,2,0,0,22.03,872,1314,6,7254.61,1,0,0,0.434,0.26319220575527075,1,0.6,0.2,0,0,1
1337.88,15,1,0,23.61,613,1129,5,1753.23,2,0,0,0.411,0.7626594004206975,0,0.5,0.4,1,0,0
509.47,2,1,0,18.44,623,2441,4,1572.29,0,0,0,0.442,0.3238245968638967,1,0.4,0.0,1,0,0
1342.9,1,2,0,37.17,79,2115,5,1819.04,0,0,0,0.269,0.7378409265730425,1,0.5,0.0,0,1,0
1302.59,17,5,1,0.67,279,2114,1,855.2,0,0,0,0.352,1.5213618313478157,0,0.1,0.0,0,1,0
2657.77,8,4,0,61.89,641,1170,5,2496.82,2,0,0,0.157,1.0640358392518274,0,0.5,0.4,0,1,0
4742.81,6,5,1,84.43,1025,1971,3,1851.76,1,0,0,0.122,2.5598620436537924,0,0.3,0.2,1,0,0
3101.03,13,0,0,79.76,591,1586,2,1187.91,0,0,0,0.507,2.6082966751057692,0,0.2,0.0,1,0,0
406.67,16,0,0,42.76,577,727,3,1108.42,1,0,0,0.311,0.36656090569847305,0,0.3,0.2,1,0,0
5987.26,8,2,0,11.81,817,728,1,5325.53,0,0,0,0.445,1.1240451100434994,0,0.1,0.0,1,0,0
923.62,0,3,0,11.97,885,1205,4,523.25,0,0,0,0.756,1.761793037672866,1,0.4,0.0,0,0,1
2407.79,2,6,1,4.73,371,1310,2,1501.98,0,0,0,0.058,1.6020106721313656,1,0.2,0.0,0,1,0
9637.04,0,5,1,3.23,1215,2487,0,1203.33,0,1,0,0.139,8.00199280927985,1,0.0,0.0,0,1,0
3589.61,14,3,0,5.56,1244,977,2,948.5,0,0,0,0.229,3.7805265929436547,0,0.2,0.0,0,0,1
2354.45,2,5,1,2.09,1239,2209,3,1143.01,0,1,0,0.173,2.058067674233617,1,0.3,0.0,0,0,1
2067.53,16,4,0,13.91,304,1780,4,1013.75,0,0,0,0.138,2.037477211135748,0,0.4,0.0,1,0,0
346.59,16,2,0,28.48,8,2277,6,806.33,0,0,0,0.107,0.4293040020809334,0,0.6,0.0,0,1,0
1313.37,16,3,0,41.17,1291,429,4,2594.2,0,0,0,0.201,0.5060766029593095,0,0.4,0.0,0,0,1
416.42,9,1,0,29.47,1311,1515,2,822.11,0,1,0,0.274,0.5059105101383776,0,0.2,0.0,1,0,0
5806.23,14,2,0,12.51,952,1635,1,900.53,1,1,0,0.131,6.440417956141227,0,0.1,0.2,0,1,0
13889.37,14,2,0,52.52,97,2302,5,1796.32,0,0,0,0.119,7.727822535775489,0,0.5,0.0,0,0,1
2559.89,22,5,1,52.75,224,1782,2,2775.14,0,1,0,0.443,0.9221040725611821,0,0.2,0.0,1,0,0
876.77,15,5,1,80.02,209,2499,2,3846.71,1,0,0,0.682,0.22786800460533668,0,0.2,0.2,0,0,1
1138.51,17,0,0,3.33,705,2408,6,1590.75,0,0,0,0.062,0.7152567928380713,0,0.6,0.0,0,1,0
1427.13,10,3,0,42.56,341,234,3,1559.93,0,0,0,0.355,0.9142818704234015,0,0.3,0.0,1,0,0
7220.57,6,3,0,33.39,751,810,4,905.37,0,0,0,0.108,7.966470646645409,0,0.4,0.0,0,1,0
8203.27,19,4,0,82.75,948,1194,2,814.61,2,0,0,0.158,10.057834013805618,0,0.2,0.4,1,0,0
1258.84,18,5,1,27.47,602,1633,4,426.98,0,0,0,0.391,2.9413523996448427,0,0.4,0.0,0,1,0
1829.99,11,3,0,67.38,1407,2312,2,459.42,0,0,0,0.52,3.9746101385691324,0,0.2,0.0,0,0,1
6998.68,21,1,0,15.42,539,1097,3,1305.13,1,1,0,0.411,5.3583333971350475,0,0.3,0.2,0,1,0
4131.46,0,1,0,30.8,191,2376,4,614.07,0,0,0,0.443,6.717056595184287,1,0.4,0.0,0,0,1
226.68,8,1,0,37.28,1353,1601,3,5573.33,0,1,0,0.254,0.04066497677747819,0,0.3,0.0,1,0,0
3059.94,8,5,1,2.22,1057,106,7,509.41,0,0,0,0.57,5.995062792656883,0,0.7,0.0,1,0,0
364.14,12,4,0,36.93,1072,387,1,839.97,0,0,0,0.042,0.4329999881089694,0,0.1,0.0,1,0,0
2172.58,12,5,1,32.46,751,170,3,215.55,1,0,0,0.19,10.032694527822672,0,0.3,0.2,1,0,0
497.04,11,4,0,52.0,672,1247,3,3524.37,1,0,0,0.307,0.14098945642585034,0,0.3,0.2,0,1,0
1417.82,16,2,0,30.18,439,1923,2,1707.52,0,1,0,0.25,0.8298527380422822,0,0.2,0.0,0,0,1
8612.84,15,4,0,1.69,559,1234,3,1443.29,0,0,0,0.266,5.963373006806113,0,0.3,0.0,0,0,1
770.12,17,6,1,13.48,1422,91,5,2068.03,2,0,0,0.254,0.3722130660261088,0,0.5,0.4,0,1,0
21209.08,8,1,0,31.89,427,938,3,1188.97,2,0,0,0.034,17.823205627032614,0,0.3,0.4,0,0,1
2262.5,18,3,0,34.61,189,803,5,1906.21,0,0,0,0.143,1.1862878235747505,0,0.5,0.0,0,1,0
830.03,16,1,0,57.41,199,2397,1,612.35,0,0,0,0.223,1.353273008885628,0,0.1,0.0,0,1,0
1006.63,22,2,0,11.37,338,1121,7,683.4,1,0,0,0.093,1.4708211572180012,0,0.7,0.2,0,1,0
8671.18,22,3,0,10.51,325,1330,1,1172.72,0,0,0,0.301,7.387775619398153,0,0.1,0.0,0,1,0
974.52,8,6,1,34.96,962,2191,2,1410.58,0,1,0,0.208,0.6903753241049038,0,0.2,0.0,0,1,0
5082.45,3,4,0,8.87,141,331,4,2146.21,0,0,0,0.423,2.3670018302820868,1,0.4,0.0,0,1,0
1606.96,0,4,0,45.47,1463,2431,3,2261.98,0,0,0,0.083,0.7101079108078728,1,0.3,0.0,1,0,0
2774.35,18,0,0,9.47,760,401,3,1594.5,0,1,0,0.143,1.7388592917580694,0,0.3,0.0,0,0,1
1353.17,16,3,0,45.66,355,859,3,2407.65,1,0,0,0.665,0.561796026820003,0,0.3,0.2,0,0,1
2808.28,18,0,0,20.6,1438,1959,2,3454.34,1,0,0,0.104,0.8127362285621675,0,0.2,0.2,1,0,0
1241.76,15,4,0,36.22,748,1114,2,2332.68,0,0,0,0.345,0.5321038017208872,0,0.2,0.0,0,1,0
4934.1,2,5,1,39.25,809,1000,3,2888.7,0,0,1,0.235,1.7074782849430739,1,0.3,0.0,1,0,0
168.06,19,0,0,1.66,643,1848,0,733.63,0,0,0,0.23,0.22876822345942857,0,0.0,0.0,0,0,1
2103.17,17,1,0,27.06,1422,515,1,1752.07,0,0,0,0.074,1.1997068000707332,0,0.1,0.0,0,0,1
1929.22,21,3,0,34.73,12,416,4,686.56,0,1,0,0.426,2.8058933038571183,0,0.4,0.0,0,0,1
2591.58,2,3,0,81.66,597,2495,5,2303.32,0,0,0,0.15,1.1246615053464795,1,0.5,0.0,1,0,0
1322.92,22,5,1,31.1,919,1680,3,361.55,1,0,0,0.527,3.6489311819059442,0,0.3,0.2,0,0,1
2926.42,7,3,0,67.71,221,1401,2,1311.26,0,0,0,0.178,2.2300611159373904,0,0.2,0.0,1,0,0
834.73,5,2,0,20.73,995,2413,2,1705.62,1,0,0,0.415,0.4891129835581442,1,0.2,0.2,0,0,1
1441.65,6,0,0,18.21,1446,899,5,820.64,3,0,0,0.493,1.754600554987586,0,0.5,0.6,0,1,0
376.28,22,2,0,34.05,1172,510,1,1809.02,1,0,0,0.368,0.20788720566623572,0,0.1,0.2,0,0,1
815.23,19,6,1,12.95,1123,2142,0,3263.3,0,0,0,0.019,0.2497411389884508,0,0.0,0.0,0,1,0
6416.0,0,0,0,4.32,1233,832,4,1266.27,2,0,0,0.681,5.062851641718024,1,0.4,0.4,0,0,1
302.34,17,2,0,6.61,854,1641,3,1085.32,0,0,0,0.326,0.2783157817217763,0,0.3,0.0,0,0,1
1693.41,12,2,0,48.63,226,2425,3,1388.47,0,0,1,0.314,1.2187452769761131,0,0.3,0.0,1,0,0
2363.88,22,4,0,28.26,1199,2458,0,2398.11,0,0,0,0.381,0.9853153877896387,0,0.0,0.0,0,1,0
13940.18,21,4,0,5.6,1140,849,3,1858.32,0,0,1,0.146,7.497461437514791,0,0.3,0.0,0,0,1
2699.23,21,3,0,13.45,325,1901,1,1160.31,0,0,0,0.1,2.3242975605135583,0,0.1,0.0,0,1,0
2682.77,20,1,0,41.06,297,803,2,1422.5,1,1,0,0.171,1.8846294344924481,0,0.2,0.2,1,0,0
6273.54,17,0,0,33.18,792,1637,6,1714.55,1,0,1,0.198,3.6568680598058934,0,0.6,0.2,0,1,0
418.12,15,1,0,40.16,716,2013,3,2432.01,0,0,0,0.148,0.1718529722442571,0,0.3,0.0,0,0,1
12919.27,13,0,0,18.9,891,1167,4,296.63,0,0,0,0.56,43.407149816886744,0,0.4,0.0,1,0,0
427.88,17,0,0,6.8,1275,836,1,2929.44,1,0,0,0.205,0.14601220294563275,0,0.1,0.2,1,0,0
9738.15,15,3,0,51.87,505,2406,1,1519.26,0,0,0,0.125,6.405581939931327,0,0.1,0.0,0,0,1
3865.93,6,1,0,9.86,1405,1915,2,1469.94,0,0,0,0.217,2.628203733666907,0,0.2,0.0,0,1,0
3496.2,12,3,0,7.71,376,208,3,2470.61,0,0,0,0.617,1.4145435566290796,0,0.3,0.0,0,1,0
1346.6,3,4,0,33.66,29,1541,1,4342.45,0,0,0,0.346,0.31003004524053457,1,0.1,0.0,0,0,1
808.47,4,0,0,57.63,584,135,0,3768.0,0,1,0,0.59,0.21450517378615017,1,0.0,0.0,0,0,1
761.54,3,3,0,11.44,959,571,4,579.54,2,0,0,0.023,1.311778688806973,1,0.4,0.4,1,0,0
4973.03,13,5,1,19.53,269,1378,2,1596.44,0,0,0,0.334,3.1131247495993586,0,0.2,0.0,0,1,0
9869.81,19,4,0,5.76,1069,127,2,2775.49,0,0,0,0.427,3.5547795958206225,0,0.2,0.0,0,0,1
6961.89,20,1,0,26.47,158,1505,3,2257.19,1,1,0,0.289,3.082951390272741,0,0.3,0.2,1,0,0
981.08,3,4,0,73.88,1096,2363,7,644.38,0,0,0,0.694,1.5201586662121542,1,0.7,0.0,0,1,0
314.49,12,4,0,2.59,902,49,0,2088.7,0,0,0,0.624,0.1504952864047471,0,0.0,0.0,1,0,0
387.7,10,4,0,11.16,612,505,5,923.63,1,0,0,0.407,0.4193028562776462,0,0.5,0.2,0,1,0
724.51,4,4,0,71.95,852,2206,2,1270.89,1,0,0,0.687,0.5696325940136332,1,0.2,0.2,1,0,0
1342.02,16,6,1,38.27,1469,47,2,1182.42,0,0,1,0.259,1.1340183535853712,0,0.2,0.0,0,1,0
1632.98,20,5,1,8.9,896,50,4,1399.39,0,0,0,0.593,1.166089446511329,0,0.4,0.0,0,0,1
1166.73,0,1,0,92.49,391,2434,3,2195.07,1,0,0,0.13,0.5312808790248034,1,0.3,0.2,1,0,0
1142.17,13,0,0,113.38,1179,585,1,1222.41,0,0,0,0.307,0.9335954422474886,0,0.1,0.0,1,0,0
337.4,3,4,0,9.44,1033,1187,1,7262.62,0,0,0,0.046,0.04645066784881367,1,0.1,0.0,0,1,0
5052.69,21,5,1,30.19,699,1983,7,4141.39,0,0,0,0.206,1.2197523651804874,0,0.7,0.0,1,0,0
3666.09,15,2,0,39.95,369,1445,2,5090.32,0,0,0,0.292,0.7200667017590724,0,0.2,0.0,0,1,0
2962.91,19,2,0,59.62,820,1444,3,2917.94,0,1,0,0.287,1.0150636875029977,0,0.3,0.0,0,1,0
6888.04,20,5,1,27.6,1166,1177,2,1898.22,0,0,0,0.047,3.626773096323754,0,0.2,0.0,0,1,0
1345.96,11,4,0,25.17,1472,1072,5,1403.13,0,0,0,0.156,0.9585722119746747,0,0.5,0.0,1,0,0
853.13,2,0,0,33.81,1390,316,5,1590.42,0,0,1,0.634,0.5360809842781917,1,0.5,0.0,0,0,1
1128.95,22,0,0,49.52,1271,1294,4,967.9,0,0,1,0.11,1.1651873258334193,0,0.4,0.0,1,0,0
1427.85,15,2,0,23.59,935,2460,4,405.9,0,0,0,0.279,3.509093143278447,0,0.4,0.0,0,1,0
934.25,18,2,0,32.71,23,529,6,1110.04,0,0,0,0.43,0.8408788162442397,0,0.6,0.0,0,0,1
4230.86,5,3,0,42.78,694,2037,5,1014.23,1,0,0,0.082,4.1673906405445065,1,0.5,0.2,0,1,0
975.62,7,3,0,113.97,35,901,1,995.68,0,0,0,0.413,0.9788698478950115,0,0.1,0.0,1,0,0
2767.27,5,2,0,31.57,1137,1999,2,3003.91,0,0,0,0.016,0.9209161006486052,1,0.2,0.0,0,1,0
4676.88,16,2,0,40.22,1395,157,2,952.84,0,0,0,0.199,4.903212278788895,0,0.2,0.0,0,1,0
3708.51,8,1,0,19.44,363,77,5,4073.76,0,1,0,0.159,0.910117405687697,0,0.5,0.0,0,0,1
424.16,19,1,0,0.32,633,237,5,980.92,0,0,0,0.2,0.4319700179240672,0,0.5,0.0,1,0,0
2904.87,9,6,1,23.47,491,1409,2,909.09,1,0,0,0.265,3.1918491577756045,0,0.2,0.2,1,0,0
544.4,11,3,0,12.86,370,2434,3,393.04,0,0,0,0.141,1.3815856258247892,0,0.3,0.0,1,0,0
1961.11,15,4,0,31.15,1126,1111,1,2023.5,0,0,0,0.208,0.968688565077797,0,0.1,0.0,0,0,1
7899.13,7,0,0,35.4,950,2063,3,1270.81,0,0,0,0.142,6.210935595725777,0,0.3,0.0,0,1,0
642.12,16,0,0,39.86,809,165,1,590.05,0,0,0,0.152,1.0864055494459015,0,0.1,0.0,0,0,1
5932.45,5,1,0,14.11,1391,1375,2,1224.53,0,0,0,0.297,4.8407219733503055,1,0.2,0.0,1,0,0
747.27,12,4,0,29.1,1450,866,6,1338.22,0,0,0,0.208,0.5579889786592195,0,0.6,0.0,0,0,1
1406.97,1,4,0,36.75,57,2358,3,337.43,0,0,0,0.527,4.157344207073841,1,0.3,0.0,0,1,0
1104.55,16,0,0,7.19,987,1935,2,1554.45,0,0,0,0.562,0.7101160435886721,0,0.2,0.0,1,0,0
1904.2,3,3,0,30.75,866,1231,8,3133.96,0,0,0,0.094,0.6074080690024753,1,0.8,0.0,0,1,0
965.53,15,0,0,35.69,676,265,4,1431.15,0,1,0,0.279,0.6741821736549942,0,0.4,0.0,0,1,0
4446.83,1,3,0,29.75,509,1308,6,1336.93,0,0,0,0.39,3.323664167781573,1,0.6,0.0,0,1,0
2536.09,21,6,1,14.42,1143,2211,5,2074.53,0,0,0,0.548,1.2218999484469026,0,0.5,0.0,0,0,1
741.5,17,5,1,52.21,24,1852,2,1891.27,0,0,0,0.376,0.39185739878558556,0,0.2,0.0,0,1,0
896.01,23,5,1,33.02,379,1776,4,702.13,0,0,0,0.326,1.2743162715287357,1,0.4,0.0,0,1,0
14317.82,8,2,0,41.86,1413,1017,2,2075.0,0,0,0,0.271,6.8968304431599226,0,0.2,0.0,0,0,1
824.89,1,1,0,39.02,1010,310,3,483.52,1,0,0,0.337,1.7024890613390573,1,0.3,0.2,0,0,1
1983.38,22,4,0,3.86,1090,2416,3,1300.69,0,0,0,0.407,1.5236961181233628,0,0.3,0.0,0,1,0
1955.74,18,0,0,53.88,1379,1622,3,618.92,0,0,0,0.335,3.1548264292166732,0,0.3,0.0,0,1,0
1579.55,23,2,0,33.19,1103,1851,8,4087.82,1,1,0,0.215,0.38630949760566613,1,0.8,0.2,0,1,0
861.38,8,6,1,60.14,1180,991,3,3106.31,0,0,0,0.383,0.27721083509530753,0,0.3,0.0,0,1,0
5389.79,16,1,0,20.69,541,749,4,932.59,1,0,0,0.189,5.773187373472295,0,0.4,0.2,1,0,0
998.93,13,1,0,37.51,1273,1866,3,1261.65,0,0,0,0.413,0.7911376866114916,0,0.3,0.0,0,1,0
6501.66,19,1,0,52.81,401,2280,4,2688.89,0,1,0,0.272,2.4170728171040454,0,0.4,0.0,1,0,0
387.75,17,1,0,33.38,1105,1869,5,1510.24,0,0,0,0.279,0.256577380164633,0,0.5,0.0,0,1,0
372.28,1,6,1,4.57,146,1480,1,2055.95,1,0,0,0.22,0.180986411920562,1,0.1,0.2,1,0,0
5353.29,17,2,0,47.9,964,1532,2,2933.57,1,0,0,0.361,1.8242161543258466,0,0.2,0.2,1,0,0
545.71,1,0,0,38.76,1039,1269,2,190.95,0,0,0,0.337,2.84297994269341,1,0.2,0.0,0,0,1
1792.62,20,4,0,23.21,996,1252,2,4969.28,0,0,0,0.515,0.36066780945942684,0,0.2,0.0,0,0,1
7469.21,22,1,0,45.53,305,419,3,1008.72,1,0,0,0.155,7.397308164639702,0,0.3,0.2,0,0,1
401.06,0,6,1,25.52,383,209,5,2785.31,1,0,0,0.404,0.1439394755070326,1,0.5,0.2,0,1,0
484.19,20,2,0,51.1,1353,1514,0,2513.27,1,0,0,0.387,0.19257677178664184,0,0.0,0.2,1,0,0
1225.93,16,1,0,38.89,896,261,2,797.45,1,0,0,0.277,1.53538731291878,0,0.2,0.2,1,0,0
2025.09,4,5,1,40.49,494,172,3,460.52,1,0,0,0.081,4.387870514820593,1,0.3,0.2,0,1,0
1597.4,14,0,0,46.15,96,1464,3,866.42,1,1,0,0.368,1.8415531115261352,0,0.3,0.2,1,0,0
1299.74,2,2,0,9.09,683,1286,3,1971.4,1,0,0,0.504,0.6589636990468465,1,0.3,0.2,1,0,0
2711.49,20,5,1,1.99,1030,198,3,456.81,0,0,0,0.575,5.922740875035495,0,0.3,0.0,1,0,0
4551.87,0,3,0,24.27,234,1532,6,1406.96,0,1,0,0.59,3.23295406119492,1,0.6,0.0,1,0,0
7825.83,3,0,0,28.79,519,1355,3,1759.4,1,0,0,0.208,4.445483980913428,1,0.3,0.2,0,0,1
2451.14,1,1,0,56.15,619,177,3,1202.36,0,0,0,0.595,2.036913309400346,1,0.3,0.0,1,0,0
275.92,17,5,1,41.31,209,1557,2,1622.07,0,0,0,0.176,0.1699988293788931,0,0.2,0.0,1,0,0
3011.88,17,4,0,38.05,1441,767,0,1854.09,1,1,0,0.224,1.6235762146310961,0,0.0,0.2,0,1,0
2489.27,10,1,0,36.49,1480,803,2,1490.17,1,0,0,0.122,1.669340182541226,0,0.2,0.2,1,0,0
2489.77,9,3,0,68.65,684,858,1,1064.72,0,0,0,0.536,2.3362327815936643,0,0.1,0.0,0,0,1
4292.2,9,1,0,33.9,1393,2468,1,621.8,0,1,0,0.359,6.891779062299293,0,0.1,0.0,0,1,0
1166.0,4,5,1,39.73,3,2467,3,1125.76,1,0,0,0.332,1.0348255174127587,1,0.3,0.2,1,0,0
217.22,1,5,1,19.44,1110,1872,2,1845.06,0,0,0,0.147,0.11766681472974877,1,0.2,0.0,0,1,0
2246.65,6,6,1,0.13,761,2077,6,534.58,0,0,0,0.046,4.19479816273946,0,0.6,0.0,0,1,0
701.88,13,4,0,7.59,789,420,2,2632.18,0,0,0,0.317,0.26655222962349706,0,0.2,0.0,1,0,0
317.61,13,6,1,3.95,1451,1376,2,2779.55,0,0,1,0.366,0.11422560284835734,0,0.2,0.0,1,0,0
545.45,4,5,1,24.05,1028,1427,4,1906.64,0,1,0,0.415,0.28592921096223606,1,0.4,0.0,0,0,1
843.68,1,3,0,52.39,168,2176,4,2123.59,0,0,0,0.251,0.3971024997764274,1,0.4,0.0,1,0,0
9064.65,17,3,0,103.12,692,730,2,6736.01,0,0,0,0.029,1.3455004519809233,0,0.2,0.0,0,1,0
1142.27,17,3,0,8.22,1046,2205,2,1352.12,0,0,0,0.249,0.8441749438335108,0,0.2,0.0,0,0,1
1038.19,6,2,0,56.87,501,1472,1,3565.56,0,0,0,0.102,0.291090013906958,0,0.1,0.0,1,0,0
3822.22,21,2,0,36.68,853,1931,5,2250.37,0,0,0,0.173,1.6977307150757095,0,0.5,0.0,0,1,0
533.93,11,4,0,1.06,1315,2232,1,1775.93,0,0,0,0.272,0.3004789158830117,0,0.1,0.0,0,1,0
1447.12,6,4,0,9.86,7,1294,3,7732.7,1,0,0,0.142,0.18711871419889572,0,0.3,0.2,0,0,1
9619.28,10,1,0,8.83,293,971,1,1857.79,0,0,0,0.171,5.1750224608481865,0,0.1,0.0,0,1,0
1267.28,12,5,1,12.69,40,2324,3,6839.96,1,0,0,0.219,0.185248853962017,0,0.3,0.2,0,1,0
1700.47,19,0,0,5.02,280,247,1,1775.51,2,1,0,0.197,0.9571969760935768,0,0.1,0.4,0,1,0
26491.59,0,3,0,15.98,713,1756,2,1490.11,1,0,0,0.267,17.766355265540437,1,0.2,0.2,1,0,0
1198.66,18,2,0,21.99,198,1438,2,3540.97,0,0,0,0.209,0.33841619211907503,0,0.2,0.0,1,0,0
1037.07,1,2,0,55.21,1108,100,2,1284.17,0,0,0,0.171,0.8069516095146945,1,0.2,0.0,0,1,0
13416.64,20,6,1,37.22,53,2370,2,858.11,1,0,1,0.17,15.616905867700293,0,0.2,0.2,0,1,0
2076.67,19,0,0,75.24,259,1589,1,1632.1,0,0,0,0.118,1.2716122711407754,0,0.1,0.0,1,0,0
2242.85,14,3,0,12.92,816,2050,2,1260.87,0,0,0,0.093,1.7774017925776824,0,0.2,0.0,0,0,1
1545.96,14,1,0,60.36,207,2416,3,804.24,2,0,0,0.472,1.919874819929462,0,0.3,0.4,1,0,0
762.16,5,2,0,28.76,527,1374,4,5869.11,1,0,0,0.562,0.1298374306444002,1,0.4,0.2,0,0,1
9379.33,14,4,0,13.15,1022,1641,4,5878.47,0,0,0,0.174,1.5952679408177948,0,0.4,0.0,0,1,0
550.32,8,5,1,36.1,827,1502,2,1952.99,0,0,0,0.261,0.28163910767199424,0,0.2,0.0,0,1,0
940.4,11,2,0,26.66,547,665,1,3129.69,2,0,0,0.703,0.3003810661547454,0,0.1,0.4,0,0,1
1265.61,10,5,1,84.85,962,150,4,711.6,0,0,0,0.283,1.7760454673028345,0,0.4,0.0,0,1,0
1267.22,23,3,0,19.52,109,1750,1,1574.25,1,0,0,0.19,0.8044564354864308,1,0.1,0.2,1,0,0
2023.27,0,5,1,30.04,1332,1172,3,1426.42,0,1,0,0.208,1.4174314497484972,1,0.3,0.0,1,0,0
1026.85,19,3,0,3.98,214,1831,4,775.67,0,0,0,0.082,1.322118789189746,0,0.4,0.0,1,0,0
2052.55,3,0,0,18.93,1063,1959,3,1436.71,1,0,0,0.343,1.4276523081845436,1,0.3,0.2,1,0,0
662.04,7,2,0,25.16,805,1160,1,638.0,0,0,0,0.441,1.0360563380281689,0,0.1,0.0,1,0,0
2984.41,22,1,0,17.08,1015,727,2,2953.03,0,0,1,0.169,1.0102842557455407,0,0.2,0.0,0,1,0
4056.01,13,0,0,12.87,837,1395,2,1068.91,1,0,0,0.282,3.790982419081979,0,0.2,0.2,0,0,1
1336.39,21,0,0,53.89,45,43,2,1824.7,0,1,0,0.754,0.7319877307334174,0,0.2,0.0,1,0,0
1604.78,15,1,0,10.1,1274,2439,2,1778.41,1,0,0,0.216,0.9018607291180784,0,0.2,0.2,0,1,0
1270.96,1,5,1,10.13,596,2350,2,1405.01,1,0,0,0.295,0.9039480515785806,1,0.2,0.2,1,0,0
6920.98,2,5,1,18.26,775,317,3,1108.47,1,0,0,0.155,6.238095667300603,1,0.3,0.2,0,1,0
3285.84,21,4,0,53.36,805,1010,3,1561.41,0,0,0,0.537,2.103058736183204,0,0.3,0.0,1,0,0
5379.01,20,6,1,69.66,1278,2290,3,1184.84,0,0,0,0.123,4.536033528975242,0,0.3,0.0,0,1,0
1995.89,19,5,1,20.85,136,1749,6,1714.05,0,0,0,0.239,1.1637503279787762,0,0.6,0.0,0,1,0
732.76,19,3,0,4.45,555,2427,3,2109.77,0,1,0,0.285,0.34715293471102965,0,0.3,0.0,0,1,0
897.28,12,3,0,31.64,127,1167,4,2317.81,0,0,0,0.512,0.38695710299679575,0,0.4,0.0,1,0,0
646.6,9,3,0,67.47,1111,1578,1,2691.88,1,0,0,0.137,0.2401146727667033,0,0.1,0.2,0,0,1
3179.53,8,3,0,21.01,827,41,5,1743.11,1,0,0,0.306,1.823010016570056,0,0.5,0.2,1,0,0
3057.74,12,5,1,39.4,789,508,4,1104.87,2,0,0,0.128,2.765008545308219,0,0.4,0.4,0,0,1
3556.79,14,5,1,29.72,778,1732,3,446.51,0,0,0,0.059,7.947956470246475,0,0.3,0.0,1,0,0
987.77,9,3,0,32.05,727,875,2,1321.33,0,1,0,0.199,0.7469920519083739,0,0.2,0.0,0,0,1
531.17,6,5,1,83.41,553,864,7,656.14,1,0,0,0.127,0.8083056882856012,0,0.7,0.2,0,1,0
767.63,23,4,0,102.45,149,552,3,2144.31,0,0,0,0.182,0.3578177512807007,1,0.3,0.0,1,0,0
2904.22,1,2,0,15.21,694,2452,2,6552.18,0,0,0,0.3,0.4431772055704253,1,0.2,0.0,0,0,1
1532.12,12,2,0,8.29,908,1552,1,699.67,0,0,0,0.284,2.1866499207901007,0,0.1,0.0,0,0,1
1101.01,4,4,0,29.5,781,733,2,1541.45,1,0,1,0.371,0.7138059580537457,1,0.2,0.2,1,0,0
700.05,10,0,0,6.16,982,2169,1,1661.34,0,0,0,0.255,0.4211232359204495,0,0.1,0.0,0,1,0
1593.11,10,0,0,19.19,1155,2393,4,807.15,0,0,0,0.471,1.9713048320237578,0,0.4,0.0,0,1,0
4266.79,23,4,0,8.79,1430,2489,5,1132.81,0,0,0,0.249,3.7632319348038914,1,0.5,0.0,1,0,0
554.0,16,6,1,6.5,910,995,6,665.82,0,0,0,0.1,0.8308089139497915,0,0.6,0.0,1,0,0
1433.04,2,4,0,16.75,777,411,2,784.25,0,0,0,0.383,1.8249474689589302,1,0.2,0.0,0,1,0
2657.22,3,3,0,44.92,464,1773,3,3813.5,1,0,0,0.248,0.6966103027919779,1,0.3,0.2,1,0,0
4211.74,16,0,0,43.27,1170,594,2,1517.12,0,0,0,0.33,2.7743129660369403,0,0.2,0.0,0,0,1
3693.57,10,1,0,13.84,57,1202,3,819.83,1,0,0,0.442,4.499798983955265,0,0.3,0.2,0,1,0
6728.94,1,2,0,35.17,1110,869,1,1578.06,2,0,0,0.144,4.261358023127683,1,0.1,0.4,0,1,0
401.29,14,1,0,7.65,938,646,5,618.15,1,0,0,0.197,0.6481305014939838,0,0.5,0.2,0,1,0
4087.95,15,5,1,71.88,1469,1269,2,489.31,0,0,0,0.128,8.337480369562114,0,0.2,0.0,0,1,0
3025.36,22,4,0,13.67,223,598,7,463.9,1,0,0,0.552,6.5075500107550015,0,0.7,0.2,0,0,1
1979.06,8,5,1,5.0,52,1549,2,1727.06,3,0,0,0.524,1.1452495862412184,0,0.2,0.6,1,0,0
3597.74,15,3,0,72.15,636,378,4,17233.34,1,0,0,0.184,0.20875415014442095,0,0.4,0.2,0,0,1
560.71,3,6,1,86.68,1348,380,1,1554.69,0,0,0,0.054,0.360425277529585,1,0.1,0.0,0,0,1
3798.63,8,0,0,24.81,1243,2126,1,556.72,0,0,0,0.478,6.810998350426737,0,0.1,0.0,0,1,0
3112.55,7,2,0,6.65,1278,533,5,1580.88,0,0,0,0.328,1.967627127215718,0,0.5,0.0,1,0,0
562.07,5,4,0,22.61,305,1322,5,2684.84,0,0,0,0.078,0.20927158728740358,1,0.5,0.0,0,1,0
1820.29,19,5,1,28.6,1097,1476,3,3637.7,3,0,0,0.186,0.5002583340203919,0,0.3,0.6,0,0,1
6590.82,6,1,0,13.66,304,886,3,789.88,0,0,0,0.089,8.333527210196237,0,0.3,0.0,0,0,1
645.97,17,4,0,66.14,73,2087,1,3168.79,0,0,0,0.249,0.20378952548907026,0,0.1,0.0,0,0,1
1302.21,11,1,0,38.55,1296,1214,2,997.82,0,0,0,0.315,1.3037484231393044,0,0.2,0.0,1,0,0
2045.92,8,3,0,44.19,1163,2251,3,3855.6,0,0,0,0.097,0.5304983664367579,0,0.3,0.0,0,0,1
4447.68,23,2,0,33.14,733,1926,3,1651.09,0,1,1,0.319,2.6921535751684234,1,0.3,0.0,0,1,0
5730.62,6,3,0,20.87,1141,841,5,1746.35,0,0,0,0.555,3.279606260909377,0,0.5,0.0,0,1,0
1854.18,17,3,0,10.11,378,2389,3,583.64,0,0,0,0.143,3.1714901477832513,0,0.3,0.0,0,0,1
8692.39,8,4,0,19.19,782,1247,1,1657.01,1,0,0,0.32,5.242664398887823,0,0.1,0.2,1,0,0
1729.5,1,6,1,33.3,837,1448,2,1276.29,0,0,0,0.051,1.3540386286591142,1,0.2,0.0,1,0,0
1058.09,3,6,1,37.4,1186,1952,3,765.63,0,0,1,0.602,1.3801834000756557,1,0.3,0.0,0,0,1
17614.47,9,6,1,26.46,1495,269,0,2770.42,1,0,0,0.38,6.355756254916253,0,0.0,0.2,0,1,0
2059.56,19,4,0,13.32,1190,617,4,1769.56,0,0,0,0.127,1.1632251942888125,0,0.4,0.0,0,0,1
1433.49,15,4,0,3.61,827,62,2,1808.81,1,0,0,0.2,0.7920665705239777,0,0.2,0.2,0,1,0
669.24,7,5,1,28.99,266,2042,2,1071.12,0,0,0,0.129,0.6242211692720965,0,0.2,0.0,1,0,0
907.55,9,4,0,38.81,1349,433,2,513.99,0,0,0,0.101,1.7622672284898735,0,0.2,0.0,0,0,1
1246.78,18,5,1,73.54,522,438,3,2345.41,0,1,0,0.197,0.5313564125621695,0,0.3,0.0,0,1,0
1195.22,14,4,0,14.88,1189,567,5,1240.99,1,0,0,0.098,0.9623426919701447,0,0.5,0.2,0,0,1
2552.17,9,0,0,33.28,1127,1201,2,2780.0,0,0,0,0.573,0.9177166486875225,0,0.2,0.0,0,0,1
3592.88,6,5,1,43.73,1350,316,2,1855.89,0,0,0,0.048,1.9348911351776357,0,0.2,0.0,0,1,0
446.57,12,2,0,72.53,361,1402,4,2508.4,1,0,1,0.274,0.177958874631386,0,0.4,0.2,1,0,0
196.82,11,4,0,56.31,923,558,3,359.96,0,0,0,0.383,0.5452681737588653,0,0.3,0.0,0,1,0
764.83,21,5,1,17.71,183,618,2,1943.07,0,0,0,0.523,0.3934169037123149,0,0.2,0.0,0,0,1
12462.61,8,0,0,37.74,421,672,4,2690.98,0,0,0,0.237,4.629532908862622,0,0.4,0.0,1,0,0
849.29,19,4,0,42.4,538,1009,2,622.03,1,1,1,0.246,1.363160682471149,0,0.2,0.2,0,0,1
2589.98,15,0,0,51.55,685,385,1,1340.48,0,0,0,0.538,1.930688493305901,0,0.1,0.0,0,1,0
1325.85,21,2,0,29.48,264,2239,0,1652.48,0,0,0,0.242,0.8018542709920894,0,0.0,0.0,1,0,0
12850.92,14,2,0,24.06,639,2014,1,4870.82,0,0,0,0.094,2.637806815522741,0,0.1,0.0,0,0,1
1411.23,5,3,0,16.8,234,784,2,674.73,0,0,0,0.234,2.088452488419931,1,0.2,0.0,1,0,0
6543.97,5,1,0,8.53,784,2375,3,907.21,0,0,0,0.352,7.205348983164686,1,0.3,0.0,0,1,0
800.04,16,6,1,21.03,1351,2399,4,7648.89,1,0,0,0.038,0.10458189594883063,0,0.4,0.2,0,0,1
3227.42,11,0,0,33.01,159,929,1,1491.73,1,0,0,0.12,2.162092273887441,0,0.1,0.2,0,0,1
1112.01,20,2,0,13.37,496,514,4,1084.29,0,0,1,0.442,1.024620147610316,0,0.4,0.0,1,0,0
914.93,22,5,1,28.18,576,1092,4,2867.96,0,0,0,0.544,0.31890650270481286,0,0.4,0.0,1,0,0
321.0,5,0,0,35.12,941,174,3,2375.88,0,0,0,0.054,0.13505099121537478,1,0.3,0.0,0,0,1
713.05,5,4,0,17.6,1414,612,3,609.56,1,1,0,0.058,1.1678622903563942,1,0.3,0.2,1,0,0
1798.72,12,5,1,1.37,539,434,6,3207.5,0,0,0,0.194,0.5606108773570204,0,0.6,0.0,1,0,0
4409.98,6,5,1,27.78,95,1284,3,1083.92,1,0,1,0.26,4.064797404416915,0,0.3,0.2,0,0,1
890.63,8,5,1,57.01,1263,1605,4,853.18,0,1,0,0.233,1.0426725046243182,0,0.4,0.0,0,0,1
2680.38,7,1,0,7.73,465,1088,4,1260.44,0,0,0,0.088,2.124857305936073,0,0.4,0.0,0,0,1
1279.81,1,1,0,26.92,282,678,2,1342.22,0,0,0,0.173,0.9527925432914935,1,0.2,0.0,0,0,1
450.47,6,2,0,40.93,743,994,2,2763.78,0,0,0,0.313,0.16293158949355827,0,0.2,0.0,0,0,1
2417.24,17,4,0,60.69,867,1563,3,3511.65,0,0,1,0.305,0.6881528190966933,0,0.3,0.0,1,0,0
1423.06,18,6,1,43.03,662,1980,7,2676.38,0,0,0,0.392,0.5315121499376255,0,0.7,0.0,1,0,0
1847.29,0,2,0,29.4,193,1165,3,1730.34,3,0,0,0.321,1.0669712477040905,1,0.3,0.6,0,1,0
183.44,23,0,0,31.49,662,2036,3,2563.61,1,0,0,0.317,0.07152744471869017,1,0.3,0.2,1,0,0
595.01,13,4,0,7.48,966,740,5,15330.51,0,0,0,0.305,0.038809614969432235,0,0.5,0.0,1,0,0
600.26,19,6,1,77.42,634,1557,0,4527.59,0,1,0,0.21,0.13254898323760816,0,0.0,0.0,0,0,1
397.12,5,3,0,9.97,133,1428,4,1746.8,0,1,0,0.431,0.22721135141320517,1,0.4,0.0,0,1,0
1865.78,19,2,0,49.26,595,1197,4,3980.98,0,0,0,0.403,0.46855584407756945,0,0.4,0.0,1,0,0
1067.65,9,5,1,39.1,898,2200,1,1573.29,0,0,0,0.401,0.6781787345406501,0,0.1,0.0,0,0,1
288.26,3,4,0,86.83,716,1766,3,6947.19,0,0,0,0.081,0.04148706353741046,1,0.3,0.0,0,0,1
838.67,12,5,1,13.21,613,1281,3,1716.43,1,0,0,0.453,0.48832849082640917,0,0.3,0.2,0,1,0
5695.58,8,6,1,16.63,548,2168,1,3373.13,0,0,0,0.206,1.6880143918580492,0,0.1,0.0,1,0,0
839.7,20,4,0,101.15,573,1480,1,3501.31,0,0,0,0.462,0.23975604672344825,0,0.1,0.0,0,0,1
480.14,0,1,0,37.57,678,2310,2,1243.54,0,0,0,0.37,0.38579716200363184,1,0.2,0.0,1,0,0
3544.89,22,5,1,8.89,657,2387,3,382.76,2,0,0,0.594,9.237257661038148,0,0.3,0.4,1,0,0
892.46,23,6,1,24.27,1184,757,1,8524.94,0,0,0,0.084,0.10467584805898235,1,0.1,0.0,1,0,0
10738.92,13,4,0,30.32,523,1025,3,1194.69,0,0,0,0.417,8.981358044309143,0,0.3,0.0,0,1,0
258.23,7,3,0,28.31,503,1935,5,1532.2,2,0,0,0.326,0.1684255152621967,0,0.5,0.4,1,0,0
5908.69,11,2,0,11.5,844,1704,1,637.03,0,0,0,0.555,9.26083413005658,0,0.1,0.0,0,1,0
123.1,10,5,1,26.73,381,764,1,2379.5,1,0,0,0.168,0.05171182524679689,0,0.1,0.2,0,1,0
3085.0,19,4,0,4.6,101,1534,3,2101.97,2,0,0,0.357,1.4669729002315774,0,0.3,0.4,0,1,0
11968.69,8,1,0,19.37,752,2489,1,936.97,0,0,0,0.184,12.760205550284125,0,0.1,0.0,0,1,0
6304.23,0,1,0,2.78,1228,425,2,5739.86,1,0,0,0.501,1.0981333807129943,1,0.2,0.2,0,1,0
389.19,7,5,1,32.55,376,903,5,1153.48,1,0,0,0.095,0.3371128126948929,0,0.5,0.2,0,0,1
579.82,19,1,0,86.9,1128,1008,2,967.22,0,0,1,0.255,0.5988515006919916,0,0.2,0.0,1,0,0
5602.29,17,5,1,17.75,526,1419,1,590.43,0,0,0,0.051,9.472448134183251,0,0.1,0.0,0,1,0
964.76,3,4,0,21.51,1227,564,3,1682.3,0,0,0,0.22,0.5731361017049843,1,0.3,0.0,0,1,0
1152.7,21,0,0,0.9,1377,118,4,1431.2,0,0,0,0.429,0.8048456919424661,0,0.4,0.0,1,0,0
2832.55,6,0,0,18.4,537,1477,5,2555.09,0,0,0,0.113,1.1081573809998866,0,0.5,0.0,0,1,0
3997.88,22,1,0,32.58,1191,1310,2,2158.43,0,0,0,0.072,1.8513589234196064,0,0.2,0.0,0,1,0
13993.2,18,0,0,25.98,965,181,6,4153.38,0,0,0,0.373,3.3683004443503,0,0.6,0.0,1,0,0
721.27,20,6,1,7.13,1280,2335,7,1862.61,1,0,0,0.154,0.3870284018651971,0,0.7,0.2,0,1,0
926.14,11,1,0,35.27,1248,957,2,531.16,0,0,0,0.567,1.7403412507516538,0,0.2,0.0,1,0,0
884.23,4,5,1,43.14,971,452,3,1398.38,0,0,0,0.122,0.631872686475439,1,0.3,0.0,1,0,0
1934.63,8,4,0,42.98,797,2262,2,1309.24,0,0,0,0.188,1.4765462815972648,0,0.2,0.0,0,0,1
5617.96,17,2,0,64.02,1130,431,0,2064.82,0,0,0,0.379,2.719481852242693,0,0.0,0.0,0,1,0
1616.03,1,0,0,46.1,1038,1646,7,983.33,0,0,0,0.467,1.6417563215588267,1,0.7,0.0,0,0,1
1754.42,15,5,1,19.15,1355,1416,4,978.8,0,0,0,0.325,1.790589916309451,0,0.4,0.0,1,0,0
968.43,4,5,1,16.93,1435,920,2,1054.54,0,0,0,0.356,0.9174735206624097,1,0.2,0.0,0,1,0
2796.95,1,6,1,8.65,1245,194,4,1642.4,1,0,0,0.352,1.701928927832542,1,0.4,0.2,0,1,0
2093.05,12,0,0,4.14,96,727,3,951.54,1,0,0,0.017,2.197335544963991,0,0.3,0.2,1,0,0
1432.08,2,6,1,16.36,954,808,3,2480.38,0,0,0,0.434,0.5771304677236053,1,0.3,0.0,0,1,0
482.17,14,3,0,3.96,122,1180,2,3343.39,0,0,0,0.503,0.14417277889241387,0,0.2,0.0,1,0,0
12759.01,22,2,0,37.2,1275,1855,3,1297.48,0,0,0,0.056,9.826112069496642,0,0.3,0.0,0,0,1
490.55,16,5,1,0.72,355,1334,0,3246.68,1,0,1,0.267,0.1510462853483102,0,0.0,0.2,0,0,1
262.56,17,3,0,12.53,821,1452,2,3604.53,0,0,0,0.223,0.07282147146189326,0,0.2,0.0,0,0,1
2394.26,23,5,1,43.13,1229,233,4,2998.94,2,0,0,0.361,0.7981026287192411,1,0.4,0.4,0,0,1
1696.46,21,2,0,77.23,348,358,4,1973.15,0,0,0,0.312,0.8593369298178963,0,0.4,0.0,0,0,1
1051.19,4,2,0,107.76,944,1123,3,913.23,0,1,0,0.43,1.1498091289937982,1,0.3,0.0,0,1,0
7523.57,3,3,0,27.11,897,901,7,1973.18,0,0,0,0.357,3.8109848139480693,1,0.7,0.0,0,1,0
4711.18,22,4,0,47.41,1294,1627,4,1478.55,0,0,0,0.545,3.18419789800953,0,0.4,0.0,0,1,0
2243.03,12,1,0,16.05,868,1474,3,921.5,1,0,0,0.316,2.431468834688347,0,0.3,0.2,1,0,0
8538.12,19,0,0,14.55,745,2010,5,1831.11,0,0,0,0.124,4.6602660320613944,0,0.5,0.0,0,0,1
332.53,2,0,0,38.84,1176,376,0,1443.16,1,0,0,0.051,0.2302584201196543,1,0.0,0.2,1,0,0
790.51,19,5,1,13.69,1476,202,4,1188.37,0,0,0,0.224,0.6646459890530281,0,0.4,0.0,0,1,0
3937.97,4,0,0,25.4,206,2048,4,1416.26,0,0,0,0.144,2.778579794815348,1,0.4,0.0,0,1,0
1329.12,4,6,1,36.3,600,2402,2,3243.81,0,1,0,0.337,0.4096141222444457,1,0.2,0.0,1,0,0
1063.7,8,6,1,92.38,1078,213,3,1968.91,0,0,0,0.209,0.5399739074373956,0,0.3,0.0,0,1,0
3628.97,14,0,0,25.19,1214,1484,3,2813.65,0,0,0,0.145,1.2893148348817791,0,0.3,0.0,1,0,0
6196.11,23,4,0,30.42,1192,1757,3,1057.91,0,0,0,0.215,5.851403802022834,1,0.3,0.0,0,1,0
217.95,9,0,0,26.97,1431,31,5,2305.8,1,0,0,0.113,0.09448153285937227,0,0.5,0.2,0,1,0
562.05,18,1,0,32.43,554,2376,1,1910.66,0,0,0,0.284,0.29401148739838673,0,0.1,0.0,1,0,0
5142.21,12,6,1,14.26,1288,1779,2,1902.81,0,0,0,0.311,2.7010100797873737,0,0.2,0.0,1,0,0
139.05,18,1,0,28.23,930,360,5,1026.56,0,0,0,0.166,0.13532056522246877,0,0.5,0.0,0,1,0
979.67,6,5,1,35.15,204,1336,4,2168.52,0,0,1,0.116,0.4515607138906302,0,0.4,0.0,0,1,0
8781.72,17,0,0,5.79,1087,1671,4,1974.46,0,1,0,0.197,4.445405120832616,0,0.4,0.0,1,0,0
2108.77,14,4,0,53.34,1335,384,2,2454.67,0,0,0,0.494,0.8587350906269979,0,0.2,0.0,0,1,0
1802.75,23,0,0,12.95,1434,1746,3,1232.68,0,0,0,0.488,1.4612784514622916,1,0.3,0.0,0,0,1
1390.06,20,1,0,50.28,736,1782,4,2186.56,0,0,0,0.138,0.6354385708277716,0,0.4,0.0,0,0,1
1603.43,23,0,0,54.88,1065,1669,5,6897.15,0,0,0,0.496,0.23244348122322653,1,0.5,0.0,1,0,0
7515.54,13,6,1,18.72,1358,2241,6,1607.62,0,0,0,0.327,4.672041874401661,0,0.6,0.0,0,1,0
555.02,15,6,1,14.11,1399,1193,3,1237.34,1,1,0,0.425,0.4481967795597332,0,0.3,0.2,1,0,0
1171.11,11,4,0,67.91,1193,543,4,2665.79,1,0,0,0.543,0.43914593950029807,0,0.4,0.2,1,0,0
2857.33,0,4,0,27.5,1408,1933,2,2087.32,0,0,0,0.204,1.3682433726631933,1,0.2,0.0,0,0,1
711.8,5,2,0,59.79,1250,2392,3,2758.45,0,0,0,0.143,0.25794995379514035,1,0.3,0.0,0,1,0
990.54,12,1,0,53.6,1370,1998,2,4455.82,1,0,0,0.113,0.2222526375307955,0,0.2,0.2,0,0,1
3939.75,7,3,0,57.84,1422,2016,6,1409.38,0,0,0,0.303,2.793396106013982,0,0.6,0.0,0,1,0
1899.9,15,5,1,6.78,1068,1304,3,1414.46,0,0,0,0.544,1.3422491628163282,0,0.3,0.0,1,0,0
1161.09,7,0,0,9.6,518,2115,2,957.77,1,1,0,0.753,1.2110203698488688,0,0.2,0.2,0,1,0
1444.25,15,0,0,43.07,494,409,5,677.3,1,0,0,0.1,2.1292201090962704,0,0.5,0.2,1,0,0
222.65,18,3,0,9.81,1219,1849,2,2272.72,1,1,0,0.115,0.09792322713438771,0,0.2,0.2,1,0,0
2312.53,0,0,0,74.22,490,495,6,3069.68,0,0,0,0.129,0.7531002904894031,1,0.6,0.0,0,1,0
1379.24,13,5,1,48.61,158,687,6,2700.02,0,0,0,0.33,0.5106367224233808,0,0.6,0.0,1,0,0
4806.21,15,0,0,60.92,199,1026,5,840.52,0,0,0,0.514,5.711343758912444,0,0.5,0.0,0,0,1
297.61,10,2,0,46.85,560,811,1,1122.86,0,0,0,0.157,0.26481056359333016,0,0.1,0.0,0,1,0
3335.24,5,5,1,27.87,749,1020,2,2420.24,0,0,0,0.338,1.3774925244915828,1,0.2,0.0,0,1,0
4753.58,22,0,0,26.43,320,2341,4,1911.2,0,0,1,0.806,2.48592197468884,0,0.4,0.0,0,1,0
1593.87,17,2,0,5.13,1423,622,3,701.18,0,1,1,0.124,2.2698880628898572,0,0.3,0.0,0,1,0
1406.46,8,0,0,27.25,678,971,3,1220.76,0,1,1,0.11,1.151175353588266,0,0.3,0.0,0,0,1
2292.92,4,4,0,10.18,1195,1579,2,3462.88,1,0,0,0.149,0.6619513378061596,1,0.2,0.2,0,1,0
8501.37,7,2,0,30.31,1209,2188,6,3727.73,0,0,0,0.317,2.2799639555559135,0,0.6,0.0,0,1,0
1109.85,2,6,1,12.81,335,1550,3,486.79,0,0,0,0.24,2.275261895487812,1,0.3,0.0,1,0,0
1552.57,8,4,0,28.68,1268,2309,2,573.16,0,0,0,0.042,2.7040720356695,0,0.2,0.0,0,0,1
270.05,1,1,0,22.34,1453,616,3,2201.98,0,0,0,0.529,0.12258395446168373,1,0.3,0.0,0,0,1
1251.61,19,6,1,10.89,403,2143,4,1188.49,0,1,0,0.525,1.052224062413303,0,0.4,0.0,0,1,0
3759.51,3,1,0,48.04,513,975,2,1201.95,0,0,0,0.188,3.1252421131385346,1,0.2,0.0,1,0,0
12692.64,0,4,0,2.83,795,2259,2,371.28,0,1,0,0.369,34.09433759535833,1,0.2,0.0,0,0,1
667.45,18,1,0,38.78,224,390,7,3647.55,0,0,0,0.192,0.1829356867796796,0,0.7,0.0,0,1,0
9889.59,6,1,0,95.19,140,948,6,2436.96,0,0,0,0.302,4.056502157541551,0,0.6,0.0,1,0,0
2198.11,21,5,1,7.03,616,344,3,1580.53,0,0,0,0.109,1.3898629807844303,0,0.3,0.0,0,0,1
1500.52,15,3,0,26.49,991,791,5,2824.05,1,0,0,0.379,0.5311481212721898,0,0.5,0.2,0,0,1
2513.36,23,3,0,27.33,514,2490,3,1576.95,0,0,0,0.398,1.5928007858297157,1,0.3,0.0,0,0,1
2101.26,2,5,1,2.24,217,443,2,2404.37,0,0,1,0.318,0.8735703862607417,1,0.2,0.0,0,1,0
9961.46,19,6,1,20.16,1178,260,4,2997.34,0,0,0,0.055,3.3223250198443135,0,0.4,0.0,0,0,1
701.36,8,6,1,33.45,1040,43,4,1131.43,0,0,0,0.207,0.6193407098010473,0,0.4,0.0,0,1,0
814.25,4,0,0,31.28,144,2225,1,1550.37,1,0,0,0.592,0.5248586733016625,1,0.1,0.2,0,0,1
3740.83,17,4,0,84.59,226,260,4,2307.26,0,0,0,0.362,1.6206276589292365,0,0.4,0.0,0,0,1
2690.5,20,5,1,20.74,592,870,4,530.14,0,0,0,0.552,5.065519448732914,0,0.4,0.0,0,0,1
7069.79,20,5,1,1.49,1252,1405,1,176.3,0,0,0,0.303,39.87473209249859,0,0.1,0.0,0,1,0
511.85,6,5,1,8.88,675,1343,6,3669.11,1,0,0,0.206,0.13946448471571696,0,0.6,0.2,0,0,1
4707.21,0,4,0,82.19,1416,48,2,2566.72,1,0,0,0.217,1.8332255853441966,1,0.2,0.2,0,0,1
225.46,8,1,0,67.06,336,1802,1,3775.2,1,0,0,0.036,0.059705524071818235,0,0.1,0.2,1,0,0
2421.43,11,5,1,29.68,611,1345,5,1161.58,0,1,0,0.368,2.0828072046654853,0,0.5,0.0,0,0,1
2245.48,9,3,0,11.03,1384,658,2,633.5,0,0,0,0.385,3.538975571315997,0,0.2,0.0,0,1,0
2878.47,1,6,1,46.97,595,1877,2,1868.3,0,0,1,0.693,1.5398651901781415,1,0.2,0.0,0,1,0
1997.83,14,5,1,8.48,887,789,2,966.12,0,0,0,0.228,2.0657519232359998,0,0.2,0.0,1,0,0
1732.19,5,5,1,35.39,431,1784,6,677.36,1,0,0,0.179,2.553496668435639,1,0.6,0.2,1,0,0
2705.04,7,2,0,7.91,421,432,0,874.13,0,1,0,0.379,3.0910150491926913,0,0.0,0.0,1,0,0
1843.44,0,0,0,28.1,1355,348,2,3523.21,1,0,0,0.233,0.5230789311647149,1,0.2,0.2,0,0,1
9663.62,2,2,0,12.03,1168,1417,2,1438.24,0,0,0,0.557,6.714390928545622,1,0.2,0.0,0,1,0
4800.92,18,5,1,11.23,1440,2153,2,1804.47,0,0,0,0.055,2.659097077215351,0,0.2,0.0,0,1,0
2063.99,12,4,0,35.59,1087,1215,2,3861.94,1,0,0,0.21,0.5343054771754155,0,0.2,0.2,0,1,0
859.33,22,2,0,23.48,132,1104,4,4898.71,0,1,0,0.405,0.1753838492482208,0,0.4,0.0,0,1,0
1819.67,11,3,0,15.18,443,1773,1,561.76,1,1,1,0.181,3.2334743052100365,0,0.1,0.2,1,0,0
4918.3,2,1,0,1.89,667,1184,4,950.96,1,0,0,0.501,5.166498592377831,1,0.4,0.2,0,0,1
7087.59,12,5,1,45.85,980,1500,3,1551.68,0,0,0,0.174,4.564746116392302,0,0.3,0.0,0,0,1
266.72,1,4,0,31.61,791,674,1,2266.47,1,0,0,0.138,0.11762889916955904,1,0.1,0.2,0,1,0
1169.36,18,3,0,45.22,1207,886,1,2701.89,0,0,0,0.274,0.43263321851795666,0,0.1,0.0,0,1,0
334.43,0,3,0,63.11,709,330,1,2045.92,1,0,0,0.031,0.1633820569440916,1,0.1,0.2,1,0,0
592.06,2,2,0,63.0,284,851,1,320.69,0,0,0,0.336,1.840467530852684,1,0.1,0.0,0,0,1
563.39,16,0,0,16.95,822,1813,2,938.15,0,1,0,0.119,0.5998935207368365,0,0.2,0.0,1,0,0
4009.84,17,6,1,0.52,1339,448,4,4454.43,0,0,0,0.256,0.8999894510743071,0,0.4,0.0,1,0,0
775.09,20,4,0,15.36,149,120,1,697.85,1,0,0,0.234,1.1090935107676898,0,0.1,0.2,0,0,1
548.2,19,1,0,88.48,887,388,2,716.97,0,1,0,0.398,0.7635416521581682,0,0.2,0.0,1,0,0
249.74,7,0,0,47.4,1282,1639,2,721.58,1,0,1,0.481,0.3456226300202054,0,0.2,0.2,1,0,0
1587.11,1,2,0,19.38,1215,770,4,969.42,0,0,1,0.435,1.6354877269635828,1,0.4,0.0,0,0,1
307.79,9,1,0,18.25,1011,1705,4,1486.76,1,0,1,0.458,0.20688148626122493,0,0.4,0.2,1,0,0
1892.18,12,6,1,2.44,1447,417,1,383.49,1,0,0,0.354,4.921272334781139,0,0.1,0.2,1,0,0
1432.49,23,1,0,58.24,705,445,2,1792.96,1,1,0,0.073,0.7985072130928226,1,0.2,0.2,1,0,0
2217.42,22,6,1,30.75,1456,495,4,1044.49,0,0,0,0.048,2.120938507302796,0,0.4,0.0,0,1,0
944.71,18,6,1,47.97,1207,269,2,862.06,0,0,0,0.169,1.0946052418140106,0,0.2,0.0,0,1,0
2749.91,17,1,0,20.55,451,2089,3,1753.33,0,0,0,0.244,1.5674987032086323,0,0.3,0.0,1,0,0
1484.25,13,5,1,45.11,914,261,0,720.19,0,0,0,0.173,2.058056822751286,0,0.0,0.0,1,0,0
503.01,4,0,0,59.07,161,1211,3,3965.19,0,0,0,0.212,0.12682448395059237,1,0.3,0.0,0,1,0
996.87,19,0,0,1.44,89,1785,1,906.45,0,0,0,0.191,1.098539864455342,0,0.1,0.0,0,1,0
2486.95,7,2,0,58.05,558,287,1,2378.8,0,0,0,0.328,1.0450247919993276,0,0.1,0.0,0,1,0
406.06,11,5,1,71.62,321,2481,3,1115.18,0,0,0,0.39,0.36379437008367826,0,0.3,0.0,0,0,1
2503.84,7,4,0,59.63,1152,73,4,1461.41,0,0,0,0.483,1.7121327124404238,0,0.4,0.0,0,1,0
12393.06,8,2,0,11.99,570,1834,1,823.01,0,1,0,0.158,15.039938835693741,0,0.1,0.0,0,1,0
1507.19,2,4,0,24.38,369,1470,3,1197.73,1,0,0,0.132,1.2573223328022156,1,0.3,0.2,1,0,0
2601.16,8,6,1,16.18,632,714,6,587.7,0,0,0,0.352,4.418481399694241,0,0.6,0.0,0,1,0
2329.64,6,3,0,43.59,249,1318,2,2790.88,1,1,0,0.142,0.8344341447340142,0,0.2,0.2,0,0,1
1469.91,2,4,0,87.39,141,1026,3,913.63,0,0,0,0.253,1.6071088855602813,1,0.3,0.0,0,0,1
2761.38,13,4,0,63.09,1070,343,2,459.0,0,0,0,0.02,6.003,0,0.2,0.0,0,1,0
3421.35,1,0,0,64.19,760,1431,0,228.09,1,0,0,0.364,14.934523549696625,1,0.0,0.2,0,1,0
808.4,3,4,0,0.9,93,1787,5,1480.78,0,0,0,0.161,0.5455600696459664,1,0.5,0.0,0,1,0
63063.96,16,3,0,13.43,124,1825,5,1781.42,0,0,0,0.341,35.38108863230888,0,0.5,0.0,0,0,1
2206.14,17,3,0,40.22,104,947,3,3687.01,1,1,0,0.207,0.5981925211699534,0,0.3,0.2,0,0,1
3015.77,20,6,1,23.44,364,730,3,4144.71,1,0,0,0.712,0.7274435500794797,0,0.3,0.2,0,0,1
1858.66,2,5,1,3.39,696,950,0,953.72,0,0,0,0.104,1.9468116306351602,1,0.0,0.0,0,0,1
2578.74,11,6,1,16.75,1279,1578,3,3275.91,1,0,0,0.543,0.7869425770008941,0,0.3,0.2,0,0,1
2067.5,10,0,0,3.65,1346,613,1,2010.35,0,1,0,0.086,1.0279165734456956,0,0.1,0.0,1,0,0
11035.65,3,3,0,34.46,1389,1985,1,2331.23,0,0,0,0.285,4.731801751971289,1,0.1,0.0,0,0,1
879.86,9,0,0,37.76,628,418,5,1036.66,0,0,0,0.325,0.8479270666692365,0,0.5,0.0,0,1,0
1160.49,4,5,1,3.99,1158,836,2,5713.9,0,0,1,0.168,0.20306392062853246,1,0.2,0.0,0,0,1
267.06,23,6,1,19.57,54,1552,3,574.97,0,0,0,0.243,0.46366998281160476,1,0.3,0.0,0,1,0
6602.58,14,0,0,11.53,1034,1160,2,4659.44,0,0,0,0.308,1.416728892550918,0,0.2,0.0,0,0,1
697.92,23,5,1,21.21,99,2357,5,2070.08,0,0,0,0.433,0.33698360275798134,1,0.5,0.0,0,1,0
200.57,4,3,0,65.67,213,1036,3,1335.16,0,0,0,0.166,0.15010926835109567,1,0.3,0.0,0,0,1
491.91,7,5,1,10.8,1255,1886,4,895.56,2,0,0,0.127,0.5486637815650933,0,0.4,0.4,0,0,1
2234.88,14,0,0,39.47,1121,2306,3,1218.5,1,0,0,0.279,1.8326199261992622,0,0.3,0.2,0,0,1
9771.88,0,1,0,21.64,1409,242,3,6366.5,1,0,0,0.228,1.5346493914409107,1,0.3,0.2,0,0,1
1461.35,20,6,1,3.0,1380,1803,1,1812.35,0,0,0,0.501,0.8058841370943282,0,0.1,0.0,0,0,1
4158.17,0,4,0,51.6,1407,96,3,1654.66,0,1,0,0.176,2.5114878658661803,1,0.3,0.0,0,0,1
1257.49,19,6,1,33.63,1422,1458,2,879.11,0,0,1,0.182,1.4287873106770745,0,0.2,0.0,1,0,0
3729.48,19,0,0,25.22,1214,2079,4,2472.65,0,0,0,0.337,1.5076829785943848,0,0.4,0.0,1,0,0
2689.52,17,6,1,20.68,1159,783,4,2270.93,0,0,0,0.416,1.1838040784707275,0,0.4,0.0,0,1,0
5064.85,5,0,0,28.42,1251,115,0,1514.12,0,0,1,0.323,3.34287053170706,1,0.0,0.0,0,0,1
1651.5,13,3,0,9.64,919,131,1,1106.11,2,1,0,0.449,1.4917216898049879,0,0.1,0.4,1,0,0
1314.95,9,3,0,4.07,783,1645,3,2662.33,0,0,0,0.355,0.4937240221827562,0,0.3,0.0,0,0,1
5503.96,22,2,0,22.99,312,896,4,465.99,2,0,0,0.47,11.786033962183344,0,0.4,0.4,1,0,0
1237.54,15,4,0,69.7,933,2312,4,2795.83,0,0,0,0.355,0.44247952145822234,0,0.4,0.0,0,1,0
19113.68,23,0,0,17.82,504,294,1,2085.88,0,0,0,0.318,9.158974162385954,1,0.1,0.0,1,0,0
7406.86,6,3,0,31.4,1153,1150,5,1178.55,1,0,0,0.173,6.279394684413547,0,0.5,0.2,0,1,0
2393.89,19,6,1,25.38,1328,2058,1,864.43,1,0,1,0.445,2.766127820852062,0,0.1,0.2,0,1,0
1079.33,20,0,0,20.69,724,648,1,1206.96,0,0,0,0.158,0.8935146859167521,0,0.1,0.0,1,0,0
566.04,11,4,0,15.5,997,1895,4,2347.72,0,0,0,0.346,0.24099935283899315,0,0.4,0.0,0,1,0
2498.28,1,1,0,12.76,427,1502,4,2960.5,0,0,1,0.326,0.8435860205976702,1,0.4,0.0,0,1,0
955.28,16,5,1,47.65,478,378,2,2760.66,0,0,0,0.339,0.3459078959756089,0,0.2,0.0,1,0,0
1393.67,1,4,0,28.57,259,873,4,1083.9,0,0,0,0.571,1.2846068762097889,1,0.4,0.0,1,0,0
1304.68,9,0,0,5.26,1352,1118,1,3126.09,1,0,0,0.38,0.4172185642242468,0,0.1,0.2,0,1,0
7769.44,20,5,1,3.38,1111,1004,3,994.39,0,0,0,0.461,7.805423000030139,0,0.3,0.0,0,0,1
709.82,13,4,0,12.67,103,2330,6,1084.09,0,0,0,0.62,0.6541577196361593,0,0.6,0.0,0,0,1
1473.8,7,6,1,41.27,393,667,5,1493.76,0,0,0,0.309,0.9859776820359121,0,0.5,0.0,0,0,1
629.83,8,2,0,20.35,1309,2119,1,2006.82,1,0,0,0.527,0.31368847805082134,0,0.1,0.2,1,0,0
2304.75,17,4,0,1.65,481,2490,2,2095.95,0,0,0,0.52,1.0990963065404518,0,0.2,0.0,1,0,0
457.85,23,0,0,49.52,390,1093,2,1337.93,0,0,0,0.406,0.3419521558259207,1,0.2,0.0,0,0,1
2235.36,0,4,0,5.0,1028,1712,7,332.7,1,0,0,0.514,6.6987114174408156,1,0.7,0.2,0,0,1
9411.71,6,0,0,90.43,776,1450,2,503.3,1,0,0,0.487,18.662918897481656,0,0.2,0.2,0,1,0
4396.61,23,1,0,36.13,218,420,2,272.09,1,0,0,0.513,16.099491010289647,1,0.2,0.2,0,1,0
907.76,9,5,1,62.97,332,889,3,2208.46,0,1,0,0.076,0.4108515202809736,0,0.3,0.0,1,0,0
1265.52,4,3,0,28.78,1311,1842,6,6922.73,0,0,0,0.423,0.18278009107807497,1,0.6,0.0,0,0,1
2654.13,11,1,0,35.02,1380,2076,3,1835.76,0,0,0,0.15,1.445006424355931,0,0.3,0.0,0,0,1
553.48,1,1,0,102.58,321,1520,3,2402.49,0,1,0,0.367,0.2302817985512734,1,0.3,0.0,0,1,0
6146.98,9,3,0,23.57,1097,443,2,730.51,0,0,0,0.084,8.403138713072957,0,0.2,0.0,0,1,0
4216.48,19,4,0,19.35,402,1715,3,864.92,0,1,0,0.161,4.869364375461936,0,0.3,0.0,0,1,0
3497.27,17,5,1,41.74,972,957,1,1201.51,0,0,0,0.352,2.9083084548153444,0,0.1,0.0,0,0,1
5316.64,14,0,0,33.26,16,2184,4,2228.23,0,0,0,0.46,2.3849670065448607,0,0.4,0.0,0,1,0
361.26,0,3,0,25.52,1064,1436,2,703.79,0,0,1,0.317,0.5125782147873835,1,0.2,0.0,0,0,1
26281.33,10,2,0,16.41,306,789,6,11590.1,0,0,0,0.439,2.267371517802452,0,0.6,0.0,0,1,0
2816.76,23,1,0,54.87,574,1239,2,1290.79,1,1,0,0.198,2.1805092158942245,1,0.2,0.2,0,0,1
868.79,20,1,0,64.11,665,590,2,1387.82,0,0,0,0.463,0.6255598277674572,0,0.2,0.0,0,0,1
5375.31,14,4,0,18.96,1097,2122,5,1352.24,0,0,1,0.622,3.972177884189058,0,0.5,0.0,0,1,0
930.24,22,2,0,1.18,755,364,3,1799.75,0,0,0,0.106,0.5165847563515202,0,0.3,0.0,0,0,1
2196.69,6,4,0,57.79,676,2056,2,1585.7,0,0,0,0.086,1.3844394025335602,0,0.2,0.0,0,0,1
1013.1,18,6,1,20.49,837,327,3,1186.17,0,0,0,0.384,0.8533739902457104,0,0.3,0.0,0,1,0
6233.14,23,0,0,30.11,386,1004,0,822.6,0,0,0,0.383,7.568164157357941,1,0.0,0.0,0,0,1
1013.2,17,3,0,27.32,523,812,3,826.99,0,0,0,0.283,1.2236862764043044,0,0.3,0.0,0,0,1
4134.1,15,2,0,11.87,890,1754,6,614.68,1,0,0,0.375,6.71468944906445,0,0.6,0.2,0,0,1
1956.35,7,4,0,35.1,111,1079,3,1616.04,0,0,0,0.301,1.2098340177113738,0,0.3,0.0,1,0,0
1185.92,6,3,0,43.91,248,2423,2,2011.03,0,0,1,0.314,0.5894146707554063,0,0.2,0.0,0,1,0
4207.95,7,4,0,19.24,498,1812,2,863.1,0,1,0,0.056,4.869748871658373,0,0.2,0.0,0,0,1
4247.04,3,6,1,97.08,1220,1013,4,1465.02,0,0,0,0.353,2.8969863985484507,1,0.4,0.0,0,0,1
3777.57,3,3,0,33.03,278,1143,2,2586.28,2,0,0,0.345,1.4600545746884759,1,0.2,0.4,0,0,1
2305.5,15,0,0,5.73,768,1927,3,1424.03,1,0,0,0.32,1.6178606766173345,0,0.3,0.2,0,0,1
468.5,15,0,0,51.3,1018,279,2,1381.89,1,0,0,0.191,0.33878327271149544,0,0.2,0.2,0,1,0
3802.18,22,4,0,42.04,771,269,5,309.68,0,0,0,0.471,12.238251577185528,0,0.5,0.0,0,0,1
6082.26,4,3,0,1.81,694,1194,4,8610.62,0,0,0,0.555,0.7062852285632668,1,0.4,0.0,1,0,0
2221.02,7,1,0,94.51,22,1933,1,3308.12,0,1,1,0.335,0.6711814621409922,0,0.1,0.0,1,0,0
1297.54,12,0,0,68.49,458,532,4,1077.35,0,0,1,0.425,1.203264246302221,0,0.4,0.0,0,0,1
1197.64,7,1,0,34.17,167,1900,7,1757.73,0,0,1,0.284,0.6809686535170265,0,0.7,0.0,0,0,1
9012.28,0,4,0,41.73,1428,1846,5,451.6,1,0,0,0.085,19.91224038886434,1,0.5,0.2,0,0,1
7177.87,19,0,0,6.57,274,533,6,1826.39,0,0,0,0.792,3.9279354708080922,0,0.6,0.0,1,0,0
2948.5,21,4,0,14.45,328,917,1,422.36,0,0,0,0.247,6.964521919879062,0,0.1,0.0,0,0,1
7139.61,6,4,0,38.98,322,1602,4,4857.36,0,0,0,0.178,1.4695514535769272,0,0.4,0.0,0,0,1
2155.44,0,2,0,26.25,45,409,3,2194.5,2,0,0,0.284,0.9817535868822592,1,0.3,0.4,0,0,1
1789.02,8,6,1,30.58,1498,1157,1,1067.08,0,0,0,0.755,1.674986892367613,0,0.1,0.0,0,0,1
3034.57,4,4,0,36.13,1339,688,3,3859.03,1,1,0,0.359,0.7861519210990588,1,0.3,0.2,1,0,0
701.39,12,2,0,4.64,1174,568,2,6447.6,1,0,0,0.007,0.10876624383587134,0,0.2,0.2,0,0,1
3992.08,12,0,0,18.85,878,1935,2,2403.11,0,0,0,0.125,1.6605230209932156,0,0.2,0.0,0,1,0
1632.08,13,4,0,33.48,555,255,1,813.76,1,0,0,0.251,2.0031420295547155,0,0.1,0.2,0,0,1
1454.98,1,3,0,32.47,641,253,2,618.41,2,0,0,0.332,2.3489772525467787,1,0.2,0.4,0,0,1
406.05,10,0,0,21.21,1423,2025,1,2011.32,1,0,0,0.324,0.2017820227399221,0,0.1,0.2,1,0,0
1327.14,11,6,1,19.18,1323,233,2,1097.43,0,0,0,0.056,1.2082153619256575,0,0.2,0.0,1,0,0
1575.64,10,1,0,87.23,544,1750,0,1547.86,1,0,0,0.296,1.0172901359709723,0,0.0,0.2,0,1,0
3180.03,13,5,1,42.27,745,467,5,640.75,0,0,0,0.531,4.955247370471367,0,0.5,0.0,0,1,0
152.96,7,4,0,56.47,1471,2227,2,2607.27,0,0,0,0.401,0.05864423545108444,0,0.2,0.0,1,0,0
3080.27,14,0,0,24.67,904,342,1,3016.94,1,0,1,0.188,1.0206531607652902,0,0.1,0.2,0,0,1
2259.3,0,0,0,38.08,177,63,6,3656.16,1,1,0,0.361,0.6177744479322754,1,0.6,0.2,1,0,0
425.29,7,6,1,62.18,36,2197,2,679.49,0,1,0,0.355,0.6249761201487164,0,0.2,0.0,0,1,0
2270.65,19,5,1,79.93,1473,1082,2,1680.28,0,0,0,0.107,1.3505483917015608,0,0.2,0.0,0,0,1
1940.59,20,5,1,4.26,348,169,6,3994.06,0,0,1,0.158,0.4857473980365752,0,0.6,0.0,0,1,0
1082.75,19,1,0,89.38,316,2328,3,1952.53,0,0,1,0.349,0.5542530700833875,0,0.3,0.0,0,1,0
2142.6,22,6,1,1.43,593,1466,1,314.85,0,0,0,0.454,6.783599810036409,0,0.1,0.0,0,0,1
331.34,0,4,0,43.17,1034,529,2,1418.29,0,0,0,0.214,0.23345475554678746,1,0.2,0.0,0,0,1
909.95,8,4,0,35.69,116,2452,1,1004.83,0,0,0,0.267,0.904675740433274,0,0.1,0.0,0,0,1
826.54,21,0,0,44.1,284,225,5,3060.08,0,0,0,0.416,0.2700158114129654,0,0.5,0.0,1,0,0
2051.37,5,4,0,11.71,72,2231,0,1661.99,0,0,0,0.062,1.233543196291018,1,0.0,0.0,1,0,0
2136.27,17,6,1,32.22,1417,1938,4,5784.96,0,0,0,0.192,0.3692161715601214,0,0.4,0.0,0,1,0
2283.17,8,4,0,5.49,1438,2133,3,2936.6,0,0,0,0.189,0.777222903050109,0,0.3,0.0,0,1,0
1611.39,12,5,1,70.3,1038,1910,3,608.52,1,0,0,0.573,2.643703241895262,0,0.3,0.2,0,0,1
448.29,10,4,0,31.69,692,1653,1,1417.72,0,0,0,0.295,0.3159820119544378,0,0.1,0.0,1,0,0
1429.54,5,6,1,33.76,697,1797,1,629.45,0,0,0,0.35,2.2674914743437227,1,0.1,0.0,0,0,1
355.52,19,0,0,24.23,1016,1591,5,5901.92,0,0,0,0.125,0.06022781945206779,0,0.5,0.0,0,0,1
2042.14,5,5,1,27.97,1428,680,2,1597.51,0,0,0,0.209,1.2775271972023947,1,0.2,0.0,1,0,0
9506.24,3,4,0,3.62,275,2403,2,1087.65,0,0,0,0.37,8.732136131906488,1,0.2,0.0,0,1,0
820.73,13,3,0,50.6,511,280,2,883.48,0,0,0,0.559,0.9279237518089725,0,0.2,0.0,1,0,0
139.79,15,6,1,14.22,969,134,3,4850.71,2,0,0,0.264,0.028812521770674667,0,0.3,0.4,0,0,1
8273.96,23,0,0,12.18,269,1800,3,1066.65,2,0,1,0.54,7.749693251533741,1,0.3,0.4,0,1,0
2126.88,16,4,0,5.87,187,2427,2,3812.16,0,0,1,0.236,0.5577736050939379,0,0.2,0.0,0,0,1
482.97,15,3,0,20.18,922,569,3,1192.17,0,0,0,0.332,0.40477886638115274,0,0.3,0.0,0,1,0
4371.07,6,5,1,3.94,482,1206,4,659.9,0,0,0,0.15,6.613814495385081,0,0.4,0.0,1,0,0
3585.3,14,2,0,9.04,1475,625,2,1464.35,0,0,0,0.068,2.4467192138396974,0,0.2,0.0,0,0,1
5096.34,6,2,0,18.61,474,2190,4,565.68,1,0,1,0.052,8.993329568716032,0,0.4,0.2,0,0,1
5512.5,18,6,1,47.69,455,1672,1,1875.57,1,0,0,0.352,2.937540299589144,0,0.1,0.2,0,1,0
1707.89,9,5,1,8.2,1214,1840,4,674.12,1,0,1,0.386,2.529757672710037,0,0.4,0.2,0,1,0
810.27,7,4,0,91.49,803,2298,3,739.82,0,0,0,0.487,1.0937474690208147,0,0.3,0.0,0,1,0
1219.13,2,5,1,2.58,1118,88,4,1980.58,0,1,0,0.23,0.6152312800896256,1,0.4,0.0,0,0,1
2368.9,0,4,0,78.44,1415,2002,1,2844.63,0,0,1,0.295,0.8324694355907127,1,0.1,0.0,1,0,0
1948.73,4,2,0,26.93,1364,1528,2,1224.71,0,0,0,0.083,1.5898785193887623,1,0.2,0.0,0,1,0
569.93,3,0,0,7.42,917,420,5,2058.22,0,1,0,0.191,0.2767698448927264,1,0.5,0.0,1,0,0
1205.82,20,3,0,21.9,822,509,0,1831.37,1,0,1,0.143,0.6580657836572308,0,0.0,0.2,1,0,0
3047.34,23,1,0,33.14,177,1607,7,2030.52,0,0,0,0.505,1.500029534535717,1,0.7,0.0,1,0,0
966.0,5,2,0,79.57,304,378,3,1430.4,0,0,0,0.707,0.6748637697359229,1,0.3,0.0,0,1,0
573.19,16,4,0,38.12,1011,1086,1,565.54,0,0,0,0.404,1.0117379178875279,0,0.1,0.0,0,0,1
1389.58,10,4,0,45.65,1312,950,3,1378.38,0,0,0,0.319,1.007394626571358,0,0.3,0.0,0,1,0
2735.72,5,5,1,46.54,1284,265,0,1644.54,1,0,0,0.146,1.6625059251066518,1,0.0,0.2,0,0,1
3901.02,15,1,0,60.45,428,1746,2,1739.92,1,0,0,0.444,2.240780736622016,0,0.2,0.2,0,0,1
1436.47,7,1,0,10.15,969,934,6,1155.03,1,0,0,0.488,1.2425888601506883,0,0.6,0.2,0,0,1
10495.95,18,0,0,20.52,822,1020,1,749.08,2,0,0,0.399,13.993107401877133,0,0.1,0.4,0,0,1
2257.69,14,1,0,9.68,371,923,1,288.12,0,0,0,0.106,7.808833702268954,0,0.1,0.0,0,0,1
1030.37,7,1,0,63.05,915,1765,2,1635.39,1,0,0,0.355,0.6296604110267111,0,0.2,0.2,0,0,1
13610.63,5,2,0,42.6,763,2082,1,1672.03,0,0,0,0.191,8.135317358325912,1,0.1,0.0,0,1,0
393.03,19,5,1,6.42,129,1497,3,1039.89,0,0,0,0.35,0.3775903313510553,0,0.3,0.0,0,0,1
2367.44,21,5,1,15.57,410,2191,2,2953.14,1,0,0,0.562,0.8013973609916931,0,0.2,0.2,0,1,0
2835.07,17,2,0,9.09,281,1923,2,1328.52,0,0,0,0.285,2.1324011673385885,0,0.2,0.0,1,0,0
724.58,22,0,0,121.28,387,735,1,478.81,0,1,0,0.233,1.5101394301911173,0,0.1,0.0,0,1,0
316.37,23,4,0,11.84,1043,39,2,1358.83,0,1,0,0.299,0.23265408176022004,1,0.2,0.0,0,1,0
368.73,0,0,0,56.63,29,1989,2,920.93,1,1,0,0.15,0.39995444339591946,1,0.2,0.2,0,0,1
3430.0,1,1,0,10.47,1305,1627,1,1031.2,0,0,1,0.177,3.322999418717303,1,0.1,0.0,0,1,0
10852.84,10,2,0,41.88,15,155,2,1523.18,1,0,0,0.406,7.120445091787059,0,0.2,0.2,0,0,1
2539.53,11,4,0,63.91,1323,816,5,2702.95,0,0,0,0.215,0.9391926625862166,0,0.5,0.0,1,0,0
1002.29,23,1,0,5.8,736,726,3,8673.97,0,0,0,0.141,0.11553815171695118,1,0.3,0.0,1,0,0
1096.08,14,0,0,8.7,1155,982,8,2173.65,0,0,0,0.517,0.5040259352079645,0,0.8,0.0,1,0,0
1959.95,11,6,1,19.85,127,1679,0,1140.97,1,0,1,0.254,1.716288518962845,0,0.0,0.2,1,0,0
665.93,17,0,0,43.2,615,828,7,1517.23,0,0,0,0.377,0.4386226065879346,0,0.7,0.0,0,1,0
2102.69,3,6,1,15.54,114,1973,1,713.46,1,0,0,0.547,2.9430478963132995,1,0.1,0.2,0,1,0
1425.9,7,6,1,10.37,50,402,3,1474.48,1,0,0,0.128,0.9663973757692412,0,0.3,0.2,0,1,0
13463.31,17,5,1,12.88,1223,1343,1,1035.29,0,0,0,0.067,12.991836262050198,0,0.1,0.0,0,1,0
613.92,19,1,0,32.43,645,411,1,1553.08,0,0,0,0.073,0.39503757850303717,0,0.1,0.0,1,0,0
3632.65,9,6,1,20.54,1333,395,2,1717.81,0,0,0,0.322,2.1134680389339136,0,0.2,0.0,1,0,0
611.4,15,6,1,52.67,1342,1141,5,894.75,0,0,0,0.162,0.6825565168852916,0,0.5,0.0,0,1,0
5330.11,15,5,1,42.18,823,854,5,1158.9,0,1,0,0.173,4.595318561944994,0,0.5,0.0,0,0,1
414.4,10,2,0,31.08,1151,2379,3,1795.15,1,0,1,0.354,0.23071569746402024,0,0.3,0.2,0,1,0
5357.23,2,4,0,17.17,1317,2375,2,719.25,0,0,0,0.258,7.438014578271433,1,0.2,0.0,0,0,1
548.4,10,3,0,10.3,809,205,1,697.31,1,0,0,0.239,0.785324569317352,0,0.1,0.2,0,0,1
2325.17,0,1,0,24.67,1211,183,5,691.92,0,0,0,0.614,3.355611037349189,1,0.5,0.0,0,0,1
3127.51,5,2,0,43.62,1040,1442,3,1846.42,1,0,0,0.179,1.6929068647086207,1,0.3,0.2,0,0,1
1805.33,4,2,0,20.03,253,2317,4,2196.75,1,0,0,0.353,0.8214446593106586,1,0.4,0.2,0,1,0
1939.13,1,2,0,29.71,1327,1183,5,8332.73,1,1,0,0.549,0.23268452421664731,1,0.5,0.2,0,1,0
3020.29,0,1,0,38.88,839,1401,3,3585.06,0,0,0,0.397,0.8422307490672214,1,0.3,0.0,0,1,0
2062.67,1,1,0,45.29,364,1218,5,1347.88,0,0,0,0.44,1.5291723503944012,1,0.5,0.0,0,1,0
2384.85,2,5,1,29.92,1389,563,4,1339.34,0,0,0,0.149,1.7792873450020144,1,0.4,0.0,1,0,0
1555.33,7,6,1,56.58,241,2011,2,3017.75,0,0,0,0.246,0.5152231884057971,0,0.2,0.0,1,0,0
5096.83,14,4,0,10.65,1066,1942,4,1260.7,1,0,0,0.134,4.039652849330269,0,0.4,0.2,1,0,0
1637.98,20,6,1,0.1,86,2133,1,12992.71,0,1,0,0.55,0.12605945492088097,0,0.1,0.0,1,0,0
973.33,15,6,1,40.53,1329,1032,7,4264.74,1,0,0,0.611,0.22817377524181034,0,0.7,0.2,1,0,0
3643.09,11,4,0,91.98,1018,1901,1,3926.96,0,0,0,0.149,0.9274763490463244,0,0.1,0.0,1,0,0
2312.17,20,2,0,40.81,746,53,2,818.13,1,0,0,0.765,2.822714343266637,0,0.2,0.2,1,0,0
1580.77,11,5,1,7.39,368,1736,1,1413.29,0,0,0,0.023,1.1177127746077538,0,0.1,0.0,0,0,1
4414.75,13,2,0,12.37,63,661,2,1350.01,0,0,0,0.313,3.2677404312329297,0,0.2,0.0,0,1,0
4415.95,7,5,1,0.56,480,1867,2,992.11,1,0,0,0.45,4.4465869843219785,0,0.2,0.2,0,1,0
3249.46,7,0,0,50.45,1231,1553,4,2581.47,1,0,0,0.234,1.2582759915894475,0,0.4,0.2,0,0,1
6354.93,22,1,0,32.24,942,1110,4,3182.34,1,0,0,0.064,1.9963089082535952,0,0.4,0.2,1,0,0
4853.89,8,5,1,14.09,105,1304,3,2358.0,1,0,0,0.576,2.057604917337855,0,0.3,0.2,0,0,1
15384.02,9,3,0,9.44,368,376,2,1562.23,0,0,0,0.306,9.84117500303858,0,0.2,0.0,0,1,0
2236.7,2,3,0,29.83,793,2349,5,789.59,1,0,0,0.127,2.8291529111170135,1,0.5,0.2,0,1,0
4159.57,19,5,1,0.99,1194,1370,2,1812.38,0,0,0,0.204,2.2938214825353755,0,0.2,0.0,0,1,0
1318.5,10,0,0,13.99,431,1635,5,1098.2,0,0,0,0.119,1.199508733624454,0,0.5,0.0,0,1,0
800.9,5,2,0,44.25,322,1909,4,1860.8,0,0,0,0.367,0.43017509936620474,1,0.4,0.0,0,1,0
227.79,2,5,1,15.24,551,193,1,2762.68,0,0,0,0.284,0.08242271174665664,1,0.1,0.0,0,1,0
6328.22,0,1,0,21.21,555,1535,3,1594.81,0,0,0,0.069,3.965522211290818,1,0.3,0.0,0,0,1
2610.92,9,0,0,24.51,1178,259,2,3076.75,0,0,0,0.144,0.8483210137275607,0,0.2,0.0,1,0,0
1566.07,13,0,0,16.43,1343,1151,0,613.7,2,0,1,0.196,2.547698064096307,0,0.0,0.4,1,0,0
3540.52,1,1,0,28.68,45,2086,1,1266.78,2,0,0,0.184,2.7926927384877502,1,0.1,0.4,0,0,1
2652.92,13,1,0,31.61,886,2315,1,1388.25,0,0,0,0.325,1.909605902465359,0,0.1,0.0,1,0,0
3218.18,19,4,0,42.74,1125,2225,2,4040.93,0,0,0,0.579,0.7961988456009876,0,0.2,0.0,0,0,1
10380.31,8,6,1,15.41,124,238,3,1335.04,0,0,0,0.078,7.769460495194754,0,0.3,0.0,0,0,1
1717.35,8,4,0,21.23,639,48,3,2388.6,0,0,0,0.191,0.7186767659859391,0,0.3,0.0,0,1,0
562.26,18,2,0,54.29,537,1704,6,1263.34,1,0,0,0.049,0.4447063289937833,0,0.6,0.2,0,0,1
858.53,9,3,0,15.41,1228,1589,4,2477.43,2,0,0,0.321,0.34640074563332435,0,0.4,0.4,1,0,0
2929.16,16,1,0,43.45,464,2337,4,1985.69,0,0,0,0.066,1.4743920792876593,0,0.4,0.0,0,1,0
3516.27,16,5,1,46.5,1302,49,2,3044.96,0,0,0,0.301,1.1544045227120514,0,0.2,0.0,0,1,0
128.62,17,6,1,6.07,242,369,1,749.05,0,0,0,0.079,0.17148190120658624,0,0.1,0.0,0,0,1
2020.79,16,3,0,8.6,560,1412,4,1336.0,1,1,0,0.558,1.5114360508601346,0,0.4,0.2,0,1,0
3266.06,14,5,1,110.77,1289,1088,6,837.59,0,0,0,0.09,3.8947042058693757,0,0.6,0.0,1,0,0
4233.24,22,0,0,54.32,739,255,2,1357.48,0,0,0,0.413,3.1161592367940636,0,0.2,0.0,1,0,0
2597.55,0,2,0,29.0,197,1229,1,2844.24,0,0,0,0.385,0.9129458323375182,1,0.1,0.0,0,0,1
612.72,14,2,0,20.47,619,294,2,1084.17,0,0,0,0.329,0.564630426569109,0,0.2,0.0,0,1,0
1586.42,9,3,0,1.85,700,2491,1,1980.57,1,0,0,0.268,0.8005874130108954,0,0.1,0.2,0,0,1
404.01,3,2,0,31.82,1362,1336,4,683.9,0,0,0,0.214,0.5898817345597898,1,0.4,0.0,0,0,1
4738.7,9,1,0,46.01,932,1981,3,2165.92,1,0,0,0.295,2.186836616026434,0,0.3,0.2,0,0,1
1597.0,18,2,0,15.23,369,2084,3,2221.91,0,0,0,0.182,0.7184276466433639,0,0.3,0.0,1,0,0
2063.3,20,2,0,55.91,585,358,2,870.6,1,1,0,0.152,2.3672556218448833,0,0.2,0.2,1,0,0
2021.93,7,0,0,4.67,148,1247,8,911.24,0,0,1,0.113,2.2164452337104272,0,0.8,0.0,1,0,0
6477.18,22,2,0,24.72,33,320,3,646.82,1,0,0,0.157,9.998425488561637,0,0.3,0.2,1,0,0
906.1,21,4,0,41.14,496,1195,2,1361.4,0,0,0,0.128,0.6650763358778625,0,0.2,0.0,0,1,0
3589.86,18,3,0,24.59,137,2112,2,751.63,0,0,1,0.245,4.76975406242111,0,0.2,0.0,0,1,0
4700.49,23,3,0,12.01,1208,183,3,1993.72,0,0,0,0.51,2.3564660704259244,1,0.3,0.0,0,0,1
309.0,5,6,1,64.28,201,360,4,1026.77,0,0,1,0.286,0.3006509238448291,1,0.4,0.0,1,0,0
949.37,8,6,1,92.24,906,2081,2,1370.89,0,0,0,0.183,0.6920161237416994,0,0.2,0.0,0,0,1
2601.69,18,4,0,12.48,841,1271,4,581.4,0,0,0,0.414,4.4671875000000005,0,0.4,0.0,1,0,0
210.61,11,2,0,82.13,1064,2388,1,979.99,1,0,0,0.215,0.21469128125668968,0,0.1,0.2,0,1,0
2995.22,9,4,0,59.42,273,109,3,1564.32,0,0,0,0.425,1.9134873380522832,0,0.3,0.0,0,0,1
1593.43,16,6,1,119.76,145,1518,3,558.9,0,0,0,0.334,2.8459189140918024,0,0.3,0.0,0,1,0
4113.28,23,2,0,86.96,128,1011,3,842.45,2,0,0,0.153,4.876732467840417,1,0.3,0.4,1,0,0
1155.71,1,4,0,35.75,1411,147,4,2085.3,1,0,0,0.26,0.5539519723913148,1,0.4,0.2,1,0,0
16846.13,8,6,1,37.24,912,2458,1,1577.83,2,0,0,0.505,10.670008803987765,0,0.1,0.4,0,1,0
1696.43,7,1,0,19.34,1289,1221,6,1925.34,0,0,0,0.18,0.8806493142435915,0,0.6,0.0,1,0,0
3502.42,13,3,0,8.6,1432,2015,2,577.97,0,0,0,0.296,6.049398068984576,0,0.2,0.0,0,0,1
2138.27,23,0,0,47.19,1470,944,7,1390.25,0,0,0,0.165,1.5369415992812219,1,0.7,0.0,0,1,0
3832.7,9,3,0,19.93,1202,705,6,1277.33,0,0,0,0.088,2.998208600283182,0,0.6,0.0,0,1,0
1900.7,11,6,1,60.84,138,1518,3,1030.34,0,0,0,0.421,1.8429421917117539,0,0.3,0.0,0,0,1
1132.36,1,6,1,21.3,824,74,5,517.03,0,1,0,0.388,2.1858965696967356,1,0.5,0.0,0,0,1
2390.15,16,4,0,59.74,805,1331,7,2163.09,0,0,0,0.161,1.1044596111991645,0,0.7,0.0,1,0,0
1021.01,10,5,1,36.13,595,1330,3,1509.0,0,1,0,0.308,0.6761655629139073,0,0.3,0.0,0,1,0
1401.25,1,3,0,40.0,1498,1025,3,564.66,0,0,1,0.52,2.477194781317399,1,0.3,0.0,0,0,1
3368.03,8,4,0,16.21,13,2161,4,1473.18,0,0,0,0.041,2.284680296842991,0,0.4,0.0,1,0,0
172.05,2,0,0,2.7,490,684,4,1388.83,1,0,0,0.421,0.12379211846053116,1,0.4,0.2,0,0,1
3172.99,0,3,0,31.92,1428,380,3,1248.12,1,0,0,0.518,2.540180286921993,1,0.3,0.2,1,0,0
1837.75,13,1,0,96.15,90,1021,1,1419.51,0,0,0,0.49,1.293725492956755,0,0.1,0.0,1,0,0
1580.6,21,2,0,32.92,459,462,3,722.67,2,0,0,0.022,2.1841447068415163,0,0.3,0.4,0,0,1
1041.24,22,1,0,55.74,508,681,1,1314.77,0,0,0,0.436,0.7913541120408583,0,0.1,0.0,1,0,0
1950.69,2,2,0,12.47,1284,1251,2,759.14,0,0,0,0.425,2.566224642828953,1,0.2,0.0,0,1,0
1252.81,2,3,0,35.79,928,252,2,2700.6,1,1,0,0.475,0.4637289013917678,1,0.2,0.2,1,0,0
1783.96,23,2,0,15.41,953,820,4,1821.38,0,0,0,0.063,0.9789176790790065,1,0.4,0.0,0,0,1
4449.4,7,5,1,5.36,1369,1342,4,2221.37,1,0,0,0.306,2.0020968605587726,0,0.4,0.2,0,1,0
840.05,7,6,1,1.05,971,2426,2,4297.68,0,0,1,0.194,0.19542045465119523,0,0.2,0.0,0,1,0
18740.19,14,4,0,45.59,467,964,1,879.99,0,0,0,0.029,21.271739747329708,0,0.1,0.0,1,0,0
179.14,19,4,0,13.09,949,709,5,1367.51,0,0,0,0.26,0.1309014914030588,0,0.5,0.0,0,1,0
1712.68,2,4,0,75.41,440,42,1,4477.75,0,0,0,0.317,0.38240133965950324,1,0.1,0.0,0,0,1
2635.01,21,6,1,25.64,197,836,5,1782.66,0,0,0,0.295,1.477305091777581,0,0.5,0.0,0,0,1
159.43,0,6,1,38.01,1150,871,3,799.02,0,0,0,0.349,0.1992825179370516,1,0.3,0.0,0,1,0
1087.67,23,6,1,11.98,56,1452,1,1200.46,0,0,0,0.593,0.9052902302198992,1,0.1,0.0,0,0,1
1102.61,20,0,0,21.9,577,1217,5,767.49,2,0,0,0.334,1.4347746880245675,0,0.5,0.4,0,0,1
1290.69,15,3,0,20.45,741,867,6,628.55,0,0,0,0.225,2.050178699070765,0,0.6,0.0,1,0,0
1026.07,4,2,0,6.86,79,2063,4,1031.75,1,0,0,0.497,0.9935318324860808,1,0.4,0.2,0,0,1
593.22,4,3,0,35.07,1305,1850,3,645.78,0,0,0,0.07,0.9171897708649001,1,0.3,0.0,0,0,1
13711.42,20,6,1,3.38,1351,1401,4,1359.18,0,0,0,0.297,10.080592274551897,0,0.4,0.0,0,0,1
4170.3,7,3,0,1.81,368,282,2,446.87,0,0,0,0.239,9.31140732801929,0,0.2,0.0,1,0,0
2288.34,20,1,0,9.2,1340,1438,2,880.89,0,0,0,0.122,2.5948134121035507,0,0.2,0.0,1,0,0
31081.47,0,0,0,54.19,745,1926,4,1246.67,1,0,0,0.275,24.91161124335762,1,0.4,0.2,0,0,1
2872.89,13,2,0,4.71,718,1623,0,2357.43,0,0,0,0.354,1.21813664174896,0,0.0,0.0,0,1,0
1342.9,1,1,0,91.96,1408,1874,4,1882.07,0,0,0,0.173,0.7131439617220816,1,0.4,0.0,0,1,0
2630.15,13,1,0,35.78,563,564,4,440.71,0,0,0,0.265,5.954472391388015,0,0.4,0.0,0,1,0
1679.7,19,6,1,110.18,1110,1370,7,3222.65,0,1,0,0.346,0.5210553254850868,0,0.7,0.0,1,0,0
997.08,1,4,0,27.87,1111,1211,5,1045.48,0,0,0,0.158,0.9527941288892287,1,0.5,0.0,0,1,0
3248.4,14,0,0,0.58,1017,791,1,487.98,1,0,0,0.371,6.643216491472044,0,0.1,0.2,1,0,0
2283.31,2,6,1,4.1,591,1655,7,783.87,0,0,1,0.361,2.90915693044708,1,0.7,0.0,0,0,1
1446.53,4,1,0,23.15,1261,560,4,641.53,0,0,0,0.22,2.2513034410844632,1,0.4,0.0,0,1,0
863.5,6,1,0,24.86,1226,1376,2,517.91,0,0,0,0.574,1.6640650594515427,0,0.2,0.0,1,0,0
676.22,15,2,0,74.25,1406,1896,2,600.43,0,1,1,0.136,1.1243536238631264,0,0.2,0.0,0,0,1
1025.81,23,2,0,26.82,1145,95,6,3688.39,0,1,0,0.384,0.27804325376281713,1,0.6,0.0,0,1,0
2274.47,0,1,0,15.24,1332,2427,3,1577.82,2,0,1,0.164,1.4406138761860123,1,0.3,0.4,1,0,0
7774.92,1,0,0,15.5,1324,1154,2,1313.65,0,0,0,0.247,5.914060776632564,1,0.2,0.0,0,1,0
1189.99,16,2,0,71.66,1132,2007,2,2571.68,1,0,0,0.114,0.46254878181507225,0,0.2,0.2,0,0,1
469.64,13,6,1,8.71,1487,1497,4,499.0,0,0,0,0.366,0.93928,0,0.4,0.0,0,1,0
306.93,10,1,0,88.06,192,957,5,999.35,2,0,0,0.175,0.30682261208577,0,0.5,0.4,0,1,0
896.71,7,0,0,4.43,1062,52,2,2208.23,0,0,0,0.236,0.40589255079824194,0,0.2,0.0,0,0,1
6812.94,12,3,0,11.76,1174,1659,3,2251.2,0,0,0,0.149,3.0250155403605365,0,0.3,0.0,1,0,0
1035.38,19,3,0,81.34,1054,936,2,1193.81,1,1,0,0.043,0.8665645583816675,0,0.2,0.2,1,0,0
3396.3,9,0,0,18.08,355,436,3,2478.02,0,0,0,0.073,1.3700171842098894,0,0.3,0.0,0,1,0
609.36,2,3,0,18.73,967,570,1,2261.24,0,0,0,0.448,0.2693613409717802,1,0.1,0.0,0,1,0
367.57,0,6,1,12.48,1283,2499,2,1658.63,0,0,0,0.523,0.22147707621578303,1,0.2,0.0,1,0,0
1842.84,2,4,0,24.96,396,686,3,560.08,0,0,0,0.222,3.284451415127967,1,0.3,0.0,0,0,1
2424.4,15,4,0,56.07,859,1770,4,5337.83,0,0,0,0.07,0.4541069859875666,0,0.4,0.0,1,0,0
6810.27,4,6,1,9.35,366,2189,2,4532.87,0,1,0,0.167,1.502087620509631,1,0.2,0.0,0,0,1
1771.75,5,5,1,32.62,1175,1294,5,773.15,0,0,0,0.328,2.2886391526190017,1,0.5,0.0,1,0,0
4161.54,12,6,1,77.41,826,801,8,977.1,0,0,0,0.295,4.2547183314589505,0,0.8,0.0,0,0,1
1111.81,3,0,0,65.67,518,232,3,2397.5,0,1,0,0.136,0.4635438815926621,1,0.3,0.0,0,1,0
2756.37,21,6,1,35.35,428,2154,4,3169.64,0,0,0,0.439,0.8693418363484975,0,0.4,0.0,1,0,0
4886.32,11,5,1,74.17,1474,2028,5,1622.95,0,1,0,0.047,3.008910372856307,0,0.5,0.0,0,0,1
731.56,17,5,1,35.09,411,1447,1,596.71,1,1,0,0.414,1.2239380301483995,0,0.1,0.2,0,1,0
4561.44,11,2,0,1.85,590,327,4,2309.6,1,0,1,0.306,1.974136587899247,0,0.4,0.2,1,0,0
4829.56,20,1,0,30.96,29,703,3,1727.08,1,0,0,0.137,2.7947548724596087,0,0.3,0.2,0,0,1
2487.84,3,2,0,78.76,162,1621,3,1608.46,1,0,0,0.133,1.5457606899208431,1,0.3,0.2,0,1,0
637.34,19,6,1,7.8,645,1693,1,1034.34,0,0,0,0.225,0.6155852183823672,0,0.1,0.0,1,0,0
797.1,5,0,0,23.63,530,1520,3,700.5,0,0,0,0.265,1.1362794012829651,1,0.3,0.0,0,1,0
9648.47,12,2,0,2.42,456,2103,4,4085.71,0,0,0,0.023,2.360938260850415,0,0.4,0.0,1,0,0
1683.27,12,6,1,83.25,1112,538,3,895.16,0,0,0,0.364,1.8783141403320835,0,0.3,0.0,0,1,0
5489.46,4,5,1,118.19,1365,2077,6,2993.37,0,0,0,0.374,1.8332604187191297,1,0.6,0.0,1,0,0
1594.42,4,3,0,29.05,645,1161,2,2053.7,2,0,0,0.186,0.7759867620577214,1,0.2,0.4,0,0,1
2820.87,10,4,0,22.64,394,2338,3,3496.78,0,0,0,0.445,0.8064743923288485,0,0.3,0.0,1,0,0
978.29,19,3,0,60.14,600,1471,4,271.39,0,0,0,0.133,3.5915048276368444,0,0.4,0.0,0,0,1
642.84,14,1,0,45.23,1414,2178,4,3129.16,1,0,1,0.427,0.20536969356199047,0,0.4,0.2,0,1,0
5362.1,4,2,0,19.56,362,862,4,1753.58,3,0,0,0.283,3.0560589998746144,1,0.4,0.6,0,1,0
2205.96,15,5,1,17.37,827,1743,2,1873.84,0,0,0,0.112,1.176612404258497,0,0.2,0.0,0,0,1
764.84,5,5,1,24.05,870,163,2,3659.08,0,0,1,0.102,0.20896810998666698,1,0.2,0.0,0,0,1
1450.21,8,4,0,5.1,559,1911,2,797.96,0,0,0,0.221,1.8151221588064483,0,0.2,0.0,0,1,0
7086.96,8,0,0,33.01,1072,640,3,1433.57,0,0,0,0.156,4.940128400844853,0,0.3,0.0,1,0,0
136.14,2,6,1,74.61,453,1116,1,1182.74,1,1,0,0.333,0.11500836332302701,1,0.1,0.2,0,1,0
414.63,1,6,1,44.43,1132,1386,4,1854.81,0,0,0,0.417,0.22342265641418033,1,0.4,0.0,0,1,0
2259.12,16,2,0,6.11,1251,1761,2,680.3,2,0,0,0.12,3.3158960810215765,0,0.2,0.4,0,1,0
1710.08,1,6,1,27.78,1198,591,4,1449.16,0,0,0,0.416,1.1792353947150658,1,0.4,0.0,1,0,0
1314.03,5,6,1,23.57,615,2061,4,3016.0,0,0,0,0.488,0.43554192906861117,1,0.4,0.0,0,1,0
1306.52,23,0,0,13.26,146,1338,3,1298.58,0,0,0,0.248,1.005340186829591,1,0.3,0.0,0,0,1
1667.68,20,3,0,14.39,17,320,7,1150.03,1,1,0,0.369,1.448858848162081,0,0.7,0.2,0,0,1
3953.22,11,3,0,6.73,1302,366,2,3026.98,1,0,0,0.172,1.3055634449368885,0,0.2,0.2,0,0,1
988.97,12,3,0,30.29,327,411,5,1997.01,1,0,0,0.316,0.49497750261510204,0,0.5,0.2,0,1,0
1755.92,10,1,0,30.73,101,2145,2,2370.5,0,0,0,0.531,0.7404258907864222,0,0.2,0.0,0,0,1
1718.15,17,1,0,45.58,185,2028,4,531.17,0,0,0,0.27,3.228573576112897,0,0.4,0.0,0,1,0
1324.0,6,6,1,9.39,876,1657,0,1466.35,0,0,0,0.198,0.9023068797492078,0,0.0,0.0,0,1,0
3714.35,21,6,1,10.65,598,1344,4,2026.89,0,0,0,0.115,1.831632879495436,0,0.4,0.0,0,1,0
4287.92,11,3,0,12.54,858,1695,3,1611.76,0,0,0,0.337,2.658746496688906,0,0.3,0.0,1,0,0
1450.43,22,4,0,2.44,1318,2174,1,2329.98,0,1,0,0.256,0.6222404310633296,0,0.1,0.0,1,0,0
756.69,23,1,0,8.12,1265,1535,2,1246.19,0,0,0,0.031,0.6067158973372141,1,0.2,0.0,0,0,1
21958.01,14,4,0,10.46,728,1542,10,748.61,1,1,0,0.558,29.292578807646642,0,1.0,0.2,0,0,1
1911.07,17,5,1,18.69,417,1810,4,964.06,0,0,0,0.081,1.980260294696703,0,0.4,0.0,1,0,0
2792.55,10,3,0,87.28,197,96,5,2075.9,1,0,0,0.05,1.3445760508450093,0,0.5,0.2,0,1,0
8363.48,8,2,0,24.82,797,1345,5,1149.14,1,0,0,0.223,7.271706053176134,0,0.5,0.2,1,0,0
636.12,0,2,0,0.33,504,2472,1,923.69,0,0,1,0.584,0.6879278460889595,1,0.1,0.0,1,0,0
855.87,10,3,0,47.99,1296,1328,3,1111.18,1,0,0,0.02,0.7695426999226743,0,0.3,0.2,0,1,0
1561.36,13,3,0,21.48,685,2333,6,5686.15,0,1,0,0.4,0.27454173004052995,0,0.6,0.0,0,1,0
724.41,21,6,1,20.52,670,2123,2,682.81,0,0,0,0.139,1.059373217706673,0,0.2,0.0,0,0,1
782.15,16,1,0,16.32,103,1258,4,1779.94,1,0,0,0.149,0.4391781868002291,0,0.4,0.2,1,0,0
1050.22,6,1,0,69.58,815,1576,3,5017.79,0,1,0,0.274,0.20925760990198833,0,0.3,0.0,0,1,0
1206.34,5,0,0,35.88,48,1674,3,683.38,1,0,0,0.589,1.7626757064788567,1,0.3,0.2,0,0,1
5308.18,18,5,1,39.99,470,2159,0,1288.4,0,0,0,0.188,4.116782999844889,0,0.0,0.0,0,0,1
1177.51,6,5,1,53.43,1326,694,7,1719.54,0,0,0,0.271,0.6843839724737583,0,0.7,0.0,0,0,1
1529.61,18,5,1,25.29,772,1921,2,814.64,0,0,0,0.256,1.8753494188612623,0,0.2,0.0,0,1,0
3085.76,7,5,1,82.87,547,478,2,1682.08,0,0,0,0.312,1.833400670199872,0,0.2,0.0,1,0,0
530.47,15,3,0,42.43,1148,2037,4,1005.74,1,0,0,0.052,0.5269185688459781,0,0.4,0.2,1,0,0
10948.01,11,5,1,13.4,1145,210,3,774.02,0,0,0,0.093,14.126099971613636,0,0.3,0.0,0,0,1
2093.2,21,1,0,19.56,365,1848,3,1793.99,0,0,0,0.264,1.1661346302764917,0,0.3,0.0,0,1,0
2896.12,7,3,0,6.12,797,1339,0,3300.46,1,0,1,0.377,0.8772240160413877,0,0.0,0.2,1,0,0
893.17,2,2,0,17.98,61,2466,3,1629.63,0,0,0,0.363,0.5477453499567652,1,0.3,0.0,0,0,1
8128.12,11,0,0,39.29,385,337,3,4194.57,0,0,0,0.208,1.9373100675236024,0,0.3,0.0,1,0,0
1983.25,15,5,1,32.46,413,47,3,2134.62,0,0,0,0.096,0.9286530375254025,0,0.3,0.0,1,0,0
4193.47,6,4,0,5.69,608,2172,2,1676.46,1,1,0,0.327,2.4998926949077775,0,0.2,0.2,1,0,0
1897.17,17,0,0,22.4,1010,1941,3,1707.15,1,0,0,0.538,1.1106577291221498,0,0.3,0.2,0,1,0
827.47,21,5,1,72.71,343,1746,5,3312.47,0,0,0,0.485,0.24972913592095297,0,0.5,0.0,0,1,0
1297.22,19,0,0,42.49,165,304,0,1671.21,2,0,0,0.26,0.775751849349065,0,0.0,0.4,0,1,0
617.12,0,2,0,12.49,145,1920,4,2042.45,0,0,0,0.237,0.301999070199907,1,0.4,0.0,0,0,1
1368.03,20,6,1,25.0,1342,901,5,635.38,0,0,0,0.478,2.149706150413275,0,0.5,0.0,1,0,0
5882.85,19,3,0,50.35,1484,891,3,2237.56,0,0,0,0.259,2.627961725394897,0,0.3,0.0,1,0,0
1361.24,10,1,0,54.13,90,1121,0,764.53,0,0,0,0.102,1.778166760283725,0,0.0,0.0,0,1,0
1950.79,4,3,0,17.26,464,1682,3,2381.52,0,1,0,0.111,0.8187927068817891,1,0.3,0.0,0,0,1
5194.51,7,4,0,62.61,1223,984,2,595.3,1,0,0,0.573,8.71123595505618,0,0.2,0.2,0,1,0
6513.46,1,2,0,43.99,47,1326,1,561.48,1,0,0,0.457,11.579896174086189,1,0.1,0.2,0,0,1
3426.1,22,6,1,39.8,544,839,0,854.93,0,0,0,0.383,4.002780601217389,0,0.0,0.0,0,1,0
1261.68,21,5,1,7.84,999,172,6,957.95,0,0,0,0.151,1.3156890348819021,0,0.6,0.0,1,0,0
1091.5,4,6,1,71.74,882,2450,2,2290.33,0,0,0,0.161,0.4763608908363265,1,0.2,0.0,1,0,0
2490.91,7,2,0,14.06,186,693,4,860.46,0,1,0,0.476,2.8914981542961944,0,0.4,0.0,0,1,0
3113.1,11,5,1,2.33,854,1883,6,977.52,0,0,0,0.43,3.181437272615787,0,0.6,0.0,0,0,1
548.74,3,2,0,19.65,63,1334,1,531.22,2,0,0,0.496,1.031039795573259,1,0.1,0.4,0,1,0
3764.25,10,3,0,38.99,734,1006,4,1178.85,1,0,0,0.017,3.1904479382972415,0,0.4,0.2,1,0,0
6665.66,19,3,0,82.97,1445,1403,2,1035.52,0,1,0,0.522,6.4308069308841125,0,0.2,0.0,0,0,1
1638.8,5,2,0,81.17,1116,132,1,3022.45,0,0,0,0.286,0.5420298003935902,1,0.1,0.0,1,0,0
2875.57,17,1,0,39.98,1228,966,2,953.35,2,0,0,0.154,3.0131188767223764,0,0.2,0.4,0,0,1
1930.11,2,3,0,15.29,342,1189,7,2382.09,0,0,0,0.096,0.8099190546727147,1,0.7,0.0,0,0,1
3705.89,8,5,1,46.45,1470,1413,2,468.34,1,0,0,0.801,7.895960284655048,0,0.2,0.2,0,0,1
964.51,22,2,0,12.07,46,584,4,14503.61,0,0,0,0.427,0.0664967896413623,0,0.4,0.0,0,1,0
5666.94,4,6,1,41.2,892,635,1,1784.94,0,0,0,0.236,3.173085322015297,1,0.1,0.0,1,0,0
2586.48,0,3,0,31.75,19,1109,2,3087.77,1,0,0,0.323,0.8373818704532873,1,0.2,0.2,0,0,1
4245.54,21,1,0,14.36,1421,496,2,608.99,0,0,0,0.253,6.960015737962917,0,0.2,0.0,0,1,0
1348.27,12,0,0,73.76,1404,1596,3,4131.92,1,0,0,0.425,0.3262269775364633,0,0.3,0.2,1,0,0
2323.8,23,3,0,8.92,945,2085,2,1450.13,0,0,0,0.219,1.6013727233259598,1,0.2,0.0,0,1,0
3794.87,13,4,0,73.4,1155,481,1,540.53,1,1,0,0.271,7.0076819382121025,0,0.1,0.2,1,0,0
1331.62,2,0,0,4.13,1465,1873,4,3308.61,2,0,1,0.557,0.40234952154483455,1,0.4,0.4,0,0,1
4451.8,13,3,0,89.65,376,89,3,639.73,1,0,0,0.148,6.94801242332964,0,0.3,0.2,0,1,0
2735.83,10,0,0,21.33,914,2313,5,863.74,0,0,0,0.179,3.1637602053796514,0,0.5,0.0,0,0,1
1320.9,4,6,1,81.83,634,465,6,2739.77,1,0,0,0.116,0.4819448549130354,1,0.6,0.2,1,0,0
13211.8,0,2,0,55.6,868,1913,4,1810.64,0,0,0,0.206,7.292729239804817,1,0.4,0.0,1,0,0
705.47,14,3,0,3.18,568,1619,6,1373.39,0,0,0,0.22,0.5132968080384752,0,0.6,0.0,0,1,0
6584.81,9,4,0,64.22,27,1270,4,615.65,0,0,0,0.145,10.678358874564179,0,0.4,0.0,1,0,0
8850.38,0,0,0,45.58,1417,2407,1,1399.5,0,1,0,0.447,6.319443056051409,1,0.1,0.0,1,0,0
439.03,9,4,0,17.83,230,1233,4,2533.03,0,0,0,0.246,0.17325367102994044,0,0.4,0.0,0,0,1
118.39,13,3,0,51.89,1492,665,1,2564.63,0,0,0,0.135,0.046144611654837214,0,0.1,0.0,0,0,1
597.13,0,3,0,33.26,278,143,2,1212.66,0,1,1,0.42,0.49200764629303095,1,0.2,0.0,0,1,0
4527.4,6,5,1,68.87,885,517,2,797.92,0,0,0,0.088,5.666900315425825,0,0.2,0.0,0,1,0
13662.86,15,6,1,4.25,1035,1539,3,2770.35,0,1,0,0.425,4.930037707254588,0,0.3,0.0,1,0,0
1744.51,19,1,0,7.4,109,917,1,1575.34,1,0,0,0.51,1.1066838372432344,0,0.1,0.2,0,0,1
4293.05,9,4,0,99.44,637,1577,2,1318.2,1,0,0,0.237,3.254282898726501,0,0.2,0.2,0,0,1
56.95,15,5,1,32.56,209,2384,3,1736.94,0,0,0,0.288,0.0327686801615706,0,0.3,0.0,0,1,0
2691.43,23,5,1,6.82,1237,1505,2,669.28,0,0,0,0.031,4.015381631556961,1,0.2,0.0,0,0,1
691.74,12,6,1,42.06,1214,1809,4,664.02,0,1,0,0.503,1.040179242729542,0,0.4,0.0,1,0,0
530.73,21,5,1,60.71,387,1920,0,810.37,0,1,1,0.316,0.654115878082749,0,0.0,0.0,1,0,0
2741.77,15,2,0,57.06,469,889,1,2285.87,1,0,0,0.067,1.198918171999283,0,0.1,0.2,0,0,1
2737.5,16,1,0,5.97,1221,1051,4,2325.92,1,0,0,0.397,1.1764478366252384,0,0.4,0.2,0,0,1
1929.33,22,6,1,13.82,694,1215,2,1354.28,0,0,0,0.391,1.4235656100584382,0,0.2,0.0,0,1,0
3476.63,0,6,1,9.26,362,76,6,1294.56,0,0,0,0.113,2.6834959399796228,1,0.6,0.0,1,0,0
3981.7,0,1,0,42.82,932,1650,1,1020.52,0,1,0,0.417,3.8978189364868037,1,0.1,0.0,1,0,0
853.86,1,1,0,42.25,939,1203,1,647.7,0,0,1,0.156,1.316263295822414,1,0.1,0.0,0,0,1
1891.06,0,6,1,5.39,250,361,1,174.37,0,0,0,0.197,10.783258253977305,1,0.1,0.0,1,0,0
27722.19,14,4,0,36.91,39,751,1,420.13,0,0,0,0.216,65.82810533564458,0,0.1,0.0,0,0,1
1530.83,21,5,1,27.21,240,499,1,649.88,0,0,0,0.031,2.351938913470993,0,0.1,0.0,0,1,0
650.16,6,0,0,46.7,420,1399,4,1864.74,1,0,0,0.128,0.34847299194957493,0,0.4,0.2,0,1,0
7035.78,18,4,0,35.87,1197,473,5,1809.11,1,0,1,0.649,3.8869350481462455,0,0.5,0.2,0,1,0
708.09,12,2,0,72.06,1489,514,4,868.43,0,0,0,0.499,0.8144301438873746,0,0.4,0.0,1,0,0
735.84,18,1,0,6.34,711,1026,1,719.58,1,0,1,0.255,1.0211773848843986,0,0.1,0.2,0,0,1
1301.89,22,5,1,70.42,1489,613,1,1408.57,0,0,0,0.27,0.9236079087948809,0,0.1,0.0,1,0,0
2908.87,7,1,0,5.33,140,1668,1,912.11,0,0,0,0.03,3.1856731390522497,0,0.1,0.0,0,1,0
1388.89,20,3,0,12.55,157,1406,1,737.71,1,0,0,0.361,1.880155947530154,0,0.1,0.2,0,1,0
2976.59,15,3,0,48.82,798,2316,2,3442.68,0,0,0,0.279,0.8643631231705619,0,0.2,0.0,1,0,0
3813.49,13,6,1,28.8,441,458,3,3138.59,0,0,0,0.58,1.2146458614022848,0,0.3,0.0,0,1,0
2054.53,7,1,0,92.06,1392,1099,3,2226.33,0,0,0,0.21,0.9224183214880598,0,0.3,0.0,0,1,0
1285.3,9,3,0,6.26,1470,473,1,899.61,1,0,0,0.231,1.4271438247410089,0,0.1,0.2,0,0,1
1844.13,0,1,0,13.44,1066,292,3,1202.55,0,0,0,0.377,1.5322421170703338,1,0.3,0.0,0,0,1
330.33,10,6,1,44.79,401,718,2,2251.76,0,0,1,0.076,0.14663346295211205,0,0.2,0.0,0,0,1
4024.44,5,3,0,2.38,878,2310,5,764.58,0,0,0,0.114,5.256720394994645,1,0.5,0.0,1,0,0
122.82,14,0,0,11.21,490,555,3,656.54,0,0,0,0.18,0.1867871156127384,0,0.3,0.0,0,1,0
1010.97,12,3,0,12.85,104,691,4,1659.1,0,0,0,0.283,0.608981386663454,0,0.4,0.0,0,1,0
2135.67,13,2,0,2.14,351,2004,5,1783.61,0,0,0,0.331,1.1967152487098023,0,0.5,0.0,1,0,0
865.91,10,6,1,2.08,313,2198,1,1842.32,0,1,0,0.264,0.4697556582687759,0,0.1,0.0,1,0,0
495.53,21,4,0,93.88,862,1999,1,1141.14,0,0,0,0.162,0.43386099777610443,0,0.1,0.0,0,1,0
4518.67,9,5,1,17.17,1464,1022,0,2476.06,1,0,0,0.129,1.8242069227229054,0,0.0,0.2,0,0,1
2867.4,12,5,1,29.63,206,1657,1,1132.21,0,0,0,0.349,2.5303341834258433,0,0.1,0.0,1,0,0
41800.77,14,1,0,73.14,1136,481,2,4491.61,0,0,0,0.07,9.30433979357211,0,0.2,0.0,0,0,1
25.5,0,4,0,64.07,214,2449,3,1782.03,1,0,0,0.165,0.014301498011811355,1,0.3,0.2,0,0,1
989.1,17,5,1,16.25,1065,846,1,2405.84,0,0,0,0.277,0.410953781722092,0,0.1,0.0,0,0,1
956.79,7,0,0,38.8,704,1866,2,4387.19,2,0,0,0.231,0.21803750521285542,0,0.2,0.4,0,0,1
659.17,23,2,0,9.36,242,1917,2,3551.09,1,0,1,0.351,0.18557243763530765,1,0.2,0.2,0,1,0
449.94,19,3,0,15.96,450,1699,4,250.98,0,0,0,0.094,1.7856179061830304,0,0.4,0.0,0,0,1
1624.39,1,0,0,32.02,1307,798,5,1789.56,0,1,0,0.443,0.9071966312215174,1,0.5,0.0,0,1,0
584.64,20,5,1,23.62,717,2432,2,894.51,0,0,0,0.174,0.6528570311889315,0,0.2,0.0,0,1,0
1406.79,5,0,0,4.66,7,898,5,1977.72,0,0,0,0.289,0.7109596102530928,1,0.5,0.0,1,0,0
12722.19,14,0,0,6.0,1124,929,3,557.3,0,0,0,0.44,22.787372380440626,0,0.3,0.0,0,1,0
3637.55,8,0,0,3.2,317,2078,5,1549.29,1,0,0,0.162,2.3463674538312187,0,0.5,0.2,1,0,0
5504.85,1,0,0,58.5,417,443,2,3212.01,1,0,1,0.097,1.713299989729257,1,0.2,0.2,0,0,1
3630.49,14,3,0,0.99,1020,144,1,1581.72,0,0,0,0.251,2.293829609785685,0,0.1,0.0,1,0,0
4875.81,0,4,0,3.14,885,956,3,612.37,0,1,0,0.275,7.9492149925819655,1,0.3,0.0,0,1,0
872.83,14,2,0,95.26,194,2461,4,491.82,0,0,0,0.485,1.771092893957226,0,0.4,0.0,0,1,0
1602.75,0,3,0,1.21,570,1133,3,1231.18,0,0,0,0.098,1.3007433978801797,1,0.3,0.0,0,1,0
786.88,7,2,0,38.58,1133,537,4,4209.13,0,1,0,0.32,0.18690159211235757,0,0.4,0.0,0,0,1
5131.14,12,2,0,51.32,1410,1735,4,1674.37,0,0,0,0.326,3.062690629532581,0,0.4,0.0,1,0,0
1319.37,12,5,1,76.25,1266,189,3,3880.89,0,0,0,0.174,0.3398782551798222,0,0.3,0.0,0,1,0
1428.43,10,3,0,15.14,483,1481,2,539.84,0,0,0,0.516,2.641132312698765,0,0.2,0.0,0,0,1
213.82,18,5,1,42.68,200,2392,1,578.69,1,0,0,0.548,0.36885231761803716,0,0.1,0.2,0,1,0
14725.19,13,1,0,4.85,107,2408,3,1240.61,0,0,0,0.382,11.859754673367645,0,0.3,0.0,1,0,0
1922.85,18,6,1,1.65,711,2163,2,2833.23,0,0,0,0.376,0.678438235429023,0,0.2,0.0,0,0,1
424.65,13,2,0,10.92,1358,1177,4,3430.18,0,0,0,0.507,0.12376208767829143,0,0.4,0.0,1,0,0
1795.22,3,1,0,10.71,809,1214,0,1884.13,0,0,1,0.177,0.9523056765315919,1,0.0,0.0,0,0,1
1036.24,5,2,0,46.4,585,1519,2,3282.26,0,0,1,0.136,0.3156131405980641,1,0.2,0.0,0,0,1
366.09,12,1,0,44.75,243,331,7,1839.03,0,0,0,0.16,0.19895871262968537,0,0.7,0.0,0,1,0
1852.15,11,5,1,13.56,1198,1504,1,2394.29,0,0,0,0.306,0.7732466632432816,0,0.1,0.0,0,0,1
2373.29,8,4,0,23.43,1186,1308,2,663.19,0,0,0,0.422,3.5732094731929114,0,0.2,0.0,0,1,0
11913.1,12,1,0,21.56,233,1318,4,3494.8,0,0,0,0.187,3.407832255849877,0,0.4,0.0,0,0,1
3370.1,21,0,0,54.5,970,632,3,1953.85,0,0,0,0.413,1.7239685909404814,0,0.3,0.0,0,1,0
823.06,7,6,1,8.86,318,1461,3,1216.14,2,0,0,0.641,0.6762245920765071,0,0.3,0.4,1,0,0
4318.34,6,6,1,12.93,93,1755,6,1031.23,0,1,0,0.269,4.183505614058882,0,0.6,0.0,0,1,0
1468.8,6,1,0,15.34,156,1816,3,1299.06,0,0,0,0.538,1.1297940095072536,0,0.3,0.0,1,0,0
1240.28,0,2,0,7.32,1495,921,2,1182.44,0,0,0,0.238,1.0480294733995807,1,0.2,0.0,1,0,0
761.34,18,5,1,8.16,1388,1250,2,1610.35,0,0,1,0.168,0.47248580382908745,0,0.2,0.0,1,0,0
3123.62,22,6,1,27.92,272,1716,2,1136.16,1,0,0,0.284,2.7468606000914555,0,0.2,0.2,0,0,1
1526.38,8,3,0,19.97,1000,578,2,892.59,2,0,0,0.313,1.7081435557694244,0,0.2,0.4,1,0,0
2283.96,20,6,1,24.02,978,96,1,1050.04,0,0,1,0.485,2.1730476480438425,0,0.1,0.0,0,0,1
2388.21,5,5,1,22.94,1080,2370,1,1006.18,0,0,0,0.17,2.371184892472051,1,0.1,0.0,1,0,0
901.03,2,5,1,43.97,25,1280,1,4761.64,0,0,0,0.203,0.18918708951337912,1,0.1,0.0,0,0,1
1039.92,16,1,0,53.49,1423,1659,4,669.45,0,0,0,0.287,1.5510776344246402,0,0.4,0.0,1,0,0
2258.69,20,2,0,29.82,288,866,2,795.54,1,0,0,0.217,2.835626584980039,0,0.2,0.2,1,0,0
561.1,20,1,0,31.95,514,81,4,1153.18,0,0,0,0.409,0.48614600842156336,0,0.4,0.0,0,0,1
757.42,9,2,0,11.25,59,895,3,2350.54,0,1,0,0.157,0.32209530775576856,0,0.3,0.0,1,0,0
1162.5,19,3,0,77.01,795,1065,3,600.26,1,0,0,0.306,1.9334397764694142,0,0.3,0.2,0,0,1
3675.97,5,2,0,33.13,183,1642,1,843.09,0,1,0,0.179,4.354950301508133,1,0.1,0.0,0,1,0
329.68,13,5,1,48.99,410,367,3,983.63,0,0,0,0.406,0.33482627992240743,0,0.3,0.0,0,1,0
4357.73,8,0,0,37.52,1209,1263,0,2312.14,1,0,0,0.189,1.8839024010652186,0,0.0,0.2,0,0,1
612.91,21,3,0,7.1,14,2078,4,1079.79,2,1,0,0.244,0.5670944401780179,0,0.4,0.4,0,0,1
8206.16,16,5,1,3.79,599,668,6,1316.04,1,0,0,0.075,6.230759885804531,0,0.6,0.2,1,0,0
1175.71,2,2,0,19.93,342,2047,2,2947.0,0,0,0,0.365,0.39881614654002717,1,0.2,0.0,1,0,0
6624.08,17,2,0,2.78,176,2069,4,1939.98,0,0,0,0.194,3.412750260177848,0,0.4,0.0,1,0,0
2423.29,12,0,0,6.91,1057,1647,3,1761.64,0,0,0,0.185,1.3748071075205373,0,0.3,0.0,0,0,1
863.91,12,3,0,4.77,113,1566,2,2337.63,0,1,0,0.157,0.36940858536835663,0,0.2,0.0,0,1,0
1136.48,10,5,1,10.55,589,97,4,1453.33,0,0,0,0.472,0.7814457516519635,0,0.4,0.0,1,0,0
3249.78,14,3,0,72.25,1317,2235,1,4150.04,1,0,0,0.189,0.7828833256244219,0,0.1,0.2,0,0,1
4855.79,0,1,0,12.26,835,2367,2,2207.59,1,0,0,0.065,2.198592767331193,1,0.2,0.2,0,1,0
339.1,21,0,0,22.18,1165,2204,4,1904.3,1,0,0,0.316,0.17797722143494465,0,0.4,0.2,1,0,0
3313.45,11,1,0,11.81,1060,1269,3,1804.04,2,0,0,0.245,1.8356656916190222,0,0.3,0.4,0,1,0
1356.52,17,6,1,10.79,595,2018,0,1133.23,0,0,0,0.445,1.195983178015041,0,0.0,0.0,0,1,0
3241.88,22,5,1,33.97,272,210,0,2323.48,0,0,0,0.24,1.3946689151982379,0,0.0,0.0,0,1,0
5000.68,1,0,0,14.07,340,1992,3,1630.84,0,0,0,0.306,3.0644425924110212,1,0.3,0.0,0,1,0
5443.14,0,2,0,116.46,995,957,2,727.96,0,0,0,0.509,7.466994073748903,1,0.2,0.0,1,0,0
2501.49,14,0,0,17.6,20,1102,1,1155.22,0,0,0,0.415,2.1635069450450604,0,0.1,0.0,1,0,0
1016.95,3,3,0,16.81,1326,1879,2,2472.7,0,0,0,0.522,0.41110482273517407,1,0.2,0.0,0,0,1
1098.09,13,4,0,25.63,1182,2477,4,906.32,1,0,0,0.316,1.2102565798174842,0,0.4,0.2,1,0,0
1346.31,9,3,0,67.6,1287,2099,1,1982.44,0,0,0,0.61,0.6787752591457266,0,0.1,0.0,0,1,0
1840.51,2,5,1,26.2,1206,785,5,1754.12,0,0,0,0.356,1.0486519440266193,1,0.5,0.0,0,1,0
6811.73,6,4,0,11.79,71,1195,4,1904.13,0,0,0,0.387,3.5754672909460243,0,0.4,0.0,0,0,1
4484.37,21,4,0,4.65,82,1945,3,1805.67,0,0,0,0.632,2.482119036680744,0,0.3,0.0,1,0,0
4223.23,15,2,0,25.08,515,2328,2,787.15,0,0,0,0.258,5.358408932309839,0,0.2,0.0,0,0,1
2911.2,15,2,0,54.16,1342,1402,5,1188.72,1,0,0,0.466,2.446962310459604,0,0.5,0.2,0,0,1
7263.09,0,3,0,14.8,1275,1811,1,1310.73,1,0,0,0.203,5.537031248808825,1,0.1,0.2,1,0,0
462.75,16,4,0,30.3,1119,146,1,1529.92,0,0,0,0.21,0.30226922373474774,0,0.1,0.0,0,0,1
4786.76,16,3,0,44.95,1408,1037,2,2580.2,0,0,0,0.148,1.8544707887804124,0,0.2,0.0,1,0,0
4809.31,15,3,0,40.99,1319,2471,6,887.88,2,0,0,0.431,5.410527855278553,0,0.6,0.4,1,0,0
6060.56,23,6,1,51.77,392,1307,1,491.74,0,0,0,0.288,12.29971181556196,1,0.1,0.0,0,1,0
975.31,8,2,0,27.61,1183,443,1,2172.46,0,0,0,0.29,0.4487361166067008,0,0.1,0.0,1,0,0
1239.62,15,0,0,26.62,93,1915,1,3163.89,0,0,0,0.206,0.39167869973364,0,0.1,0.0,1,0,0
1203.72,9,3,0,126.67,916,250,3,1794.85,2,0,0,0.477,0.6702786981095303,0,0.3,0.4,0,1,0
1530.73,14,5,1,35.9,446,2298,4,1765.33,0,0,0,0.087,0.8666160909909247,0,0.4,0.0,0,1,0
6902.7,11,2,0,10.1,737,1802,1,5736.89,0,0,0,0.487,1.2030031945540955,0,0.1,0.0,0,0,1
785.43,12,5,1,17.86,161,2312,3,1767.82,0,0,0,0.11,0.4440417905722459,0,0.3,0.0,0,0,1
2340.94,21,1,0,15.92,1484,630,2,3014.88,0,0,0,0.181,0.776204623526135,0,0.2,0.0,0,1,0
13613.55,23,6,1,20.8,558,477,0,5437.75,0,0,0,0.415,2.503065961847851,1,0.0,0.0,0,1,0
1587.14,6,2,0,24.88,667,2367,3,2134.0,0,0,0,0.265,0.7433911007025762,0,0.3,0.0,1,0,0
601.54,6,4,0,23.87,763,1006,4,1004.62,0,0,0,0.218,0.5981782383007498,0,0.4,0.0,0,1,0
1546.02,7,6,1,4.4,96,1765,5,520.88,1,0,0,0.283,2.9624051506093356,0,0.5,0.2,0,1,0
1120.54,17,3,0,15.32,220,1665,6,729.68,1,0,0,0.467,1.5335577817923032,0,0.6,0.2,1,0,0
2617.76,5,1,0,49.88,329,170,1,1508.26,0,0,1,0.233,1.7344658971946518,1,0.1,0.0,0,0,1
3852.5,14,6,1,55.62,104,1768,2,4473.34,0,0,0,0.551,0.8610208432975589,0,0.2,0.0,0,0,1
924.76,10,2,0,4.0,565,344,4,839.38,0,0,1,0.55,1.1004069587567529,0,0.4,0.0,0,0,1
1545.15,12,3,0,15.06,1395,312,4,564.42,0,0,0,0.443,2.7327473382618233,0,0.4,0.0,1,0,0
643.16,18,0,0,44.25,908,2122,3,1037.72,0,0,0,0.549,0.6191851509550215,0,0.3,0.0,0,1,0
1043.12,23,5,1,30.74,1348,2391,4,1342.36,1,0,0,0.429,0.7765007146260123,1,0.4,0.2,1,0,0
2453.29,15,1,0,40.79,952,2199,4,937.14,0,0,0,0.089,2.6150574541113265,0,0.4,0.0,1,0,0
7287.95,22,0,0,15.94,1034,224,4,517.22,1,0,0,0.436,14.063428659642621,0,0.4,0.2,0,0,1
4042.12,19,0,0,9.39,1215,960,3,499.89,0,0,1,0.388,8.06987562139392,0,0.3,0.0,0,0,1
5042.37,5,1,0,3.26,121,1884,2,954.55,0,1,0,0.134,5.276929517032076,1,0.2,0.0,0,0,1
1144.43,12,5,1,58.29,698,2403,2,1691.81,0,0,0,0.265,0.6760534259603854,0,0.2,0.0,1,0,0
880.18,17,6,1,68.3,1228,1952,3,3848.37,0,0,0,0.07,0.22865559818879452,0,0.3,0.0,0,1,0
16676.74,9,4,0,21.81,1492,508,5,2091.27,0,0,0,0.311,7.97064432410731,0,0.5,0.0,0,0,1
1290.09,13,3,0,16.93,309,2232,4,1066.99,2,0,0,0.108,1.2079607486961488,0,0.4,0.4,1,0,0
2362.06,23,0,0,59.02,681,1783,2,1539.34,0,0,0,0.39,1.533466637235935,1,0.2,0.0,0,1,0
1378.2,14,1,0,48.39,1329,1947,2,2254.73,0,1,0,0.15,0.6109773776116822,0,0.2,0.0,1,0,0
3205.47,1,5,1,17.33,824,1461,4,660.77,1,0,0,0.229,4.843782583072668,1,0.4,0.2,0,1,0
5275.71,6,3,0,8.2,837,1690,7,255.24,0,0,0,0.434,20.588940056197316,0,0.7,0.0,0,1,0
1569.55,10,1,0,68.67,1397,328,3,1791.28,1,0,0,0.166,0.8757281228379494,0,0.3,0.2,1,0,0
3282.01,9,2,0,45.35,626,1081,1,262.25,0,0,0,0.263,12.46727445394112,0,0.1,0.0,1,0,0
1012.3,21,0,0,9.9,664,1968,5,1633.55,0,0,0,0.338,0.6193141843320792,0,0.5,0.0,1,0,0
2934.66,3,1,0,1.13,256,2227,5,3263.8,0,0,0,0.463,0.8988789512374417,1,0.5,0.0,1,0,0
331.65,6,5,1,29.63,252,915,5,744.9,1,0,0,0.362,0.4446306475398847,0,0.5,0.2,0,0,1
740.46,16,6,1,47.84,721,1489,0,1887.7,0,1,0,0.254,0.3920474400381215,0,0.0,0.0,0,1,0
2076.34,3,3,0,35.82,328,403,4,931.29,0,0,0,0.363,2.227139623936758,1,0.4,0.0,0,1,0
3828.48,8,2,0,8.92,765,1470,3,1484.72,0,0,0,0.121,2.5768516274937405,0,0.3,0.0,1,0,0
966.93,11,6,1,12.35,76,819,2,1038.08,0,0,0,0.175,0.9305635754706086,0,0.2,0.0,1,0,0
1405.22,21,1,0,19.85,1363,1462,1,1104.5,0,0,0,0.304,1.2711171415649027,0,0.1,0.0,0,0,1
1149.0,11,0,0,123.05,1488,1689,3,2452.3,1,0,0,0.513,0.46834875473851545,0,0.3,0.2,0,0,1
1552.99,9,3,0,0.59,972,1998,3,2299.71,0,0,0,0.68,0.6750046724706721,0,0.3,0.0,0,0,1
3904.08,20,4,0,59.22,794,1648,1,1988.68,0,1,0,0.311,1.9621647702143057,0,0.1,0.0,1,0,0
1044.28,7,6,1,24.67,1170,1170,0,1152.04,0,0,0,0.28,0.9056754319017554,0,0.0,0.0,0,0,1
783.77,11,1,0,12.08,451,108,2,551.26,0,0,0,0.27,1.419204722413356,0,0.2,0.0,0,1,0
1472.24,12,6,1,15.28,201,1573,4,6284.09,0,0,0,0.538,0.23424326461514472,0,0.4,0.0,0,1,0
3072.0,23,1,0,26.27,446,57,2,1257.89,1,0,0,0.164,2.440244977718466,1,0.2,0.2,1,0,0
3621.76,16,3,0,13.26,278,1365,4,574.54,0,0,0,0.402,6.292803280397541,0,0.4,0.0,0,0,1
3556.9,12,1,0,4.7,823,1175,1,1353.33,0,0,0,0.207,2.626317071910096,0,0.1,0.0,0,0,1
168.26,7,5,1,4.37,643,2227,5,2426.69,0,0,0,0.547,0.06930868438721582,0,0.5,0.0,1,0,0
8261.09,4,5,1,43.98,668,1724,5,2067.5,0,0,1,0.374,3.9937587623882043,1,0.5,0.0,0,1,0
3498.73,22,0,0,20.11,982,473,1,1429.09,1,0,0,0.187,2.4465103594878648,0,0.1,0.2,0,0,1
881.61,12,4,0,15.74,847,61,7,1667.86,0,0,0,0.137,0.5282707956329471,0,0.7,0.0,1,0,0
1253.21,1,4,0,16.82,768,1403,2,4231.49,0,0,0,0.119,0.2960928436924836,1,0.2,0.0,0,0,1
649.81,14,5,1,38.42,1013,2440,1,1150.36,0,0,0,0.247,0.5643847276264592,0,0.1,0.0,0,1,0
588.37,4,2,0,67.71,206,617,1,7118.46,0,0,0,0.11,0.08264250378539946,1,0.1,0.0,1,0,0
4289.28,8,4,0,15.31,929,1985,5,1542.79,1,0,0,0.595,2.7784089804960517,0,0.5,0.2,1,0,0
1734.96,23,6,1,2.62,325,136,3,2370.25,0,0,0,0.086,0.731664733790195,1,0.3,0.0,1,0,0
403.07,15,4,0,80.11,1003,891,1,2331.13,0,0,0,0.445,0.17283341837719166,0,0.1,0.0,0,1,0
4398.28,15,1,0,22.65,119,2335,2,1200.35,0,0,0,0.194,3.661114579431473,0,0.2,0.0,1,0,0
1211.47,22,4,0,26.81,677,428,1,1841.95,1,0,0,0.104,0.6573536992322092,0,0.1,0.2,0,0,1
160.01,1,2,0,16.56,90,2294,5,1734.57,0,0,0,0.49,0.09219449518025778,1,0.5,0.0,0,0,1
8855.58,2,0,0,3.78,232,1023,4,1864.07,0,1,0,0.112,4.7481220544001035,1,0.4,0.0,0,0,1
508.76,23,2,0,16.03,1458,2015,1,1242.21,1,0,0,0.555,0.4092309424795489,1,0.1,0.2,0,0,1
247.94,2,3,0,27.65,442,1564,2,2703.06,0,0,0,0.256,0.09169175240194374,1,0.2,0.0,1,0,0
1096.04,7,0,0,1.08,476,923,5,2444.15,0,0,0,0.174,0.44825061857145776,0,0.5,0.0,0,0,1
2724.73,0,0,0,18.42,513,815,2,1129.57,1,0,0,0.182,2.41004979788956,1,0.2,0.2,0,0,1
216.06,7,0,0,43.44,930,808,2,1047.67,1,0,0,0.087,0.20603240294849665,0,0.2,0.2,1,0,0
1391.59,20,5,1,32.71,158,1225,3,3123.65,0,0,0,0.442,0.4453586801721792,0,0.3,0.0,0,1,0
9009.94,7,2,0,11.11,215,1228,3,3395.56,0,0,0,0.303,2.6526662270061476,0,0.3,0.0,0,1,0
22322.94,17,1,0,15.96,343,38,6,1319.71,2,0,0,0.153,16.902226832537043,0,0.6,0.4,0,1,0
3298.81,10,3,0,23.55,1330,2049,3,1019.28,1,0,0,0.07,3.2332398949308034,0,0.3,0.2,1,0,0
6621.44,17,0,0,32.53,618,651,3,1722.07,0,0,0,0.377,3.8428154398834637,0,0.3,0.0,1,0,0
1506.07,19,0,0,56.92,1128,2045,2,708.87,0,0,0,0.182,2.1216138166143095,0,0.2,0.0,1,0,0
3655.96,10,4,0,15.97,1073,566,1,2309.51,0,0,1,0.148,1.5823173238808748,0,0.1,0.0,1,0,0
3253.21,21,4,0,9.5,593,169,3,1085.22,0,1,0,0.164,2.994982600209902,0,0.3,0.0,0,0,1
2865.99,18,4,0,90.79,222,1080,7,2416.42,0,0,0,0.122,1.1855573297151507,0,0.7,0.0,1,0,0
8179.45,8,6,1,67.89,1199,1595,4,2212.31,0,1,0,0.208,3.6955735979144357,0,0.4,0.0,0,1,0
1977.56,4,6,1,0.25,800,117,4,1530.44,1,0,0,0.117,1.2913075275557644,1,0.4,0.2,0,0,1
2720.55,2,0,0,28.5,1154,637,5,4816.79,1,0,0,0.623,0.5646883737149191,1,0.5,0.2,0,0,1
2259.79,10,2,0,51.83,1025,755,1,689.05,1,0,0,0.033,3.274820665169191,0,0.1,0.2,0,1,0
2362.54,6,5,1,36.16,1221,2497,6,936.12,0,0,0,0.256,2.521064538159467,0,0.6,0.0,0,1,0
3877.01,11,1,0,51.1,304,2089,6,3144.38,0,0,0,0.638,1.2326046455436228,0,0.6,0.0,0,0,1
1190.9,15,5,1,28.04,851,72,2,1034.44,0,0,0,0.643,1.1501390713126787,0,0.2,0.0,1,0,0
14148.73,22,4,0,5.31,1168,1348,6,3270.93,0,0,0,0.689,4.324276497357829,0,0.6,0.0,0,1,0
966.08,13,2,0,20.46,436,1633,1,1176.4,0,1,0,0.229,0.8205197893664005,0,0.1,0.0,1,0,0
2649.94,3,4,0,22.47,628,2489,1,1219.76,1,0,0,0.278,2.1707297093613813,1,0.1,0.2,1,0,0
4400.22,21,6,1,41.66,229,1679,5,2349.43,0,0,0,0.071,1.872091489642321,0,0.5,0.0,1,0,0
3071.86,21,4,0,25.13,864,820,2,1916.36,2,0,1,0.347,1.6021300120999709,0,0.2,0.4,1,0,0
579.88,17,6,1,72.22,1333,174,1,1337.26,1,0,0,0.47,0.43330892352756567,0,0.1,0.2,1,0,0
1289.37,7,1,0,59.11,546,1790,3,1088.23,0,0,0,0.358,1.1837444800455366,0,0.3,0.0,0,1,0
1169.47,9,2,0,72.56,334,1848,4,1012.19,0,0,0,0.256,1.154245501830851,0,0.4,0.0,0,0,1
3742.93,20,4,0,9.75,87,1287,1,3110.83,0,0,0,0.512,1.202806708592693,0,0.1,0.0,1,0,0
4391.64,0,3,0,28.14,829,2331,6,1059.91,1,1,0,0.348,4.139502879603359,1,0.6,0.2,1,0,0
1092.37,16,2,0,14.11,1144,2485,3,946.54,0,1,0,0.189,1.1528484285623826,0,0.3,0.0,1,0,0
1976.32,10,6,1,6.21,1394,885,2,3429.03,0,0,1,0.148,0.5761815494325122,0,0.2,0.0,0,0,1
7590.51,11,0,0,8.29,157,470,2,1242.13,0,0,0,0.344,6.10596639128651,0,0.2,0.0,0,0,1
1750.08,23,5,1,36.82,1070,835,3,1500.97,0,0,0,0.212,1.1651897175043442,1,0.3,0.0,0,0,1
2916.51,17,0,0,48.33,1461,998,1,575.75,0,0,0,0.304,5.056801040312094,0,0.1,0.0,0,0,1
2804.51,1,2,0,22.96,78,877,7,1312.45,0,0,0,0.349,2.1352240283223574,1,0.7,0.0,0,1,0
415.37,21,2,0,23.54,1005,1003,5,1256.72,0,0,0,0.681,0.33025633686353084,0,0.5,0.0,1,0,0
4955.56,2,0,0,26.44,1085,37,2,4213.22,0,0,0,0.231,1.1759139295053416,1,0.2,0.0,0,1,0
280.61,8,4,0,20.13,1075,947,6,501.69,0,0,0,0.229,0.5582167936501622,0,0.6,0.0,0,0,1
1446.23,7,6,1,45.74,257,1423,4,785.17,0,0,0,0.479,1.8395894017833294,0,0.4,0.0,0,1,0
1855.36,5,1,0,0.75,1453,2384,4,1252.82,0,0,1,0.466,1.479765835606387,1,0.4,0.0,1,0,0
1158.55,8,5,1,28.02,235,784,4,2021.5,0,0,0,0.173,0.5728306551297898,0,0.4,0.0,0,0,1
1031.48,16,2,0,60.52,1074,429,4,1254.24,1,0,0,0.102,0.8217392689844173,0,0.4,0.2,0,1,0
294.27,15,4,0,61.36,826,182,2,1566.49,0,0,0,0.236,0.1877332550765874,0,0.2,0.0,0,1,0
8706.16,12,1,0,40.9,142,144,3,3622.43,2,0,0,0.252,2.4027399453004477,0,0.3,0.4,1,0,0
424.86,20,1,0,6.13,176,1456,1,1462.97,0,1,0,0.167,0.2902108649767413,0,0.1,0.0,0,0,1
3799.0,4,0,0,19.82,1252,1246,3,258.11,1,0,0,0.301,14.661726679788506,1,0.3,0.2,0,1,0
338.64,17,5,1,69.09,712,1992,3,2148.15,0,0,0,0.159,0.15756927157248213,0,0.3,0.0,0,0,1
782.86,19,4,0,11.21,761,1523,3,1383.65,0,1,0,0.41,0.5653847542700321,0,0.3,0.0,0,1,0
1729.71,21,5,1,70.79,927,84,3,661.33,0,0,1,0.408,2.611553153261969,0,0.3,0.0,1,0,0
6834.68,4,1,0,21.26,729,1371,2,956.35,1,0,0,0.166,7.139165404502011,1,0.2,0.2,1,0,0
2287.46,3,5,1,6.15,1294,532,0,767.35,0,0,0,0.147,2.977106787271426,1,0.0,0.0,1,0,0
1592.51,11,5,1,6.15,879,371,2,2139.74,0,0,0,0.089,0.7439063127703505,0,0.2,0.0,0,0,1
115.26,6,4,0,29.27,511,1961,7,1723.05,1,1,1,0.109,0.06685420956468781,0,0.7,0.2,0,1,0
909.46,13,1,0,37.12,809,413,2,4476.93,0,1,0,0.271,0.20309830658362235,0,0.2,0.0,0,1,0
740.32,5,5,1,37.51,624,613,6,822.69,0,0,0,0.375,0.8987847369762896,1,0.6,0.0,0,0,1
159.53,0,1,0,31.69,1449,1316,3,3644.73,0,0,0,0.341,0.04375804022788303,1,0.3,0.0,0,1,0
413.59,7,5,1,55.04,920,2274,3,653.84,0,0,0,0.086,0.6315893958829637,0,0.3,0.0,1,0,0
636.78,1,0,0,47.33,1298,1785,4,945.73,0,1,0,0.594,0.6726099310257412,1,0.4,0.0,0,0,1
1681.42,10,6,1,6.61,107,709,4,3409.18,0,0,0,0.201,0.49305901741257063,0,0.4,0.0,0,0,1
69.4,15,0,0,49.5,986,2246,2,1188.46,0,0,0,0.284,0.05834580397827586,0,0.2,0.0,0,1,0
1875.59,23,0,0,31.63,369,1227,5,2619.01,0,0,0,0.168,0.7158713134682692,1,0.5,0.0,0,0,1
620.24,11,4,0,57.6,1099,2170,1,2470.36,0,0,0,0.394,0.25097112521041043,0,0.1,0.0,0,1,0
1902.96,22,5,1,47.56,893,965,1,2713.87,1,0,0,0.318,0.700939639835425,0,0.1,0.2,1,0,0
5402.05,22,4,0,57.52,1109,1236,6,368.33,1,0,0,0.328,14.626621178891508,0,0.6,0.2,0,1,0
2909.37,17,5,1,18.42,882,2273,3,3410.15,1,0,0,0.099,0.852900048370784,0,0.3,0.2,0,1,0
1498.39,16,0,0,10.31,734,963,4,2466.6,0,0,0,0.279,0.6072256443507863,0,0.4,0.0,0,1,0
5462.12,6,4,0,9.47,939,411,5,589.27,0,0,0,0.121,9.253595812085994,0,0.5,0.0,1,0,0
660.61,22,4,0,5.44,690,597,5,1506.11,0,0,0,0.38,0.438328987267021,0,0.5,0.0,0,0,1
6375.21,9,2,0,21.81,1456,460,5,2289.61,0,1,0,0.145,2.7831931232291836,0,0.5,0.0,0,0,1
1276.88,22,4,0,22.85,303,164,3,1054.44,0,0,0,0.282,1.20980823163799,0,0.3,0.0,0,1,0
376.8,3,5,1,56.75,139,1306,1,6663.85,0,0,0,0.203,0.05653540589810723,1,0.1,0.0,1,0,0
4042.91,13,5,1,22.7,606,1563,2,1032.65,1,0,0,0.229,3.9112949257485603,0,0.2,0.2,0,1,0
2987.46,5,3,0,63.31,352,1051,2,5190.22,0,0,0,0.185,0.5754832197441063,1,0.2,0.0,1,0,0
20789.18,19,1,0,48.75,258,2037,3,1015.11,0,0,0,0.583,20.459576226983298,0,0.3,0.0,0,1,0
3746.01,18,5,1,8.94,1460,2496,1,4130.41,0,0,0,0.467,0.9067146567394667,0,0.1,0.0,1,0,0
1721.27,6,1,0,0.68,853,270,5,3038.51,1,0,0,0.151,0.5662985152212033,0,0.5,0.2,0,1,0
2033.68,1,4,0,5.72,535,641,2,1956.48,0,0,0,0.353,1.038927600792856,1,0.2,0.0,0,0,1
2142.07,7,6,1,16.76,264,367,3,857.02,0,0,0,0.14,2.4965268874851403,0,0.3,0.0,0,1,0
1846.38,15,2,0,7.12,56,1218,0,2041.84,0,0,1,0.191,0.9038299622094732,0,0.0,0.0,0,0,1
1929.72,10,2,0,83.1,115,1544,4,482.01,0,0,1,0.277,3.995196786816008,0,0.4,0.0,0,0,1
740.45,3,4,0,49.13,212,1290,2,860.05,0,0,0,0.058,0.8599384472446433,1,0.2,0.0,1,0,0
1920.1,11,3,0,18.3,508,949,4,2671.24,0,0,0,0.116,0.7185357602610544,0,0.4,0.0,0,0,1
1335.65,11,1,0,7.73,1413,513,2,1246.33,0,0,0,0.221,1.0708072442737688,0,0.2,0.0,0,0,1
12337.94,0,1,0,28.09,205,1793,6,1014.23,0,0,0,0.237,12.152852063079303,1,0.6,0.0,0,1,0
6527.81,2,5,1,45.94,43,1648,4,1962.0,1,0,1,0.22,3.3254253693326543,1,0.4,0.2,0,0,1
1223.14,21,5,1,15.99,44,375,2,4776.48,1,0,1,0.187,0.2560220032318294,0,0.2,0.2,1,0,0
19158.42,10,3,0,15.32,902,2249,2,1347.79,0,0,0,0.193,14.20415335226388,0,0.2,0.0,0,1,0
2580.67,21,5,1,25.57,196,166,4,791.71,0,0,0,0.329,3.2555032735805023,0,0.4,0.0,0,1,0
7843.0,3,4,0,2.03,526,2187,2,2007.64,0,0,0,0.24,3.9046319898040465,1,0.2,0.0,0,1,0
874.64,16,6,1,28.67,1128,1282,4,798.57,1,0,0,0.413,1.0938879647810698,0,0.4,0.2,1,0,0
5914.08,21,6,1,2.97,1495,2298,4,850.38,1,0,1,0.701,6.946463388851042,0,0.4,0.2,0,0,1
5360.22,21,3,0,73.98,829,866,0,2645.96,0,1,0,0.426,2.0250476017771333,0,0.0,0.0,0,1,0
1595.3,2,3,0,44.34,1410,1721,8,614.98,0,0,0,0.407,2.589856813532907,1,0.8,0.0,0,0,1
349.61,8,1,0,70.86,761,752,1,518.71,0,0,0,0.142,0.6727020838544573,0,0.1,0.0,0,0,1
918.38,23,4,0,36.66,1143,215,2,1024.54,0,1,1,0.124,0.8955087076076994,1,0.2,0.0,0,1,0
4932.51,8,2,0,33.62,585,554,5,1569.04,1,0,0,0.173,3.1416460727115236,0,0.5,0.2,0,0,1
670.49,11,4,0,6.76,1110,2487,2,654.86,1,0,0,0.276,1.0223065898209984,0,0.2,0.2,1,0,0
944.59,23,0,0,17.85,1347,711,0,470.75,0,0,0,0.078,2.0023105458399577,1,0.0,0.0,0,1,0
1422.76,13,2,0,6.61,575,2305,1,771.97,0,0,0,0.561,1.8406406458206657,0,0.1,0.0,0,1,0
1464.14,20,0,0,47.79,457,1595,5,1851.48,0,0,1,0.383,0.7903675073415098,0,0.5,0.0,0,0,1
1058.97,6,3,0,67.07,1264,34,2,1381.19,0,1,0,0.363,0.7661537125865474,0,0.2,0.0,1,0,0
721.63,20,0,0,18.01,980,602,3,1161.13,1,0,0,0.244,0.6209546264187311,0,0.3,0.2,0,0,1
1523.26,6,2,0,38.74,32,465,2,173.01,1,0,0,0.345,8.753864720418367,0,0.2,0.2,0,0,1
1409.14,0,0,0,37.0,363,2434,4,4147.05,0,0,0,0.588,0.3397114306722436,1,0.4,0.0,1,0,0
1351.83,8,1,0,28.88,594,723,1,872.88,0,0,0,0.455,1.5469286400878839,0,0.1,0.0,0,0,1
2097.17,9,4,0,45.36,1280,2083,3,3788.39,0,0,0,0.126,0.5534320827362715,0,0.3,0.0,0,1,0
4941.78,23,3,0,75.88,926,342,0,680.71,0,1,1,0.335,7.249094189611418,1,0.0,0.0,0,0,1
811.44,9,2,0,73.12,17,1724,4,1986.13,0,0,0,0.169,0.4083477175625148,0,0.4,0.0,1,0,0
524.66,20,5,1,52.66,161,1999,5,2341.35,0,0,0,0.355,0.22398872926761584,0,0.5,0.0,0,1,0
614.35,16,1,0,9.81,605,1836,3,3709.85,0,0,0,0.445,0.16555506150881874,0,0.3,0.0,0,0,1
539.61,8,0,0,14.7,219,1202,6,573.18,0,0,0,0.19,0.9397923995959456,0,0.6,0.0,1,0,0
3024.07,0,5,1,42.49,1284,83,2,3734.87,0,1,0,0.291,0.8094687448974403,1,0.2,0.0,0,1,0
2950.76,4,0,0,44.93,1343,2260,3,5170.46,0,0,1,0.535,0.5705854826296636,1,0.3,0.0,0,1,0
1179.78,2,3,0,12.42,1181,2069,2,548.95,1,0,0,0.257,2.145249568142558,1,0.2,0.2,0,1,0
1942.34,21,4,0,4.28,570,1180,2,1354.08,0,0,0,0.016,1.4333766272102015,0,0.2,0.0,0,0,1
1849.13,19,6,1,44.69,994,318,3,7538.71,0,0,0,0.21,0.24525213834484352,0,0.3,0.0,0,1,0
851.91,12,5,1,9.38,1013,2064,4,1168.68,0,0,0,0.377,0.7283274057861978,0,0.4,0.0,0,1,0
1294.01,4,4,0,52.5,1350,1395,3,1029.06,0,0,0,0.327,1.2562472089004524,1,0.3,0.0,0,0,1
2690.27,5,4,0,42.95,983,463,3,6636.0,0,0,0,0.202,0.4053442820551454,1,0.3,0.0,0,1,0
484.25,3,3,0,24.95,687,2407,2,1686.82,0,1,0,0.514,0.28690855659963743,1,0.2,0.0,1,0,0
5026.21,23,4,0,14.0,1413,1768,6,1156.05,0,0,0,0.3,4.343986863143339,1,0.6,0.0,0,0,1
2595.78,12,0,0,13.24,802,1045,8,2047.27,0,0,0,0.299,1.2673036269632423,0,0.8,0.0,0,1,0
32664.73,15,1,0,2.92,469,1865,1,1248.82,0,0,0,0.124,26.135547518842714,0,0.1,0.0,0,1,0
703.11,12,3,0,27.21,668,2289,2,909.2,0,0,0,0.339,0.7724785761371127,0,0.2,0.0,1,0,0
1109.2,15,6,1,68.32,1174,1920,2,1047.58,0,0,0,0.178,1.057811516527113,0,0.2,0.0,0,0,1
3410.04,10,2,0,40.96,1159,1139,1,2895.14,0,0,1,0.353,1.1774430794091446,0,0.1,0.0,0,0,1
186.52,0,0,0,15.12,26,1947,3,1495.57,0,1,0,0.085,0.12463165772399555,1,0.3,0.0,0,1,0
2333.98,0,4,0,34.12,747,475,3,459.2,0,0,0,0.526,5.071664493698393,1,0.3,0.0,0,0,1
2262.39,21,1,0,21.19,1190,590,3,1941.86,2,0,0,0.439,1.1644637287298107,0,0.3,0.4,0,0,1
1595.93,14,1,0,31.68,500,1709,2,537.93,1,0,0,0.145,2.9612936745031826,0,0.2,0.2,0,0,1
962.41,10,3,0,25.0,1218,367,4,2523.01,2,1,0,0.506,0.3813019758241845,0,0.4,0.4,0,0,1
519.49,1,6,1,5.83,248,469,5,1160.97,0,0,1,0.262,0.44707694690912847,1,0.5,0.0,0,1,0
2371.98,22,4,0,4.93,506,1447,2,641.64,0,0,0,0.101,3.6909934022158595,0,0.2,0.0,0,0,1
4878.49,4,4,0,2.98,1473,1545,5,2904.05,0,0,0,0.317,1.6793136090600849,1,0.5,0.0,0,0,1
2742.85,8,1,0,51.26,1141,1451,11,2636.7,0,0,0,0.308,1.039864275694734,0,1.0,0.0,1,0,0
374.23,16,4,0,24.53,798,1927,1,1791.88,0,0,0,0.359,0.20873120342688858,0,0.1,0.0,0,0,1
201.12,20,0,0,10.41,667,2092,1,1799.61,0,0,0,0.046,0.1116954809758915,0,0.1,0.0,0,0,1
2890.25,22,6,1,5.3,1312,2063,2,2465.59,1,0,0,0.52,1.1717593925216594,0,0.2,0.2,0,0,1
10992.33,6,2,0,5.52,491,235,2,1851.37,0,0,0,0.283,5.934197811452356,0,0.2,0.0,0,1,0
11237.38,20,4,0,37.43,1422,852,0,588.8,0,0,1,0.201,19.052865378094268,0,0.0,0.0,1,0,0
6084.96,21,0,0,111.29,1288,2440,2,1423.23,0,1,0,0.403,4.272455993765052,0,0.2,0.0,1,0,0
3384.16,15,6,1,0.1,772,738,3,7475.13,1,0,0,0.553,0.45266200560985426,0,0.3,0.2,0,1,0
412.7,17,2,0,6.69,1126,443,2,967.48,0,0,0,0.497,0.4261316702461589,0,0.2,0.0,0,0,1
1505.36,1,6,1,35.35,636,491,2,1093.96,0,0,0,0.257,1.3748082121721341,1,0.2,0.0,1,0,0
299.66,18,1,0,36.92,1151,2360,2,1538.43,0,0,0,0.016,0.19465646375606557,0,0.2,0.0,0,1,0
6957.54,5,2,0,3.78,348,1983,3,584.63,0,0,0,0.429,11.88043645305056,1,0.3,0.0,1,0,0
1879.28,20,3,0,49.13,55,198,1,1993.27,0,0,0,0.402,0.9423398035371339,0,0.1,0.0,1,0,0
4452.93,5,5,1,5.68,1037,2089,4,438.07,2,0,0,0.15,10.141731386794817,1,0.4,0.4,0,0,1
8451.47,0,1,0,35.3,292,840,3,1038.04,0,0,0,0.422,8.133921696951031,1,0.3,0.0,1,0,0
942.0,20,5,1,17.12,706,851,0,1159.23,0,0,0,0.164,0.8119079837618403,0,0.0,0.0,0,1,0
371.72,6,3,0,49.82,83,2327,3,4572.1,0,0,0,0.246,0.08128403052633881,0,0.3,0.0,1,0,0
4061.86,7,5,1,20.41,979,894,1,834.95,0,0,0,0.113,4.858974819068126,0,0.1,0.0,1,0,0
5308.43,16,4,0,39.13,1183,2189,0,858.5,1,0,0,0.232,6.176183827806865,0,0.0,0.2,0,1,0
9733.43,0,2,0,64.69,743,2152,0,3077.58,1,0,0,0.046,3.1616621949080423,1,0.0,0.2,1,0,0
4062.55,6,3,0,4.48,1268,222,2,2029.18,0,0,0,0.069,2.001078722083756,0,0.2,0.0,1,0,0
1730.59,3,2,0,25.19,252,2375,1,1683.33,0,0,0,0.449,1.0274649267067617,1,0.1,0.0,0,0,1
3260.68,20,5,1,44.59,105,1540,5,651.77,0,0,0,0.161,4.995143771925793,0,0.5,0.0,0,1,0
185.46,21,5,1,31.02,1458,2038,5,2376.33,0,0,0,0.138,0.07801188728531588,0,0.5,0.0,0,0,1
527.5,13,4,0,32.54,31,105,4,1666.33,2,0,1,0.123,0.31637408311492027,0,0.4,0.4,0,0,1
5394.11,3,4,0,6.75,1355,974,4,1737.56,0,0,0,0.344,3.102630912939444,1,0.4,0.0,1,0,0
549.51,21,4,0,2.66,816,1093,2,1509.06,0,0,0,0.307,0.36389944770406474,0,0.2,0.0,1,0,0
2401.81,6,1,0,0.17,1078,2096,1,776.25,0,0,0,0.371,3.0901383081376648,0,0.1,0.0,0,0,1
644.81,15,5,1,13.29,774,533,5,2300.8,0,1,0,0.361,0.2801329394387001,0,0.5,0.0,1,0,0
1742.62,20,1,0,11.31,1083,1207,2,1194.03,0,0,0,0.273,1.458222806122022,0,0.2,0.0,0,0,1
964.06,0,6,1,1.62,859,1572,2,519.62,1,0,0,0.348,1.8517536783066342,1,0.2,0.2,1,0,0
795.63,23,5,1,53.05,327,1329,0,731.71,2,0,0,0.458,1.0858729920432366,1,0.0,0.4,0,1,0
264.9,3,4,0,0.75,1012,2093,5,3933.63,0,0,0,0.331,0.06732526311241463,1,0.5,0.0,1,0,0
296.17,1,3,0,34.6,1378,2201,3,1481.62,1,0,1,0.418,0.19976123349206137,1,0.3,0.2,0,0,1
766.6,13,5,1,38.75,402,1767,1,1133.33,0,0,0,0.134,0.6758174428958064,0,0.1,0.0,0,1,0
2507.67,19,5,1,25.95,950,347,6,5921.47,0,0,0,0.265,0.42341624356054147,0,0.6,0.0,0,0,1
1454.72,23,2,0,21.54,667,2086,4,929.3,0,0,0,0.314,1.5637106309792541,1,0.4,0.0,0,1,0
1350.47,7,1,0,15.16,617,1372,3,1854.12,0,0,0,0.477,0.7279690801673208,0,0.3,0.0,0,0,1
712.22,5,5,1,1.17,624,1910,1,855.55,0,0,0,0.422,0.8314984530967253,1,0.1,0.0,0,1,0
1716.77,10,2,0,1.14,1425,1012,4,846.57,0,0,0,0.192,2.0255200160458724,0,0.4,0.0,0,1,0
489.26,6,0,0,12.55,225,2217,1,1581.18,0,1,0,0.257,0.30923156657270345,0,0.1,0.0,0,1,0
1875.96,11,5,1,15.01,351,1876,6,457.25,0,0,0,0.236,4.0937479541734865,0,0.6,0.0,0,0,1
4371.73,16,1,0,43.3,861,1635,3,927.79,0,0,0,0.114,4.706908989114869,0,0.3,0.0,0,1,0
1904.37,5,1,0,21.53,666,2164,5,1359.38,1,0,1,0.33,1.399880915626516,1,0.5,0.2,0,0,1
3151.69,6,3,0,31.91,471,640,2,1457.58,0,0,0,0.21,2.16079337437782,0,0.2,0.0,0,1,0
711.35,10,4,0,31.41,212,331,6,2537.43,0,0,0,0.211,0.2802322695524399,0,0.6,0.0,0,1,0
927.73,8,3,0,27.06,873,1618,1,933.5,0,0,0,0.549,0.9927554842161584,0,0.1,0.0,0,1,0
1486.78,3,0,0,11.17,1420,765,6,494.85,1,0,0,0.182,2.998447111021478,1,0.6,0.2,1,0,0
9314.43,16,0,0,38.32,154,714,4,2053.46,0,0,0,0.373,4.533760696241348,0,0.4,0.0,0,0,1
13999.27,22,0,0,10.67,633,742,6,1609.22,1,1,0,0.284,8.69401075629417,0,0.6,0.2,0,0,1
455.9,13,4,0,20.44,1326,1901,2,1202.45,0,1,0,0.185,0.3788275374963646,0,0.2,0.0,0,1,0
2137.26,19,6,1,17.25,250,1503,4,1919.49,1,0,0,0.237,1.1128722357315062,0,0.4,0.2,0,1,0
2543.6,23,0,0,75.02,751,1430,3,2083.66,1,0,1,0.23,1.2201510078382087,1,0.3,0.2,0,0,1
6173.19,1,2,0,13.4,266,2406,5,2191.15,1,0,0,0.247,2.816043610154414,1,0.5,0.2,0,0,1
1819.27,19,4,0,6.94,69,2404,1,684.56,0,0,0,0.064,2.653699165645604,0,0.1,0.0,0,0,1
2943.39,3,4,0,10.73,1269,1193,2,734.84,0,0,0,0.313,4.00004076973255,1,0.2,0.0,0,0,1
3604.5,18,3,0,5.08,283,1728,2,684.96,0,0,0,0.253,5.254679573152953,0,0.2,0.0,0,1,0
1113.19,23,4,0,11.65,1222,2395,1,1683.1,0,0,0,0.361,0.6609999406211033,1,0.1,0.0,1,0,0
7117.14,12,6,1,16.81,472,1049,2,1543.52,0,0,0,0.085,4.607994716805221,0,0.2,0.0,0,0,1
1041.72,15,6,1,31.33,1439,1312,2,1294.27,0,0,1,0.401,0.8042493070942738,0,0.2,0.0,1,0,0
1812.02,7,5,1,1.34,620,120,3,1624.41,0,0,0,0.243,1.1148079561464492,0,0.3,0.0,1,0,0
2061.77,15,2,0,31.02,1358,965,0,1816.81,0,0,0,0.409,1.1342054450135053,0,0.0,0.0,0,1,0
1345.07,10,3,0,29.13,1380,1995,4,1525.55,0,0,0,0.15,0.8811175526514035,0,0.4,0.0,0,0,1
2228.37,10,3,0,13.59,1202,496,1,2530.01,3,0,0,0.038,0.8804271812438511,0,0.1,0.6,1,0,0
2973.31,8,6,1,71.09,1080,738,1,798.11,0,0,0,0.474,3.7207768642614907,0,0.1,0.0,1,0,0
1964.7,18,2,0,40.18,1479,2202,5,6229.21,1,0,0,0.552,0.31535052590522633,0,0.5,0.2,0,1,0
783.76,13,4,0,11.45,1092,918,1,1694.49,1,1,0,0.048,0.4622616470754767,0,0.1,0.2,0,1,0
5329.23,15,4,0,38.4,1265,2135,3,2099.37,0,0,0,0.041,2.5372815265881723,0,0.3,0.0,1,0,0
8166.92,16,3,0,14.93,574,805,4,2149.23,0,0,0,0.074,3.79816112694921,0,0.4,0.0,0,0,1
188.57,23,4,0,2.33,953,836,3,2392.96,0,0,0,0.685,0.07876906882320506,1,0.3,0.0,0,0,1
1663.56,21,6,1,2.06,992,885,2,520.38,0,0,0,0.264,3.190686255706011,0,0.2,0.0,1,0,0
1098.67,5,3,0,86.99,1230,942,1,1054.54,0,0,0,0.203,1.0408606021562423,1,0.1,0.0,0,0,1
8174.03,16,4,0,0.43,764,701,4,535.58,0,0,1,0.378,15.233571881173356,0,0.4,0.0,1,0,0
838.93,9,0,0,42.25,411,1783,3,2466.75,0,1,0,0.203,0.33995745111944076,0,0.3,0.0,0,1,0
3925.9,18,5,1,23.26,638,51,3,2302.95,0,0,0,0.01,1.7039866316543328,0,0.3,0.0,1,0,0
576.05,5,6,1,69.93,813,1657,3,2883.72,0,0,0,0.485,0.19969009123935771,1,0.3,0.0,0,1,0
1529.92,4,3,0,4.29,818,499,4,5822.15,1,0,0,0.625,0.2627306526536325,1,0.4,0.2,0,1,0
701.2,8,2,0,22.48,1165,178,3,1115.59,1,0,0,0.173,0.6279834137866183,0,0.3,0.2,0,0,1
3876.23,20,6,1,7.38,479,1499,2,982.49,0,0,0,0.57,3.9413008774873157,0,0.2,0.0,0,0,1
742.03,8,6,1,12.29,979,850,2,2684.99,1,0,0,0.383,0.2762594052844575,0,0.2,0.2,0,1,0
814.75,16,2,0,19.06,11,1950,3,2929.61,3,0,0,0.381,0.278013792350398,0,0.3,0.6,1,0,0
1171.82,13,1,0,15.34,1235,2175,2,2563.16,1,0,0,0.234,0.4569995632097841,0,0.2,0.2,0,1,0
1351.31,10,0,0,4.37,679,1193,7,397.17,0,0,1,0.181,3.3938016425145037,0,0.7,0.0,0,1,0
3507.9,11,2,0,59.82,1343,78,2,6653.63,0,0,0,0.345,0.5271367453938085,0,0.2,0.0,0,1,0
566.12,3,3,0,6.96,1049,1447,1,2434.55,0,0,0,0.261,0.23244031122333764,1,0.1,0.0,1,0,0
8967.99,12,4,0,36.32,724,363,7,671.05,1,0,0,0.346,13.344230340004465,0,0.7,0.2,1,0,0
1451.87,21,1,0,8.82,658,590,5,897.61,0,0,0,0.291,1.6156842234117135,0,0.5,0.0,0,1,0
1403.59,11,5,1,24.16,415,1183,4,11237.0,0,0,0,0.265,0.12489677878626089,0,0.4,0.0,1,0,0
1582.77,10,3,0,69.39,1046,59,1,904.93,0,0,0,0.057,1.7471217422979701,0,0.1,0.0,0,1,0
543.89,22,5,1,3.69,566,2309,1,1154.55,0,0,0,0.366,0.4706763013283718,0,0.1,0.0,0,0,1
6754.38,10,5,1,29.67,728,1633,4,2117.84,0,0,0,0.227,3.1877725547941327,0,0.4,0.0,1,0,0
6489.61,14,4,0,35.84,1201,559,2,968.16,0,0,0,0.294,6.696118288001981,0,0.2,0.0,0,0,1
881.06,4,1,0,4.55,315,1820,3,1234.45,0,0,0,0.145,0.7131490550002023,1,0.3,0.0,1,0,0
1080.19,22,3,0,30.73,63,358,6,2948.17,0,0,0,0.49,0.3662691536940902,0,0.6,0.0,0,1,0
484.65,10,0,0,18.64,213,916,2,1981.96,0,0,0,0.242,0.24440735062734498,0,0.2,0.0,0,1,0
4849.66,20,6,1,75.53,1332,1856,3,2357.19,0,0,0,0.481,2.0565179226440615,0,0.3,0.0,1,0,0
1370.11,9,3,0,49.2,820,1383,0,1015.3,0,0,0,0.292,1.3481353930925908,0,0.0,0.0,1,0,0
4265.64,17,3,0,69.58,1473,370,2,457.81,0,0,0,0.192,9.297181839977334,0,0.2,0.0,0,1,0
2360.44,4,4,0,82.52,924,1675,7,715.88,0,0,0,0.317,3.2926570695234907,1,0.7,0.0,0,1,0
3617.36,6,6,1,0.12,437,2150,2,1318.21,0,0,0,0.158,2.742065326975993,0,0.2,0.0,1,0,0
615.43,10,3,0,9.23,718,584,2,1579.46,0,0,0,0.195,0.38939928881464886,0,0.2,0.0,0,0,1
2049.15,6,5,1,77.73,427,2070,2,1894.11,0,0,0,0.292,1.081282880677111,0,0.2,0.0,1,0,0
1857.22,17,6,1,16.21,952,988,0,1138.68,0,1,0,0.561,1.629597781833497,0,0.0,0.0,1,0,0
3259.03,22,6,1,16.87,23,853,2,1197.66,0,0,0,0.142,2.718894432115863,0,0.2,0.0,0,1,0
2639.45,19,1,0,2.32,1149,1191,3,1536.44,0,0,0,0.226,1.716782443542512,0,0.3,0.0,0,1,0
1082.84,11,4,0,0.28,1352,498,3,592.39,0,0,0,0.384,1.8248369537740776,0,0.3,0.0,0,1,0
2612.09,9,2,0,10.79,367,547,1,1118.54,0,1,1,0.143,2.333181485252872,0,0.1,0.0,0,1,0
7764.15,6,0,0,0.26,878,1147,0,1336.52,0,0,0,0.236,5.804885160595729,0,0.0,0.0,0,1,0
1894.74,19,5,1,17.91,1058,2082,4,1013.54,0,0,0,0.37,1.8675853095984387,0,0.4,0.0,0,0,1
3366.15,18,3,0,51.72,582,419,3,562.65,0,0,0,0.476,5.972057127650138,0,0.3,0.0,0,1,0
916.22,22,1,0,0.94,135,1804,4,630.43,1,0,0,0.438,1.4510238664618407,0,0.4,0.2,1,0,0
2944.16,16,0,0,123.72,560,837,3,1145.97,0,0,0,0.272,2.566902360131477,0,0.3,0.0,0,1,0
2730.56,6,2,0,23.85,1423,744,2,3167.33,0,0,0,0.54,0.8618294180214814,0,0.2,0.0,0,0,1
594.13,21,4,0,37.4,564,1188,4,2326.37,0,0,1,0.129,0.2552795644869531,0,0.4,0.0,0,0,1
3425.3,0,0,0,36.46,831,1780,1,1618.89,0,0,0,0.206,2.114526294995339,1,0.1,0.0,0,0,1
1386.61,2,0,0,60.28,139,1872,1,1367.72,1,0,0,0.138,1.0130706061137411,1,0.1,0.2,0,1,0
1714.6,9,6,1,9.78,17,925,4,1615.07,1,1,0,0.441,1.0609688936741601,0,0.4,0.2,1,0,0
1600.48,23,2,0,64.04,911,647,2,1566.14,0,0,0,0.361,1.0212744234720574,1,0.2,0.0,0,0,1
535.57,9,5,1,84.05,692,959,1,1242.35,0,0,1,0.191,0.4307475771102265,0,0.1,0.0,0,0,1
767.15,23,6,1,12.91,80,1509,1,3981.65,0,0,0,0.472,0.19262300227235635,1,0.1,0.0,0,1,0
1420.81,0,5,1,7.58,539,1815,4,2017.84,0,0,1,0.128,0.7037754353985457,1,0.4,0.0,0,1,0
2098.31,20,0,0,10.25,963,1794,4,1363.02,0,0,1,0.313,1.5383278837553702,0,0.4,0.0,1,0,0
605.38,19,0,0,13.07,1019,2058,3,2451.73,1,0,0,0.412,0.2468188508315224,0,0.3,0.2,0,1,0
304.67,3,1,0,18.94,1144,83,3,1239.3,1,0,0,0.193,0.24564218334273968,1,0.3,0.2,0,1,0
3365.23,3,5,1,65.92,1182,1676,4,2277.82,1,0,0,0.334,1.4767423491105045,1,0.4,0.2,1,0,0
684.44,10,3,0,6.4,3,1039,1,1262.44,0,0,0,0.537,0.5417273475590452,0,0.1,0.0,0,1,0
2033.24,19,0,0,7.2,98,685,4,2055.19,0,0,0,0.576,0.9888385800923066,0,0.4,0.0,0,1,0
590.41,20,4,0,46.77,1180,1870,3,1892.03,0,0,0,0.017,0.31188623529473913,0,0.3,0.0,1,0,0
2345.18,21,3,0,33.57,147,597,2,3604.11,0,0,0,0.445,0.6505155182504833,0,0.2,0.0,1,0,0
1701.52,8,2,0,4.64,145,1965,1,471.73,1,0,0,0.086,3.5993484652973153,0,0.1,0.2,1,0,0
350.42,19,5,1,2.22,270,1560,2,2106.22,0,0,0,0.448,0.1662949288636213,0,0.2,0.0,0,1,0
1611.23,3,3,0,37.52,722,1084,3,1103.59,0,0,0,0.351,1.45866792203442,1,0.3,0.0,1,0,0
1786.76,6,2,0,11.8,349,1273,2,961.77,0,0,0,0.13,1.8558534229359038,0,0.2,0.0,0,1,0
1222.14,4,1,0,31.48,674,1268,2,2959.65,0,0,0,0.192,0.4127944876969585,1,0.2,0.0,0,1,0
4516.93,4,1,0,20.24,620,566,6,692.94,0,0,0,0.073,6.509107415626711,1,0.6,0.0,0,1,0
1805.45,4,3,0,72.74,687,2274,4,1000.13,0,0,0,0.131,1.803412144276967,1,0.4,0.0,0,1,0
5694.14,0,6,1,19.76,724,174,9,1288.28,0,0,0,0.428,4.416527053859519,1,0.9,0.0,0,0,1
4510.07,3,1,0,66.09,811,1387,1,1371.24,1,0,0,0.126,3.2866481082026464,1,0.1,0.2,0,1,0
2044.54,18,5,1,52.55,740,1124,1,2025.95,0,1,0,0.348,1.0086780630997312,0,0.1,0.0,1,0,0
4984.65,20,5,1,33.29,1214,2420,1,2224.15,0,1,0,0.315,2.2401411140821965,0,0.1,0.0,0,1,0
8065.22,21,0,0,72.51,270,878,3,837.85,0,0,0,0.231,9.614615247064433,0,0.3,0.0,0,1,0
443.26,13,1,0,50.18,1127,210,3,2802.33,0,0,0,0.148,0.1581190940774008,0,0.3,0.0,0,1,0
2349.06,14,6,1,58.25,982,206,3,1507.51,0,0,0,0.051,1.5572054543887677,0,0.3,0.0,0,0,1
322.31,23,2,0,23.45,786,1520,0,966.4,0,0,0,0.656,0.33317138722348566,1,0.0,0.0,0,0,1
2058.57,15,6,1,11.07,23,1177,4,2369.23,0,0,0,0.219,0.8685106508651059,0,0.4,0.0,0,0,1
3810.85,2,3,0,17.54,1447,2309,2,1281.36,0,0,0,0.557,2.9717474032253035,1,0.2,0.0,0,0,1
2932.22,6,0,0,25.39,1184,148,2,1269.14,2,0,0,0.209,2.308580156518179,0,0.2,0.4,1,0,0
16167.96,19,0,0,39.13,1102,560,2,1066.55,0,0,0,0.393,15.144920612617677,0,0.2,0.0,0,1,0
8276.87,19,0,0,31.79,901,169,4,334.81,2,0,1,0.275,24.64747922932611,0,0.4,0.4,1,0,0
2517.3,14,3,0,46.87,48,2391,3,2803.53,1,0,0,0.316,0.8975835523242753,0,0.3,0.2,1,0,0
2700.43,10,3,0,83.05,526,1241,3,533.3,0,0,0,0.271,5.054145611079917,0,0.3,0.0,0,1,0
834.31,2,1,0,7.8,811,2173,4,1606.47,0,0,0,0.424,0.5190205727012013,1,0.4,0.0,1,0,0
2842.43,23,3,0,39.99,465,1651,6,433.88,1,0,0,0.156,6.536124908020603,1,0.6,0.2,0,1,0
8407.1,19,1,0,81.95,326,60,3,2828.6,0,1,0,0.315,2.9711266610121574,0,0.3,0.0,0,1,0
1513.66,23,4,0,16.47,1042,1121,3,852.16,2,0,0,0.509,1.7741806929532562,1,0.3,0.4,1,0,0
168.72,10,0,0,28.81,712,1766,1,1132.65,0,1,0,0.298,0.14882900366074184,0,0.1,0.0,0,0,1
2777.13,1,3,0,46.54,350,1679,4,1153.62,0,0,0,0.285,2.4052328904747884,1,0.4,0.0,1,0,0
927.24,20,4,0,30.53,884,1669,2,1853.76,0,0,0,0.216,0.49992451853609093,0,0.2,0.0,1,0,0
2267.31,19,4,0,17.73,488,1556,3,3668.51,0,0,0,0.084,0.617878136317928,0,0.3,0.0,0,0,1
1328.77,6,5,1,63.53,87,2386,4,2436.86,0,0,0,0.481,0.5450559096912866,0,0.4,0.0,0,0,1
1565.51,21,6,1,37.46,1116,85,0,666.17,0,1,0,0.3,2.346493397484899,0,0.0,0.0,0,0,1
6546.88,14,0,0,52.83,405,467,1,3248.19,0,0,0,0.289,2.0149267971402103,0,0.1,0.0,1,0,0
6273.62,7,6,1,21.52,1412,2488,3,3106.04,0,0,1,0.626,2.019162933209743,0,0.3,0.0,0,0,1
913.97,20,3,0,80.97,168,1157,1,1886.13,1,0,1,0.447,0.48431745560719186,0,0.1,0.2,0,1,0
1655.7,17,3,0,22.78,952,993,5,1349.33,0,1,0,0.482,1.2261447201795117,0,0.5,0.0,1,0,0
2946.19,2,6,1,43.82,141,2431,5,3882.16,1,1,0,0.718,0.7587094016213599,1,0.5,0.2,0,1,0
2351.39,17,3,0,21.49,724,815,2,2734.63,1,0,0,0.386,0.8595424088783936,0,0.2,0.2,0,0,1
15605.62,22,2,0,59.79,762,1318,3,9523.57,0,0,1,0.331,1.6384592690273683,0,0.3,0.0,0,1,0
1083.9,2,5,1,35.26,1231,535,5,1085.3,0,0,0,0.424,0.9977906655619996,1,0.5,0.0,0,0,1
2940.17,15,5,1,0.06,1451,2324,5,516.6,1,0,0,0.177,5.680390262751159,0,0.5,0.2,0,0,1
8573.53,18,5,1,65.96,36,924,2,2087.3,1,0,0,0.19,4.105506871618062,0,0.2,0.2,0,1,0
1217.11,11,6,1,63.53,1295,1998,7,1254.14,0,0,0,0.147,0.9697005911691124,0,0.7,0.0,0,1,0
2795.42,12,4,0,20.44,1377,982,4,1657.87,0,0,0,0.23,1.6851350618191903,0,0.4,0.0,1,0,0
2867.7,18,3,0,24.68,1344,2468,2,3395.9,0,0,0,0.398,0.8442108981718625,0,0.2,0.0,0,0,1
2435.47,12,6,1,94.17,1175,607,3,6288.64,0,0,0,0.299,0.38721930030971563,0,0.3,0.0,0,1,0
5042.83,2,0,0,20.46,1444,1508,2,1760.24,1,1,0,0.153,2.863227044582226,1,0.2,0.2,0,0,1
2174.29,9,3,0,9.06,927,1217,5,2905.66,0,0,0,0.204,0.7480372661405187,0,0.5,0.0,0,1,0
6589.11,16,3,0,44.78,913,1879,2,1895.3,0,0,1,0.304,3.474719190001582,0,0.2,0.0,0,1,0
2305.86,2,0,0,50.49,60,2443,6,2738.95,2,0,0,0.289,0.8415701016441907,1,0.6,0.4,0,0,1
458.9,0,2,0,4.44,1364,1737,0,2325.31,1,1,0,0.041,0.19726519681383822,1,0.0,0.2,0,1,0
1177.99,5,3,0,48.36,1490,2227,2,454.01,0,0,1,0.354,2.5889321113821673,1,0.2,0.0,0,1,0
33302.67,4,2,0,1.87,1386,56,3,1261.02,0,1,0,0.089,26.388385287079444,1,0.3,0.0,0,1,0
935.17,19,6,1,71.47,157,571,4,2266.83,0,0,0,0.154,0.41236336056935485,0,0.4,0.0,0,0,1
2669.73,5,5,1,103.81,735,444,0,2386.21,0,0,0,0.521,1.1183473594698414,1,0.0,0.0,1,0,0
6771.83,23,6,1,67.56,456,757,1,2869.66,0,1,0,0.155,2.3589801648401414,1,0.1,0.0,1,0,0
7563.37,5,2,0,5.02,710,1873,7,816.87,0,0,0,0.083,9.247643268490101,1,0.7,0.0,0,1,0
1980.05,15,5,1,7.14,430,1650,4,646.9,0,0,0,0.347,3.056104337089057,0,0.4,0.0,0,0,1
554.81,0,0,0,65.67,1218,1948,0,1273.06,1,0,0,0.453,0.43546614759116525,1,0.0,0.2,0,1,0
1340.63,17,0,0,27.56,406,568,4,1663.12,0,0,0,0.082,0.8056089705069347,0,0.4,0.0,0,0,1
2655.37,6,5,1,7.03,878,2212,0,4146.81,0,0,1,0.218,0.6401860258787166,0,0.0,0.0,1,0,0
1199.91,10,2,0,92.2,249,1012,3,4263.03,0,1,0,0.32,0.28140280438927495,0,0.3,0.0,0,1,0
942.48,12,3,0,0.12,467,1242,6,442.82,0,0,0,0.15,2.1235636068676493,0,0.6,0.0,1,0,0
899.26,4,1,0,4.2,69,548,7,483.79,0,0,1,0.225,1.8549475030425544,1,0.7,0.0,0,0,1
4532.55,14,0,0,31.92,226,666,4,652.95,0,1,0,0.266,6.93103448275862,0,0.4,0.0,0,1,0
712.63,18,6,1,25.16,1071,1466,2,4754.16,1,0,0,0.315,0.14986456817436217,0,0.2,0.2,0,0,1
7945.2,22,0,0,8.47,813,1231,7,964.98,0,0,0,0.318,8.225015010662746,0,0.7,0.0,0,1,0
10262.08,6,0,0,44.66,1492,1216,6,2249.76,1,0,0,0.256,4.559384385718602,0,0.6,0.2,0,1,0
5499.89,11,6,1,57.54,1433,1080,2,2121.14,0,0,0,0.092,2.591671614502342,0,0.2,0.0,1,0,0
49.3,9,2,0,14.18,608,696,3,2859.56,0,0,0,0.181,0.017234387672343875,0,0.3,0.0,1,0,0
511.36,11,1,0,22.98,1152,58,1,643.25,1,1,1,0.178,0.7937291424136593,0,0.1,0.2,0,0,1
3613.2,19,0,0,21.25,375,219,2,2349.01,1,0,0,0.06,1.5375253722324584,0,0.2,0.2,0,0,1
4007.4,16,1,0,12.17,1227,1104,3,1789.78,0,0,0,0.063,2.2377958208155104,0,0.3,0.0,0,1,0
1743.69,14,3,0,7.86,936,1373,3,1177.1,1,0,0,0.179,1.4800865800865803,0,0.3,0.2,0,0,1
295.16,2,3,0,19.86,1260,1505,2,4743.69,1,0,0,0.128,0.06220848991188045,1,0.2,0.2,0,1,0
1152.42,12,5,1,57.69,94,1352,1,2499.87,2,0,0,0.745,0.46080763894164833,0,0.1,0.4,1,0,0
635.73,6,5,1,84.18,780,1153,2,2198.82,1,0,0,0.224,0.28899182660399486,0,0.2,0.2,0,1,0
2166.2,15,3,0,22.06,1362,890,3,2372.13,1,0,0,0.359,0.9128029227223118,0,0.3,0.2,0,1,0
4166.48,7,6,1,63.16,607,1256,2,3452.53,0,0,0,0.437,1.2064409459306853,0,0.2,0.0,0,1,0
634.4,4,1,0,44.93,741,2253,3,953.65,0,0,0,0.352,0.6645367412140575,1,0.3,0.0,0,0,1
1700.8,1,3,0,9.53,878,1799,7,1172.02,2,0,1,0.089,1.4499326524696936,1,0.7,0.4,0,1,0
2233.22,2,1,0,21.07,864,1709,3,3090.35,0,0,0,0.072,0.7224093033787827,1,0.3,0.0,0,0,1
1874.36,6,2,0,0.95,861,690,3,4616.3,1,0,0,0.388,0.40594286704351024,0,0.3,0.2,1,0,0
1227.89,4,4,0,43.72,851,391,1,2250.33,0,1,0,0.109,0.5454064930507745,1,0.1,0.0,0,0,1
20728.14,8,2,0,27.05,425,1878,0,1172.17,0,0,0,0.362,17.66848794292387,0,0.0,0.0,0,0,1
2640.78,20,5,1,18.25,424,1399,0,712.35,0,0,0,0.236,3.7019415434218828,0,0.0,0.0,0,0,1
7278.88,19,5,1,52.76,976,903,5,3778.42,0,0,0,0.115,1.9259251419529981,0,0.5,0.0,0,1,0
822.08,1,6,1,43.48,858,1436,5,619.58,0,0,0,0.266,1.32469625189339,1,0.5,0.0,0,0,1
1327.91,5,2,0,17.96,685,400,1,2315.17,0,0,0,0.211,0.5733214746758658,1,0.1,0.0,0,0,1
2169.89,9,2,0,37.08,1205,2007,2,1347.96,0,0,0,0.273,1.6085651168307435,0,0.2,0.0,0,0,1
2019.32,20,0,0,16.43,96,993,4,1176.43,1,0,0,0.079,1.7150233984185894,0,0.4,0.2,1,0,0
1792.09,20,4,0,48.63,128,172,3,1392.37,0,0,0,0.106,1.2861551490271788,0,0.3,0.0,0,1,0
3090.86,19,3,0,7.54,1139,1033,1,3061.0,0,0,0,0.172,1.009425212279556,0,0.1,0.0,0,0,1
92.85,8,0,0,1.05,195,963,0,1137.98,0,0,0,0.548,0.08152030764368118,0,0.0,0.0,0,1,0
3539.48,15,1,0,33.7,1139,1222,2,3738.84,0,0,0,0.339,0.9464255155300761,0,0.2,0.0,1,0,0
14002.22,19,4,0,27.27,766,505,5,3129.23,0,0,0,0.578,4.473224012293026,0,0.5,0.0,0,1,0
1527.36,15,4,0,23.5,723,2345,1,1688.73,0,0,0,0.259,0.903907724902795,0,0.1,0.0,0,1,0
5785.86,6,5,1,31.68,952,1939,3,816.8,1,0,0,0.565,7.074908290535583,0,0.3,0.2,0,1,0
3296.08,18,0,0,9.71,663,1076,6,2723.27,1,0,0,0.206,1.2098947607983055,0,0.6,0.2,1,0,0
2708.01,9,0,0,70.66,645,717,3,1898.14,0,0,0,0.725,1.425913834683067,0,0.3,0.0,0,1,0
754.37,0,2,0,11.11,883,490,3,1226.46,0,0,1,0.03,0.6145780717905268,1,0.3,0.0,0,0,1
5449.56,14,4,0,46.94,646,2097,1,2057.46,1,0,0,0.118,2.647396597456351,0,0.1,0.2,1,0,0
1333.44,8,6,1,5.46,1132,1347,4,2158.86,0,1,0,0.303,0.6173733482725732,0,0.4,0.0,1,0,0
443.32,2,1,0,4.86,209,2304,1,2432.41,0,0,0,0.222,0.18218056143436578,1,0.1,0.0,0,0,1
13351.02,8,3,0,8.38,1440,856,2,660.5,0,0,0,0.236,20.18294784580499,0,0.2,0.0,1,0,0
5585.99,16,1,0,33.33,679,2405,4,1968.24,0,0,0,0.159,2.836622250208202,0,0.4,0.0,0,1,0
2697.7,3,3,0,19.1,142,1522,1,650.82,0,0,0,0.277,4.138719278328372,1,0.1,0.0,0,0,1
760.11,7,5,1,55.66,1323,700,3,2490.52,0,0,0,0.48,0.3050788273824814,0,0.3,0.0,0,1,0
2355.26,21,6,1,34.97,277,2337,2,554.38,0,0,1,0.159,4.240808095358133,0,0.2,0.0,0,0,1
801.29,7,5,1,12.02,1323,984,5,1713.46,0,0,0,0.338,0.4673716505488608,0,0.5,0.0,1,0,0
1847.38,23,1,0,5.02,38,944,2,1749.97,0,0,0,0.331,1.0550609090961012,1,0.2,0.0,0,0,1
3875.44,12,3,0,2.39,1263,1279,2,713.02,0,0,0,0.183,5.427635080249853,0,0.2,0.0,0,1,0
3228.99,14,0,0,3.18,260,1533,4,900.75,0,0,0,0.4,3.5808039922373163,0,0.4,0.0,0,1,0
9011.65,14,4,0,65.24,1493,1885,3,1307.08,0,1,0,0.456,6.889219313803437,0,0.3,0.0,0,1,0
774.62,15,3,0,31.68,1273,2011,3,466.25,0,0,0,0.269,1.6578277153558052,0,0.3,0.0,0,0,1
369.5,10,6,1,20.58,343,587,1,1904.14,0,0,0,0.108,0.193949001123277,0,0.1,0.0,1,0,0
3227.92,0,6,1,21.17,1273,242,6,1749.83,1,0,1,0.198,1.8436512968135115,1,0.6,0.2,0,0,1
3079.88,2,3,0,39.14,696,1267,2,2979.91,2,0,0,0.098,1.033201270752891,1,0.2,0.4,0,1,0
1165.6,10,5,1,29.84,558,353,1,1561.91,0,0,0,0.752,0.7457883051487288,0,0.1,0.0,0,0,1
5292.04,21,4,0,21.41,223,1559,4,2006.29,0,0,0,0.576,2.6364102845129502,0,0.4,0.0,0,0,1
1590.24,16,1,0,54.9,1270,706,4,1309.04,0,0,0,0.107,1.213886598882477,0,0.4,0.0,0,1,0
512.23,9,1,0,34.53,848,1922,2,1858.16,1,0,0,0.222,0.27551690010542396,0,0.2,0.2,1,0,0
275.63,5,5,1,67.04,1187,1345,6,1534.94,0,0,0,0.49,0.17945362449053998,1,0.6,0.0,0,1,0
7743.14,3,1,0,33.38,188,2444,4,7158.8,1,0,0,0.279,1.081474342858739,1,0.4,0.2,1,0,0
1036.02,0,2,0,11.37,495,523,2,2361.99,0,0,0,0.186,0.4384360492426968,1,0.2,0.0,0,0,1
1543.04,3,4,0,40.83,1205,2326,1,2339.25,2,0,1,0.201,0.6593483602179254,1,0.1,0.4,1,0,0
9855.17,12,5,1,17.38,95,1913,5,4980.14,0,1,0,0.166,1.9784968902700988,0,0.5,0.0,0,0,1
2215.28,17,6,1,23.7,152,2071,4,2142.67,0,0,0,0.272,1.0334053282454856,0,0.4,0.0,1,0,0
548.41,18,2,0,9.24,1432,100,6,2429.88,0,0,0,0.004,0.22560142828934376,0,0.6,0.0,0,0,1
4056.02,10,4,0,7.72,742,1116,7,1293.92,1,0,0,0.182,3.1322552744571093,0,0.7,0.2,0,0,1
627.06,5,5,1,23.0,690,1068,3,836.59,0,0,0,0.253,0.7486479064936304,1,0.3,0.0,0,0,1
1357.07,10,1,0,9.39,539,1251,5,1736.26,1,0,0,0.438,0.7811553826140013,0,0.5,0.2,0,1,0
1274.41,1,5,1,19.79,721,1141,1,2323.84,0,0,1,0.127,0.5481710569329502,1,0.1,0.0,0,1,0
676.37,9,4,0,4.31,194,254,3,1905.47,0,0,0,0.477,0.3547761045282643,0,0.3,0.0,0,0,1
483.95,2,4,0,39.34,1162,1992,1,1311.4,0,0,0,0.336,0.3687519049070405,1,0.1,0.0,0,1,0
1339.45,0,0,0,20.77,450,2270,6,1907.81,0,0,0,0.207,0.7017199197405714,1,0.6,0.0,0,1,0
480.77,20,3,0,31.91,353,914,0,537.55,0,0,0,0.113,0.8927119116145205,0,0.0,0.0,0,0,1
745.01,18,0,0,26.89,226,2319,2,1139.12,0,0,1,0.52,0.6534487597796723,0,0.2,0.0,0,0,1
477.43,9,1,0,21.7,864,1525,4,1696.5,0,0,0,0.18,0.28125478645066276,0,0.4,0.0,0,0,1
4178.2,8,3,0,4.91,1054,911,3,1882.43,1,0,0,0.295,2.218399409587826,0,0.3,0.2,0,0,1
1617.35,12,0,0,5.25,1327,2139,2,1599.94,0,0,0,0.059,1.0102502279910552,0,0.2,0.0,0,1,0
1961.05,14,1,0,4.96,645,1785,2,2861.11,0,0,0,0.171,0.6851763209660006,0,0.2,0.0,0,0,1
650.76,1,1,0,18.46,951,802,5,1208.77,0,0,0,0.131,0.5379204311563355,1,0.5,0.0,1,0,0
776.98,19,6,1,24.09,295,1440,0,850.06,0,0,0,0.314,0.9129556083002375,0,0.0,0.0,1,0,0
1297.43,23,3,0,58.37,344,2400,3,1528.3,2,0,0,0.633,0.8483816125024521,1,0.3,0.4,0,1,0
657.48,20,0,0,61.84,702,1483,3,3328.52,0,0,0,0.114,0.19746990557197436,0,0.3,0.0,0,1,0
3547.12,20,1,0,39.68,134,1899,2,827.87,0,1,0,0.199,4.279464813541328,0,0.2,0.0,0,1,0
6625.45,20,4,0,2.83,414,216,3,1197.69,1,0,0,0.475,5.5272422394447265,0,0.3,0.2,0,1,0
472.66,12,0,0,8.31,560,272,4,1479.84,0,0,0,0.394,0.319183706544934,0,0.4,0.0,1,0,0
2559.79,22,5,1,5.49,50,1753,5,650.33,0,1,0,0.538,3.9300968786943637,0,0.5,0.0,0,1,0
2308.96,22,3,0,36.74,918,170,3,1913.14,1,0,0,0.155,1.2062649544965363,0,0.3,0.2,0,0,1
4107.35,16,4,0,60.02,330,78,2,2162.04,1,0,0,0.292,1.8988784303572752,0,0.2,0.2,0,0,1
10894.88,8,1,0,50.29,1463,1766,5,487.67,0,0,0,0.318,22.294963881556058,0,0.5,0.0,0,0,1
1959.79,4,0,0,3.67,609,1173,2,4335.54,0,1,0,0.454,0.4519248064124855,1,0.2,0.0,0,0,1
243.91,13,0,0,5.49,79,266,4,699.7,0,0,0,0.273,0.34809476238047665,0,0.4,0.0,0,1,0
1725.72,15,1,0,28.2,658,1927,10,2452.25,0,0,0,0.049,0.7034423723631917,0,1.0,0.0,1,0,0
8432.22,22,3,0,32.34,429,1673,1,1162.27,1,1,0,0.277,7.248721277089583,0,0.1,0.2,1,0,0
1312.38,23,1,0,12.84,498,1823,6,7079.49,2,0,0,0.325,0.18535157877491532,1,0.6,0.4,0,1,0
9473.93,13,3,0,94.67,178,1178,4,1409.68,0,0,0,0.416,6.715860436101738,0,0.4,0.0,0,1,0
4966.52,8,6,1,14.42,740,1645,3,1414.33,0,0,0,0.237,3.5090897529198144,0,0.3,0.0,0,1,0
1103.15,11,6,1,42.76,1345,480,3,996.91,0,0,0,0.091,1.105460412261627,0,0.3,0.0,0,0,1
609.05,1,4,0,100.66,1390,2223,4,1322.69,0,0,0,0.627,0.4601152837900112,1,0.4,0.0,0,1,0
639.83,2,4,0,46.63,464,2114,4,2122.81,0,0,0,0.391,0.3012651790885249,1,0.4,0.0,0,1,0
1305.06,9,5,1,42.62,1269,874,2,799.72,0,0,0,0.497,1.6298581276850832,0,0.2,0.0,0,0,1
633.05,19,3,0,0.85,1394,2100,4,1413.89,0,0,0,0.383,0.44741994077278086,0,0.4,0.0,0,0,1
2908.31,13,6,1,12.95,399,1237,5,1504.81,0,0,0,0.075,1.931392406744543,0,0.5,0.0,0,0,1
1268.56,17,4,0,16.33,308,1244,4,535.5,0,0,0,0.128,2.364510717614166,0,0.4,0.0,1,0,0
515.27,20,4,0,47.57,254,675,3,1839.97,1,0,0,0.331,0.2798904925120996,0,0.3,0.2,1,0,0
1982.79,23,3,0,46.05,1382,1460,7,357.08,1,0,0,0.291,5.5372821715817695,1,0.7,0.2,1,0,0
4997.07,22,2,0,29.86,189,2321,3,858.95,0,1,0,0.26,5.810884353741496,0,0.3,0.0,0,0,1
2409.89,1,2,0,69.06,28,1349,1,2972.18,0,0,0,0.32,0.8105429203748176,1,0.1,0.0,0,1,0
802.35,18,2,0,2.99,1188,1229,2,1258.06,1,0,0,0.217,0.6372611313201914,0,0.2,0.2,0,1,0
1042.98,1,1,0,33.39,42,1306,0,3122.88,1,0,0,0.063,0.33387326017644725,1,0.0,0.2,0,1,0
2695.48,7,2,0,25.92,1316,2186,0,3450.72,0,1,0,0.085,0.7809092278632103,0,0.0,0.0,0,1,0
479.46,17,6,1,26.0,938,1931,4,3096.87,0,0,0,0.051,0.1547708586867751,0,0.4,0.0,0,1,0
2055.84,8,4,0,73.74,1004,555,2,1145.71,0,0,0,0.463,1.792815969163956,0,0.2,0.0,1,0,0
1107.64,12,2,0,2.01,1359,1356,8,1573.66,0,0,0,0.245,0.7034153404544473,0,0.8,0.0,0,0,1
1459.45,13,5,1,37.01,559,743,1,3738.05,0,0,0,0.243,0.3903264198125192,0,0.1,0.0,0,1,0
605.0,21,2,0,12.6,1264,2382,2,1339.89,1,0,1,0.63,0.4511928644407818,0,0.2,0.2,0,0,1
12655.42,14,4,0,37.43,1115,1722,2,713.07,0,0,1,0.107,17.72294032797905,0,0.2,0.0,0,0,1
339.08,17,4,0,30.06,1459,1420,4,1143.43,0,0,1,0.309,0.29628723469325335,0,0.4,0.0,0,0,1
404.31,4,6,1,28.48,1239,51,3,2906.81,1,0,0,0.149,0.13904278477617177,1,0.3,0.2,0,0,1
1542.42,10,5,1,0.06,314,611,3,748.58,1,0,0,0.462,2.057712318898583,0,0.3,0.2,0,0,1
11507.45,2,5,1,87.45,927,1916,3,740.65,0,0,0,0.293,15.516011595766198,1,0.3,0.0,0,1,0
429.45,11,0,0,12.42,1110,698,6,541.23,0,0,0,0.096,0.792007081865629,0,0.6,0.0,0,0,1
4117.77,21,1,0,68.92,1423,2024,1,1543.24,1,0,0,0.026,2.6665349945604313,0,0.1,0.2,1,0,0
1124.89,21,0,0,71.29,415,898,2,1097.09,0,0,0,0.331,1.024406014078992,0,0.2,0.0,0,1,0
9199.14,10,3,0,50.42,1228,344,1,1856.4,1,0,0,0.552,4.952697318832777,0,0.1,0.2,0,0,1
18418.02,15,6,1,2.52,1122,1273,3,895.51,1,0,0,0.507,20.544132246154533,0,0.3,0.2,0,0,1
564.33,6,3,0,17.66,1456,1300,9,444.96,0,0,0,0.522,1.265427392591264,0,0.9,0.0,0,0,1
1110.0,21,1,0,12.74,20,1680,3,1386.98,1,0,0,0.22,0.7997233389530108,0,0.3,0.2,0,0,1
5085.49,22,0,0,3.52,1199,795,2,1099.04,1,0,0,0.497,4.623004618013891,0,0.2,0.2,0,0,1
3981.57,14,6,1,70.95,544,2342,3,4694.39,0,0,0,0.455,0.8479742896756179,0,0.3,0.0,1,0,0
1768.14,11,4,0,50.23,740,2376,3,424.33,0,0,0,0.254,4.157101544682952,0,0.3,0.0,0,1,0
2413.93,7,6,1,41.33,53,548,1,2377.54,0,0,0,0.274,1.01487887527643,0,0.1,0.0,0,1,0
743.79,1,0,0,44.16,772,1966,3,2720.84,0,0,0,0.354,0.2732673485583282,1,0.3,0.0,0,1,0
885.22,22,4,0,10.02,788,754,2,1171.98,0,0,0,0.373,0.7546761240600863,0,0.2,0.0,0,1,0
1954.89,17,2,0,71.2,1239,651,3,2427.31,0,0,1,0.426,0.8050413662176577,0,0.3,0.0,0,1,0
3115.93,8,3,0,13.88,409,920,0,1412.21,1,0,0,0.042,2.2048598580536507,0,0.0,0.2,0,0,1
754.9,5,6,1,10.76,453,342,4,1674.7,0,0,0,0.105,0.45049829921823714,1,0.4,0.0,0,1,0
8133.92,1,0,0,49.24,1204,1333,5,3981.96,1,0,0,0.149,2.04217968546006,1,0.5,0.2,0,1,0
1180.91,21,1,0,47.87,754,1389,1,1765.74,0,0,0,0.104,0.6684118772428315,0,0.1,0.0,0,1,0
4742.99,11,3,0,16.41,119,1313,2,1263.16,0,0,0,0.148,3.7518905834704466,0,0.2,0.0,0,1,0
440.17,7,0,0,0.89,1001,2097,10,2601.84,0,0,0,0.428,0.16911143212798327,0,1.0,0.0,0,0,1
8824.36,6,5,1,21.85,762,1304,1,1842.13,1,0,0,0.104,4.78770352606707,0,0.1,0.2,0,1,0
455.18,6,5,1,72.76,1200,2227,7,243.2,0,0,0,0.312,1.863963963963964,0,0.7,0.0,1,0,0
2070.57,3,1,0,74.46,403,1781,3,1032.04,0,0,0,0.18,2.0043463951057077,1,0.3,0.0,1,0,0
947.56,9,2,0,25.65,573,1064,6,724.41,0,0,0,0.349,1.3062406087591845,0,0.6,0.0,0,1,0
5561.9,0,3,0,55.35,1220,1596,4,859.0,1,0,0,0.44,6.4673255813953485,1,0.4,0.2,1,0,0
13034.37,9,5,1,13.43,423,768,3,1126.31,0,0,1,0.469,11.562365276631983,0,0.3,0.0,0,0,1
2098.38,0,2,0,32.31,526,1973,4,3382.46,0,0,0,0.173,0.6201876185916193,1,0.4,0.0,1,0,0
1797.03,6,4,0,43.55,152,521,8,1443.69,0,0,0,0.413,1.2438862316483121,0,0.8,0.0,0,1,0
425.82,21,0,0,9.51,699,2360,4,699.85,0,0,0,0.176,0.6075765142327174,0,0.4,0.0,1,0,0
452.89,12,3,0,88.65,500,1019,0,1194.82,0,0,0,0.323,0.37872756769413457,0,0.0,0.0,1,0,0
2559.86,17,4,0,5.15,810,1091,4,2859.6,0,0,0,0.441,0.8948682094665455,0,0.4,0.0,1,0,0
1226.04,16,2,0,18.06,211,1612,3,1645.35,0,0,0,0.166,0.7447019163604337,0,0.3,0.0,0,1,0
4279.64,14,6,1,17.57,58,1096,2,1485.82,0,0,0,0.127,2.878384740587294,0,0.2,0.0,0,0,1
427.82,5,0,0,70.37,1259,141,4,2577.53,0,0,0,0.205,0.16591623909747025,1,0.4,0.0,1,0,0
1431.9,18,1,0,20.95,687,2484,3,429.88,1,0,1,0.056,3.3231990345339772,0,0.3,0.2,0,1,0
11610.96,8,0,0,24.76,1077,1519,3,2134.21,1,0,0,0.518,5.4378538879079805,0,0.3,0.2,1,0,0
1099.41,23,5,1,25.87,1,593,3,1405.75,1,0,0,0.338,0.7815247911853563,1,0.3,0.2,0,0,1
966.92,8,3,0,17.3,1135,1168,3,1171.54,0,0,0,0.347,0.8246371125931737,0,0.3,0.0,0,1,0
921.02,21,5,1,39.06,1063,1551,3,2239.44,1,0,0,0.38,0.411088893253111,0,0.3,0.2,0,1,0
369.22,0,0,0,18.23,406,2029,2,1481.57,1,0,0,0.24,0.24904051747978176,1,0.2,0.2,0,0,1
3290.73,19,4,0,50.76,1324,1966,2,1478.98,0,0,1,0.171,2.2234962634630198,0,0.2,0.0,0,1,0
4688.46,17,3,0,38.95,1136,495,6,3628.74,0,0,0,0.202,1.2916792938337183,0,0.6,0.0,0,1,0
1759.66,19,3,0,41.96,1450,2221,2,1283.0,0,0,0,0.015,1.3704517133956386,0,0.2,0.0,1,0,0
981.17,5,5,1,24.77,232,275,4,2591.6,1,0,0,0.507,0.3784502044279873,1,0.4,0.2,0,1,0
1115.02,8,6,1,13.44,75,717,3,1700.01,1,0,0,0.557,0.6555046707544341,0,0.3,0.2,0,0,1
2836.25,11,2,0,44.03,127,2287,2,700.65,0,0,0,0.16,4.042257535808452,0,0.2,0.0,1,0,0
2270.32,21,5,1,67.31,597,714,3,2056.02,0,0,0,0.104,1.1036936928177656,0,0.3,0.0,0,0,1
410.5,22,6,1,9.46,116,319,0,760.26,2,0,1,0.29,0.5392375798019073,0,0.0,0.4,0,0,1
123.78,22,4,0,18.82,296,1296,2,948.97,0,0,0,0.361,0.13029885154268028,0,0.2,0.0,0,0,1
2673.79,14,3,0,17.03,361,712,1,3867.11,0,0,0,0.074,0.6912393908136014,0,0.1,0.0,0,1,0
2897.16,17,6,1,18.21,216,2065,1,755.52,1,0,1,0.533,3.8295881139956642,0,0.1,0.2,0,1,0
1831.12,6,4,0,22.24,834,1038,4,1984.44,0,0,0,0.019,0.9222741558546216,0,0.4,0.0,0,0,1
3234.49,15,5,1,42.5,1096,1615,6,779.29,1,0,0,0.364,4.145240871983494,0,0.6,0.2,0,1,0
3966.86,21,1,0,6.27,1105,2350,0,1667.75,1,0,0,0.142,2.3771445692883897,0,0.0,0.2,0,0,1
693.59,5,4,0,16.18,318,1947,3,3390.99,0,0,0,0.51,0.20447878678887618,1,0.3,0.0,1,0,0
3532.96,17,1,0,35.94,1406,1809,2,1302.26,0,0,0,0.466,2.710863526848058,0,0.2,0.0,1,0,0
1392.03,13,2,0,42.75,437,983,2,748.43,0,0,0,0.391,1.8574516632640807,0,0.2,0.0,0,1,0
4538.03,13,0,0,16.54,752,1048,2,1145.23,0,0,0,0.353,3.9590919797946307,0,0.2,0.0,0,1,0
309.07,18,2,0,30.22,153,905,1,1574.35,1,0,0,0.243,0.19619132256323993,0,0.1,0.2,1,0,0
2507.82,23,3,0,17.44,1142,944,1,4710.88,1,0,0,0.279,0.5322334185081115,1,0.1,0.2,0,1,0
7929.74,2,0,0,45.08,101,695,2,2242.7,0,0,0,0.362,3.534224718099568,1,0.2,0.0,0,1,0
708.45,13,2,0,41.96,204,2325,2,594.06,1,0,0,0.526,1.1905522132221962,0,0.2,0.2,1,0,0
23083.9,9,5,1,47.37,1204,628,2,1068.4,0,0,1,0.046,21.585842528520665,0,0.2,0.0,1,0,0
288.79,5,0,0,12.93,352,832,0,1899.31,0,1,0,0.264,0.15196994174634668,1,0.0,0.0,0,1,0
1690.47,2,1,0,37.59,997,1905,2,6178.1,0,0,1,0.212,0.2735786765062873,1,0.2,0.0,1,0,0
1252.4,10,2,0,11.68,657,295,3,1759.56,0,0,0,0.187,0.7113645658199664,0,0.3,0.0,1,0,0
2393.16,5,6,1,41.14,72,1076,5,1525.49,1,1,0,0.085,1.5677534736552483,1,0.5,0.2,0,1,0
784.8,13,6,1,18.08,1154,430,6,1239.2,0,0,0,0.128,0.6328011611030478,0,0.6,0.0,0,1,0
6387.34,9,0,0,4.18,460,925,3,3312.62,0,0,0,0.504,1.9276018372655888,0,0.3,0.0,1,0,0
2402.86,16,5,1,67.86,744,1054,7,1322.15,2,0,0,0.237,1.816014813135321,0,0.7,0.4,0,1,0
1658.82,18,2,0,41.8,446,1924,2,1469.73,0,1,0,0.176,1.1278888715127862,0,0.2,0.0,1,0,0
2394.05,10,3,0,35.58,442,1295,3,499.55,0,0,0,0.321,4.782838877235042,0,0.3,0.0,0,1,0
1431.45,12,1,0,45.41,708,1275,6,1470.13,1,0,0,0.366,0.9730275366554961,0,0.6,0.2,0,0,1
1562.29,15,1,0,38.99,590,338,6,1489.35,0,0,0,0.131,1.0482705404770691,0,0.6,0.0,0,0,1
2159.6,15,4,0,29.33,339,2458,3,1370.05,1,0,0,0.073,1.5751431384705152,0,0.3,0.2,0,0,1
1718.06,13,4,0,31.57,1172,1676,4,1112.36,1,0,0,0.452,1.5431307034562047,0,0.4,0.2,0,0,1
1484.86,15,6,1,58.83,1244,1870,3,1335.33,0,1,0,0.333,1.1111476955542419,0,0.3,0.0,1,0,0
1809.38,8,6,1,10.35,262,2238,4,534.22,0,0,1,0.246,3.380628526587198,0,0.4,0.0,0,0,1
509.21,9,6,1,61.71,109,1815,3,2291.35,0,1,0,0.267,0.22213449080637773,0,0.3,0.0,0,0,1
4457.71,18,2,0,9.57,830,197,5,2499.43,0,0,0,0.283,1.7827773622936856,0,0.5,0.0,1,0,0
1108.46,5,1,0,77.53,572,2143,2,1432.95,0,0,0,0.064,0.7730116112835176,1,0.2,0.0,0,0,1
1287.8,8,4,0,59.77,1084,241,2,683.2,2,0,0,0.226,1.8821981876644254,0,0.2,0.4,0,0,1
4459.33,4,4,0,47.94,757,1116,1,1466.6,0,0,0,0.517,3.0385186699373126,1,0.1,0.0,0,0,1
962.09,11,1,0,18.71,471,256,2,3203.85,1,0,0,0.188,0.30019813719830885,0,0.2,0.2,0,1,0
2712.48,6,1,0,69.45,115,1839,2,1904.04,0,0,0,0.207,1.4238441187586612,0,0.2,0.0,0,0,1
1288.47,1,2,0,52.21,661,253,4,1723.34,2,0,0,0.349,0.7472250252270435,1,0.4,0.4,0,0,1
597.52,1,5,1,37.52,1494,1030,3,3539.23,0,0,0,0.38,0.16877999452013004,1,0.3,0.0,1,0,0
6570.37,3,4,0,22.12,857,1029,1,1118.69,1,0,0,0.602,5.868025971474247,1,0.1,0.2,0,0,1
340.54,8,4,0,17.45,678,2266,0,1838.19,0,0,0,0.163,0.18515759655065545,0,0.0,0.0,0,1,0
342.17,13,4,0,76.16,1396,65,3,986.87,0,0,0,0.252,0.3463714861267171,0,0.3,0.0,1,0,0
16506.23,9,2,0,37.01,279,1072,4,978.51,0,0,0,0.18,16.85151759553246,0,0.4,0.0,0,1,0
813.6,19,4,0,28.73,1438,972,2,1388.25,0,0,0,0.283,0.585639733669246,0,0.2,0.0,1,0,0
757.36,16,4,0,39.83,747,1421,4,5249.24,1,0,0,0.154,0.1442524532211861,0,0.4,0.2,0,0,1
14607.46,10,4,0,19.02,32,806,0,590.16,0,0,0,0.216,24.709824751336356,0,0.0,0.0,0,0,1
4063.42,18,5,1,47.48,1004,1462,2,2728.19,0,0,0,0.05,1.488873988252925,0,0.2,0.0,0,1,0
363.95,15,4,0,12.58,1438,2212,2,1558.54,0,0,1,0.117,0.23337009631045053,0,0.2,0.0,0,1,0
4691.46,17,2,0,25.45,1285,2165,1,815.38,0,0,0,0.403,5.746662093632867,0,0.1,0.0,0,0,1
789.86,1,4,0,92.05,583,1252,4,1339.3,0,0,0,0.779,0.5893158248153398,1,0.4,0.0,1,0,0
1198.64,18,6,1,1.07,973,1367,7,842.23,2,0,0,0.357,1.4214864271906835,0,0.7,0.4,0,1,0
501.65,17,2,0,18.15,275,1550,3,1303.99,0,0,0,0.097,0.38440907593161633,0,0.3,0.0,0,0,1
3372.07,21,4,0,46.76,173,2493,5,614.68,0,0,0,0.294,5.476984797297298,0,0.5,0.0,0,0,1
887.91,6,1,0,62.56,954,1648,3,2312.22,0,0,0,0.531,0.38384157148909315,0,0.3,0.0,0,1,0
1632.14,8,0,0,70.11,503,1707,1,6598.79,1,0,0,0.085,0.2473018080878331,0,0.1,0.2,1,0,0
4050.69,0,6,1,69.06,1060,899,3,2997.49,0,0,0,0.179,1.3509099580121995,1,0.3,0.0,0,1,0
272.5,11,6,1,78.05,901,1646,1,2755.52,1,0,0,0.266,0.09885652924702161,0,0.1,0.2,0,1,0
3483.12,12,6,1,42.68,792,1396,6,1817.97,0,0,0,0.46,1.9148858969636662,0,0.6,0.0,1,0,0
811.43,18,3,0,36.35,954,1432,1,1653.26,0,0,0,0.223,0.4905093516134102,0,0.1,0.0,0,0,1
1238.26,8,6,1,58.68,140,1587,3,1666.0,0,0,0,0.396,0.7428074385122976,0,0.3,0.0,1,0,0
2101.01,1,3,0,12.62,1174,1952,5,1143.09,0,0,0,0.097,1.8364027305544148,1,0.5,0.0,1,0,0
1266.4,8,0,0,7.76,545,1464,1,969.88,1,0,1,0.656,1.3043836519446277,0,0.1,0.2,1,0,0
798.04,11,2,0,23.22,853,1509,2,1666.47,1,0,0,0.266,0.478593318020714,0,0.2,0.2,1,0,0
1606.27,22,1,0,35.16,585,604,7,315.38,0,0,1,0.161,5.077027625007902,0,0.7,0.0,0,0,1
6442.15,10,6,1,17.15,233,692,2,1704.21,0,0,0,0.323,3.7779217808950216,0,0.2,0.0,0,1,0
2564.74,10,4,0,10.22,854,1247,4,839.21,0,1,1,0.078,3.0524987800668875,0,0.4,0.0,1,0,0
1676.67,16,0,0,12.64,877,410,5,683.67,0,0,0,0.102,2.4488731797800405,0,0.5,0.0,0,0,1
216.26,19,6,1,22.53,1128,638,2,3084.44,0,1,0,0.09,0.0700904895249948,0,0.2,0.0,1,0,0
7490.33,4,6,1,3.85,9,873,3,1652.49,0,0,0,0.605,4.530012277062456,1,0.3,0.0,0,1,0
2611.2,4,4,0,28.22,741,1719,5,1723.33,1,0,0,0.449,1.5143273039383411,1,0.5,0.2,1,0,0
1007.89,23,2,0,24.06,742,839,5,1357.38,0,0,0,0.208,0.741979416658078,1,0.5,0.0,0,1,0
3256.27,18,1,0,32.61,1270,1579,3,2258.82,1,0,0,0.112,1.4409421989361983,0,0.3,0.2,1,0,0
695.25,20,0,0,9.9,669,616,0,2428.91,0,0,0,0.212,0.28612170821141525,0,0.0,0.0,0,0,1
2521.0,2,1,0,3.63,685,1226,3,1828.79,0,0,0,0.338,1.3777537313024992,1,0.3,0.0,1,0,0
1046.74,23,1,0,59.12,1227,2211,2,1920.03,2,0,0,0.539,0.5448847753548878,1,0.2,0.4,0,0,1
4721.81,20,3,0,49.74,830,83,4,538.31,1,0,0,0.345,8.75527989468024,0,0.4,0.2,0,0,1
2059.93,21,6,1,33.18,793,487,2,3128.83,0,0,0,0.444,0.6581603473671094,0,0.2,0.0,0,1,0
4104.56,4,1,0,31.79,1214,524,3,2442.11,0,0,0,0.174,1.6800553393011368,1,0.3,0.0,0,0,1
595.43,0,1,0,56.91,752,1941,1,1482.22,0,0,0,0.175,0.4014441552837745,1,0.1,0.0,0,0,1
184.31,4,2,0,76.61,583,991,4,2276.22,0,0,0,0.107,0.0809364049147645,1,0.4,0.0,0,0,1
876.37,10,2,0,31.26,37,382,2,3703.61,0,0,0,0.676,0.2365620132753515,0,0.2,0.0,0,1,0
1648.36,22,1,0,47.08,539,517,3,854.74,1,0,0,0.774,1.9262392782854605,0,0.3,0.2,0,1,0
2052.12,19,5,1,5.66,1369,626,3,549.21,0,0,0,0.156,3.7297032042311113,0,0.3,0.0,1,0,0
7027.03,4,0,0,30.61,1291,1503,1,1422.86,0,0,1,0.515,4.935197280631523,1,0.1,0.0,1,0,0
992.86,20,6,1,13.91,1090,752,4,539.77,0,0,1,0.018,1.8360116130702517,0,0.4,0.0,0,1,0
788.28,9,6,1,48.14,1176,1570,2,2380.02,0,0,0,0.342,0.33106819766318635,0,0.2,0.0,1,0,0
8650.2,18,6,1,29.96,805,2081,2,346.79,0,0,0,0.102,24.871905460191496,0,0.2,0.0,0,0,1
1518.66,8,5,1,8.26,730,1379,5,1544.58,1,0,0,0.134,0.9825825903544302,0,0.5,0.2,0,1,0
1616.09,19,6,1,13.8,1236,2141,2,1193.2,0,1,0,0.254,1.3532825322391557,0,0.2,0.0,0,0,1
4696.09,10,5,1,62.76,1079,647,4,649.06,0,0,0,0.173,7.224087007353169,0,0.4,0.0,1,0,0
4412.92,8,1,0,40.36,1058,922,2,1800.42,1,0,1,0.118,2.449689689245151,0,0.2,0.2,1,0,0
9673.49,3,5,1,2.94,990,1829,3,2114.27,1,0,0,0.163,4.573170328137779,1,0.3,0.2,0,1,0
6243.44,4,0,0,20.1,1249,443,3,1966.46,0,0,0,0.379,3.173350411190062,1,0.3,0.0,0,1,0
1419.9,18,0,0,35.11,1103,498,7,1508.21,1,0,0,0.151,0.9408233446637645,0,0.7,0.2,1,0,0
5148.13,3,2,0,18.68,203,1231,6,1625.23,1,0,0,0.321,3.165683820861748,1,0.6,0.2,1,0,0
323.11,1,5,1,23.54,769,1717,2,1475.71,0,0,0,0.114,0.21880396286339227,1,0.2,0.0,0,1,0
636.37,7,0,0,23.45,10,704,4,474.02,0,0,0,0.592,1.339669908635426,0,0.4,0.0,0,1,0
3144.4,5,2,0,19.34,423,445,3,3838.94,1,0,0,0.552,0.8188669614629396,1,0.3,0.2,0,1,0
4716.23,22,5,1,51.6,90,1907,2,2182.57,0,0,0,0.181,2.1598712200662216,0,0.2,0.0,0,1,0
12548.55,8,0,0,22.92,486,1778,1,934.19,1,0,0,0.179,13.41818240143714,0,0.1,0.2,0,0,1
8194.46,11,5,1,21.74,408,270,1,5217.56,0,0,0,0.099,1.5702530966396857,0,0.1,0.0,0,0,1
1339.18,21,5,1,2.92,243,2015,5,1245.43,0,0,0,0.117,1.0744125221632983,0,0.5,0.0,0,0,1
2010.69,23,0,0,41.66,209,2435,4,2915.73,0,1,0,0.208,0.6893644595145935,1,0.4,0.0,1,0,0
5062.74,19,2,0,14.1,1054,2147,3,372.32,0,0,0,0.433,13.561395049823208,0,0.3,0.0,1,0,0
4647.51,18,2,0,61.72,1165,796,2,3508.59,0,0,0,0.284,1.3242316054012007,0,0.2,0.0,0,0,1
1850.34,4,1,0,14.82,574,1828,3,1061.88,0,0,1,0.199,1.7408738521752218,1,0.3,0.0,0,0,1
338.11,3,5,1,25.13,978,2496,3,1328.3,0,0,0,0.467,0.25435191454148803,1,0.3,0.0,0,0,1
528.58,7,0,0,8.4,1015,2217,2,943.8,1,1,0,0.51,0.5594623200677393,0,0.2,0.2,0,1,0
4423.09,23,5,1,17.86,887,1733,4,575.85,0,1,0,0.158,7.667660570338909,1,0.4,0.0,0,0,1
2352.55,4,0,0,23.25,771,1969,5,1391.9,0,1,0,0.577,1.688958288462919,1,0.5,0.0,0,1,0
1980.27,20,1,0,1.89,234,975,1,555.38,0,0,0,0.398,3.559204141054675,0,0.1,0.0,0,0,1
7437.03,11,2,0,2.25,473,1693,0,1737.0,0,0,0,0.188,4.279073647871116,0,0.0,0.0,0,1,0
1485.2,4,3,0,14.12,1025,2186,2,1724.32,1,0,0,0.044,0.8608258178193031,1,0.2,0.2,1,0,0
2241.75,17,3,0,66.95,391,1375,2,2994.23,0,1,0,0.21,0.7484400196312136,0,0.2,0.0,0,0,1
3429.51,16,2,0,66.55,231,688,3,807.76,0,0,0,0.143,4.240454522973441,0,0.3,0.0,0,0,1
827.44,15,1,0,35.18,1161,715,2,1863.84,0,0,0,0.213,0.44370562621994386,0,0.2,0.0,0,1,0
811.39,9,2,0,7.7,1061,1095,4,3149.54,0,0,0,0.293,0.2575399772737372,0,0.4,0.0,1,0,0
1091.14,13,5,1,0.27,31,1846,3,816.34,0,0,0,0.139,1.3349891110186705,0,0.3,0.0,1,0,0
215.94,0,5,1,73.75,805,1580,0,984.23,0,0,0,0.159,0.2191772479522548,1,0.0,0.0,0,0,1
661.82,20,1,0,14.12,461,1017,4,2762.35,1,0,1,0.44,0.23949915862992385,0,0.4,0.2,1,0,0
1512.0,0,2,0,17.52,1090,2094,3,1716.8,1,0,1,0.194,0.880195599022005,1,0.3,0.2,0,1,0
15188.71,9,5,1,4.72,277,644,5,2945.6,0,0,0,0.203,5.154656213941491,0,0.5,0.0,0,1,0
2805.77,8,2,0,39.65,1046,2110,6,1109.26,0,0,0,0.216,2.527128780645975,0,0.6,0.0,0,1,0
4426.8,4,1,0,66.22,79,2492,6,745.77,0,0,0,0.057,5.927929616883378,1,0.6,0.0,0,1,0
358.13,18,5,1,26.41,596,2319,3,1383.36,0,0,0,0.506,0.2586971596983444,0,0.3,0.0,0,0,1
2686.0,3,1,0,8.71,213,133,2,2666.76,2,0,0,0.458,1.0068371967493326,1,0.2,0.4,0,1,0
2228.88,6,3,0,38.31,298,1295,4,551.15,2,0,1,0.112,4.036729149687585,0,0.4,0.4,1,0,0
382.03,23,6,1,43.33,842,309,2,1736.51,1,0,0,0.326,0.21987211584393757,1,0.2,0.2,1,0,0
8080.51,9,2,0,33.15,1148,2372,2,1609.31,0,0,0,0.163,5.017984114859872,0,0.2,0.0,0,0,1
1721.33,12,0,0,67.36,1310,865,2,1564.28,1,0,0,0.47,1.099694623326178,0,0.2,0.2,0,0,1
459.3,6,6,1,102.81,132,1375,4,3625.32,0,0,0,0.262,0.12665732753866177,0,0.4,0.0,1,0,0
541.58,17,6,1,29.67,517,2279,1,4618.31,0,0,0,0.255,0.11724261848631072,0,0.1,0.0,0,0,1
2770.94,10,2,0,24.0,82,1708,2,418.57,0,0,0,0.137,6.604237671902186,0,0.2,0.0,0,0,1
9036.58,5,5,1,7.17,398,550,4,2378.19,0,0,0,0.141,3.7981750091417665,1,0.4,0.0,0,1,0
773.58,23,4,0,11.54,947,1282,2,1393.58,0,0,0,0.479,0.5547046422578842,1,0.2,0.0,0,1,0
913.09,12,5,1,23.98,200,59,3,2214.96,0,0,0,0.352,0.412051661582339,0,0.3,0.0,0,0,1
3592.85,20,1,0,65.56,266,367,4,875.63,0,0,0,0.301,4.098479404081539,0,0.4,0.0,1,0,0
2622.42,20,2,0,4.05,1246,1436,6,2805.9,0,0,0,0.341,0.9342762478178773,0,0.6,0.0,0,1,0
1800.39,2,1,0,31.47,604,1699,4,786.54,0,0,1,0.159,2.28609340477944,1,0.4,0.0,0,0,1
2398.88,21,0,0,60.85,242,1101,0,1910.72,0,0,0,0.507,1.2548281129035632,0,0.0,0.0,0,0,1
2817.64,22,2,0,15.35,844,223,3,3470.49,0,0,0,0.248,0.8116514810643268,0,0.3,0.0,1,0,0
703.18,9,1,0,0.06,737,822,3,1968.81,1,0,0,0.25,0.3569785918438834,0,0.3,0.2,0,0,1
5402.08,21,1,0,78.54,1102,2150,2,1017.12,1,0,0,0.136,5.305936431854791,0,0.2,0.2,0,0,1
4034.54,14,4,0,13.11,568,207,4,1852.48,0,1,0,0.272,2.176737812115588,0,0.4,0.0,0,0,1
2879.47,22,6,1,61.68,476,812,3,892.1,0,0,0,0.182,3.224129436793192,0,0.3,0.0,0,1,0
400.05,6,0,0,7.98,938,304,2,873.31,0,0,0,0.389,0.45756081938900395,0,0.2,0.0,1,0,0
2150.16,8,4,0,29.1,448,1363,5,5027.63,0,0,0,0.038,0.42758365598582515,0,0.5,0.0,1,0,0
659.35,20,0,0,19.78,1021,2482,5,636.09,0,0,0,0.297,1.0349401183506255,0,0.5,0.0,1,0,0
6045.88,17,2,0,9.23,1018,966,4,1179.89,0,0,0,0.222,5.1197656005216405,0,0.4,0.0,0,0,1
1917.84,16,6,1,55.1,326,1031,2,4526.15,0,0,0,0.034,0.4236307610748484,0,0.2,0.0,0,0,1
3351.81,0,1,0,8.4,519,151,2,2262.22,2,0,1,0.111,1.4809916844142417,1,0.2,0.4,1,0,0
843.39,11,1,0,30.49,1324,311,4,1988.35,0,0,0,0.108,0.4239525473144495,0,0.4,0.0,0,0,1
2909.66,3,6,1,12.47,243,878,4,1846.95,0,0,0,0.201,1.5745339430179386,1,0.4,0.0,1,0,0
1537.08,9,0,0,26.77,833,384,4,1232.1,1,0,0,0.364,1.2465169086043306,0,0.4,0.2,0,1,0
5397.38,21,1,0,9.23,418,209,3,1919.75,1,0,0,0.371,2.8100377456722634,0,0.3,0.2,0,1,0
726.85,16,4,0,75.5,245,1695,2,1094.5,0,0,1,0.154,0.6634869922409858,0,0.2,0.0,0,0,1
5631.6,10,4,0,48.97,157,906,6,1584.83,0,1,0,0.15,3.5512003178146463,0,0.6,0.0,0,1,0
2347.3,22,3,0,59.39,1008,1834,2,575.72,0,0,0,0.25,4.070086003606603,0,0.2,0.0,0,0,1
2419.04,22,5,1,0.36,1352,1511,2,1343.41,0,0,0,0.112,1.799332049002908,0,0.2,0.0,0,1,0
1749.97,13,5,1,5.55,1102,2398,5,1226.07,0,0,0,0.388,1.426137058195539,0,0.5,0.0,0,1,0
2731.29,19,2,0,22.67,406,1377,3,1187.12,0,0,0,0.342,2.298833451166549,0,0.3,0.0,1,0,0
15177.98,14,5,1,6.24,1098,955,0,2437.15,0,0,0,0.362,6.225203535467465,0,0.0,0.0,0,1,0
3007.26,23,1,0,5.04,827,2327,2,2482.98,0,0,0,0.195,1.2106619215935717,1,0.2,0.0,0,0,1
1508.77,5,3,0,4.19,697,1990,4,1899.87,1,0,0,0.44,0.7937260307122529,1,0.4,0.2,1,0,0
946.42,11,0,0,37.29,875,1571,5,4300.66,0,0,0,0.014,0.2200127392680965,0,0.5,0.0,0,1,0
198.94,0,5,1,7.33,978,133,1,2732.24,1,0,0,0.083,0.07278541218480632,1,0.1,0.2,1,0,0
788.22,16,2,0,90.93,575,2394,4,1238.54,0,0,0,0.181,0.6358971876663924,0,0.4,0.0,0,1,0
680.18,20,4,0,0.3,271,390,2,2195.84,0,0,0,0.28,0.3096174505198375,0,0.2,0.0,0,1,0
7264.08,20,2,0,12.26,491,1754,5,526.91,0,0,0,0.396,13.760072739671536,0,0.5,0.0,0,1,0
757.18,17,4,0,1.1,900,153,6,3579.82,1,0,1,0.434,0.21145435961595385,0,0.6,0.2,0,1,0
2735.6,8,4,0,66.41,143,391,2,764.35,1,0,0,0.363,3.5743124060887173,0,0.2,0.2,1,0,0
3137.62,3,0,0,31.22,565,2052,4,950.53,2,0,0,0.327,3.297447269134972,1,0.4,0.4,1,0,0
674.25,1,0,0,49.03,188,1615,2,2415.47,0,0,0,0.492,0.2790227066754398,1,0.2,0.0,1,0,0
12309.49,11,1,0,5.83,323,924,1,464.32,0,0,0,0.142,26.453816728273015,0,0.1,0.0,0,1,0
217.98,2,6,1,56.71,705,689,1,3522.65,0,0,0,0.228,0.061861989698182275,1,0.1,0.0,0,1,0
3104.95,23,4,0,91.72,27,133,3,557.77,0,0,0,0.284,5.556758594770657,1,0.3,0.0,0,0,1
1836.19,17,1,0,20.73,816,275,2,1274.11,0,0,0,0.131,1.4400247821756555,0,0.2,0.0,0,1,0
5312.87,10,5,1,42.69,377,1648,4,3222.48,0,0,0,0.145,1.6481783662377305,0,0.4,0.0,0,0,1
1126.81,20,1,0,8.9,774,1082,3,2294.19,0,0,0,0.226,0.49094410484535045,0,0.3,0.0,0,1,0
1791.28,4,6,1,64.06,82,140,2,1678.35,1,1,0,0.361,1.0666507875070712,1,0.2,0.2,0,1,0
1609.52,13,4,0,13.11,1253,353,0,654.61,0,0,0,0.253,2.454996110492518,0,0.0,0.0,1,0,0
3089.09,1,0,0,17.1,573,649,2,1162.35,0,0,0,0.068,2.65534018137276,1,0.2,0.0,0,1,0
1636.22,14,4,0,6.76,655,1072,2,2561.37,0,0,0,0.19,0.6385572731494671,0,0.2,0.0,0,1,0
3571.85,5,2,0,5.18,1286,685,4,1019.3,0,0,0,0.237,3.50078408311281,1,0.4,0.0,1,0,0
856.16,22,2,0,92.56,246,1137,3,1670.87,0,0,0,0.294,0.5120972324403213,0,0.3,0.0,0,1,0
2175.64,10,0,0,56.54,257,300,3,1843.43,0,0,0,0.124,1.1795730930422947,0,0.3,0.0,1,0,0
4586.41,9,1,0,14.33,725,1973,6,1303.27,0,0,0,0.378,3.5164574819630903,0,0.6,0.0,0,0,1
5564.06,14,3,0,1.49,835,125,3,752.54,1,0,0,0.459,7.383894683759324,0,0.3,0.2,1,0,0
4006.42,20,2,0,36.16,1115,447,2,774.76,0,0,0,0.198,5.164509642157369,0,0.2,0.0,0,0,1
2726.06,17,5,1,38.52,126,1768,4,1668.26,0,1,0,0.231,1.6330949043288643,0,0.4,0.0,1,0,0
1073.39,2,5,1,3.58,770,1585,5,1485.93,0,0,0,0.541,0.7218833435333204,1,0.5,0.0,1,0,0
7528.3,8,3,0,38.22,1288,396,5,1781.43,0,0,0,0.186,4.22361607468456,0,0.5,0.0,1,0,0
2773.58,2,1,0,16.63,39,1479,0,1665.2,0,1,0,0.248,1.6646140919457446,1,0.0,0.0,0,0,1
1158.05,3,6,1,35.81,584,1935,6,887.81,0,0,0,0.12,1.3029218843172332,1,0.6,0.0,0,1,0
807.89,1,4,0,32.67,56,1084,5,498.99,0,0,1,0.294,1.615812316246325,1,0.5,0.0,0,1,0
2156.01,23,5,1,37.67,541,2378,3,5894.23,0,0,0,0.426,0.36572109994012114,1,0.3,0.0,0,1,0
1741.71,3,2,0,1.81,671,2311,5,4435.25,0,0,0,0.519,0.3926086221470837,1,0.5,0.0,1,0,0
1326.45,17,4,0,9.81,155,1916,1,469.59,1,0,0,0.115,2.8186956798912006,0,0.1,0.2,0,1,0
1262.47,8,5,1,45.48,1103,2156,5,1403.79,0,0,0,0.28,0.898689483837442,0,0.5,0.0,0,0,1
2736.6,10,1,0,87.29,11,832,1,1993.18,0,0,0,0.191,1.3722933737175178,0,0.1,0.0,0,0,1
7959.13,22,1,0,8.49,417,2124,3,1093.4,2,0,0,0.385,7.272596856725146,0,0.3,0.4,1,0,0
5436.41,7,1,0,49.78,968,606,3,980.87,0,0,0,0.514,5.536792039679387,0,0.3,0.0,0,1,0
4073.59,3,2,0,13.65,1196,2071,2,2439.26,0,0,0,0.261,1.6693262193372835,1,0.2,0.0,0,1,0
2830.71,6,5,1,0.66,499,307,3,1650.22,0,1,0,0.338,1.7143142646043532,0,0.3,0.0,0,0,1
322.59,12,2,0,22.5,58,2034,3,1304.31,0,0,0,0.318,0.24713669549762124,0,0.3,0.0,1,0,0
464.88,22,3,0,7.55,1147,1053,3,1152.64,0,0,0,0.301,0.40296799694878815,0,0.3,0.0,1,0,0
26414.74,23,3,0,12.98,730,397,3,1490.71,0,0,0,0.241,17.707691173217317,1,0.3,0.0,1,0,0
2647.9,10,2,0,34.74,414,646,1,2105.14,1,0,0,0.492,1.25722886417807,0,0.1,0.2,1,0,0
1976.12,14,6,1,54.9,371,330,4,665.05,2,1,0,0.27,2.9669244050746943,0,0.4,0.4,0,1,0
342.82,7,5,1,58.99,1087,723,4,757.04,0,0,0,0.343,0.4522452641021582,0,0.4,0.0,1,0,0
2669.38,11,2,0,23.59,330,1107,4,3477.55,2,0,0,0.018,0.7673829612913426,0,0.4,0.4,1,0,0
8637.19,3,3,0,35.77,445,2296,6,1687.28,0,0,1,0.512,5.115970099746488,1,0.6,0.0,0,1,0
216.03,11,0,0,64.76,1390,1610,6,2255.68,0,0,0,0.239,0.09572912420015245,0,0.6,0.0,0,0,1
334.9,23,1,0,12.57,97,1297,2,1718.25,0,1,0,0.203,0.19479424167514903,1,0.2,0.0,1,0,0
3017.08,22,3,0,26.78,906,2297,2,1443.64,0,1,0,0.526,2.088464946284195,0,0.2,0.0,1,0,0
2376.46,18,1,0,28.6,1206,1389,4,469.85,0,0,0,0.21,5.047170011681002,0,0.4,0.0,0,1,0
1277.99,8,3,0,13.56,20,1321,5,1283.3,0,0,1,0.178,0.9950868177217161,0,0.5,0.0,0,0,1
1876.44,3,6,1,0.95,564,581,3,1195.09,1,0,0,0.063,1.5688117114932825,1,0.3,0.2,0,0,1
4347.05,4,0,0,31.66,886,1091,2,1906.72,0,0,0,0.382,2.2786624871574443,1,0.2,0.0,0,1,0
2106.01,9,0,0,24.08,22,262,2,2876.0,0,0,0,0.078,0.7320159888773028,0,0.2,0.0,0,0,1
2020.33,3,2,0,16.71,1363,1399,2,2517.57,0,0,0,0.141,0.802173455572011,1,0.2,0.0,1,0,0
1154.96,14,2,0,5.82,172,1156,1,630.6,0,1,0,0.382,1.8286257124762508,0,0.1,0.0,0,1,0
2090.26,21,6,1,74.43,1054,171,3,1777.4,0,0,0,0.321,1.1753598740440847,0,0.3,0.0,0,1,0
1866.82,6,6,1,3.35,856,1228,4,1956.02,0,0,0,0.486,0.9539095154878335,0,0.4,0.0,0,0,1
1988.78,11,1,0,52.13,366,1437,7,1166.36,1,0,0,0.407,1.7036561129385965,0,0.7,0.2,1,0,0
578.33,7,2,0,62.37,341,2250,2,715.04,0,0,1,0.323,0.8076783419920676,0,0.2,0.0,0,0,1
157.11,3,0,0,45.14,917,771,5,773.18,1,0,0,0.421,0.20293730140277458,1,0.5,0.2,1,0,0
2122.59,7,4,0,38.92,747,1819,4,2632.72,0,0,0,0.069,0.8059284965751865,0,0.4,0.0,0,1,0
459.57,8,1,0,29.83,992,105,3,1328.52,2,0,0,0.058,0.34566610506047296,0,0.3,0.4,0,0,1
1661.17,23,0,0,11.57,221,1217,4,4017.37,0,1,0,0.407,0.41339398810960665,1,0.4,0.0,0,1,0
1761.22,15,3,0,23.94,705,380,3,2307.2,0,0,0,0.294,0.7630274672905295,0,0.3,0.0,0,1,0
1681.24,12,2,0,66.23,302,573,2,2396.3,0,0,0,0.405,0.7013056355066115,0,0.2,0.0,1,0,0
3572.99,12,3,0,17.21,1453,896,1,2652.25,0,0,0,0.184,1.346646565532837,0,0.1,0.0,1,0,0
262.83,21,6,1,54.88,856,231,2,2554.06,0,0,0,0.193,0.10286646888918459,0,0.2,0.0,1,0,0
897.53,20,5,1,15.72,1387,1060,5,2045.96,0,0,0,0.245,0.43846973072263257,0,0.5,0.0,0,0,1
296.57,14,4,0,11.93,1441,1237,2,2184.77,0,0,0,0.182,0.13568216235011002,0,0.2,0.0,0,1,0
7436.42,0,2,0,55.53,506,2030,5,3622.86,0,1,0,0.423,2.0520715480178593,1,0.5,0.0,0,0,1
736.28,23,4,0,23.24,923,1322,4,354.98,0,0,0,0.237,2.068318444856452,1,0.4,0.0,0,1,0
3629.13,21,3,0,30.4,673,2232,4,1747.38,0,0,0,0.462,2.075710085908098,0,0.4,0.0,1,0,0
405.15,3,4,0,35.54,110,1138,3,1421.12,1,0,1,0.263,0.2848915703316176,1,0.3,0.2,0,0,1
3232.99,13,0,0,5.68,820,2483,4,2426.31,0,0,0,0.649,1.331922992942805,0,0.4,0.0,0,1,0
1318.77,5,6,1,42.54,340,1368,6,9199.9,0,0,0,0.234,0.14333054375115478,1,0.6,0.0,1,0,0
1943.3,13,1,0,19.15,966,267,5,1014.95,3,0,0,0.068,1.9127909838082582,0,0.5,0.6,0,0,1
811.02,4,5,1,49.35,1374,2290,4,601.7,0,1,0,0.535,1.3456445993031358,1,0.4,0.0,0,0,1
439.26,19,0,0,63.3,1475,1240,6,1449.7,0,0,0,0.135,0.3027917557041428,0,0.6,0.0,0,1,0
2114.16,13,4,0,38.61,1481,1215,4,457.13,0,0,0,0.315,4.614760002619343,0,0.4,0.0,0,1,0
681.7,11,0,0,15.3,552,748,1,8038.1,0,0,0,0.386,0.08479804953290791,0,0.1,0.0,0,0,1
2266.56,3,6,1,14.98,1488,917,3,5373.22,0,0,0,0.423,0.4217467837193118,1,0.3,0.0,1,0,0
390.26,6,3,0,66.65,1300,780,6,5396.35,0,0,0,0.146,0.07230585379862339,0,0.6,0.0,0,0,1
1751.65,10,3,0,10.97,1238,1600,3,677.04,0,1,0,0.241,2.583402159164651,0,0.3,0.0,1,0,0
836.5,0,3,0,20.5,298,1240,6,2970.65,0,0,0,0.43,0.2814934464018306,1,0.6,0.0,0,0,1
294.08,15,4,0,33.89,610,804,1,2758.9,0,0,0,0.306,0.10655458531106199,0,0.1,0.0,0,0,1
2755.56,23,0,0,8.29,1291,920,4,3641.4,0,0,0,0.236,0.7565231715352515,1,0.4,0.0,0,1,0
1055.48,12,2,0,43.99,978,1685,4,4393.49,0,0,0,0.291,0.24018259229171077,0,0.4,0.0,1,0,0
4338.24,9,4,0,59.86,395,2120,3,2754.04,1,0,0,0.305,1.5746559033625644,0,0.3,0.2,1,0,0
597.59,0,5,1,0.26,157,638,3,444.34,0,0,0,0.146,1.3418736246463379,1,0.3,0.0,0,0,1
1657.69,10,4,0,9.67,623,844,3,898.56,0,0,0,0.157,1.8427786918048825,0,0.3,0.0,1,0,0
3694.95,19,4,0,7.49,1468,1917,5,2894.17,0,0,0,0.367,1.2762462998718553,0,0.5,0.0,0,0,1
715.71,8,5,1,20.8,161,1058,3,1186.59,0,0,0,0.121,0.6026574828013036,0,0.3,0.0,0,0,1
2543.41,4,2,0,61.51,1131,1532,2,753.96,1,0,0,0.186,3.3689334534279958,1,0.2,0.2,1,0,0
1157.95,11,1,0,16.73,1143,1982,2,1136.72,0,0,0,0.184,1.0177811763878635,0,0.2,0.0,0,1,0
8900.88,22,0,0,31.28,274,1871,6,931.2,1,0,0,0.136,9.548251448187083,0,0.6,0.2,1,0,0
471.46,3,0,0,1.96,362,661,0,1205.17,1,0,0,0.067,0.39087359161643875,1,0.0,0.2,0,0,1
1089.09,13,4,0,37.35,107,1498,3,2522.27,0,0,0,0.213,0.43161849504809235,0,0.3,0.0,0,0,1
1391.13,7,5,1,10.45,529,110,2,2186.7,0,0,0,0.427,0.6358870046167209,0,0.2,0.0,1,0,0
901.81,8,3,0,16.55,454,804,5,1198.51,0,0,0,0.377,0.7518153245908745,0,0.5,0.0,1,0,0
2593.14,19,1,0,73.83,489,2276,3,2354.36,0,0,0,0.723,1.1009527206032197,0,0.3,0.0,0,0,1
594.25,0,0,0,12.62,609,77,6,884.57,0,0,0,0.151,0.6710367334033447,1,0.6,0.0,1,0,0
3010.55,17,6,1,27.32,1458,1527,4,1872.06,0,0,0,0.204,1.6072896757178095,0,0.4,0.0,1,0,0
2569.14,3,3,0,65.28,202,276,4,774.94,0,0,0,0.491,3.3110034281001104,1,0.4,0.0,0,0,1
5924.12,8,2,0,48.87,403,1875,3,4095.83,1,0,0,0.198,1.44602534154456,0,0.3,0.2,0,0,1
6733.6,8,3,0,2.87,244,1623,1,1223.15,1,0,1,0.216,5.500633092349793,0,0.1,0.2,0,1,0
1463.36,11,6,1,0.43,608,1957,2,1221.66,1,0,0,0.178,1.1968658498683198,0,0.2,0.2,0,0,1
422.46,21,5,1,69.04,1035,1483,5,1923.14,0,0,0,0.152,0.21955782843244254,0,0.5,0.0,0,0,1
3374.51,3,2,0,8.48,1051,2088,3,6011.91,0,0,0,0.435,0.5612107947732463,1,0.3,0.0,1,0,0
2110.97,20,0,0,47.73,371,481,3,1725.28,0,0,0,0.256,1.2228433394350857,0,0.3,0.0,0,0,1
2082.28,7,3,0,0.24,285,1746,3,2752.14,1,1,0,0.135,0.7563291369127615,0,0.3,0.2,0,0,1
746.53,23,4,0,6.59,337,443,4,4947.3,0,0,0,0.286,0.1508659539639876,1,0.4,0.0,0,1,0
900.65,9,4,0,66.14,664,1635,4,630.62,0,0,0,0.301,1.425936480795415,0,0.4,0.0,1,0,0
4586.88,8,1,0,6.96,595,1782,5,741.77,0,0,0,0.163,6.175370572317138,0,0.5,0.0,1,0,0
1448.12,0,3,0,76.36,175,2160,4,1459.04,0,0,0,0.341,0.9918358401139694,1,0.4,0.0,0,1,0
6781.85,3,5,1,43.57,282,2052,5,1194.59,1,0,0,0.491,5.672387691432682,1,0.5,0.2,0,0,1
2903.5,19,2,0,15.74,590,440,1,1812.39,0,0,0,0.44,1.60114481716564,0,0.1,0.0,0,0,1
879.79,2,1,0,24.94,223,2464,0,894.89,0,0,0,0.537,0.9820290437442096,1,0.0,0.0,0,1,0
919.31,6,2,0,25.05,1457,690,2,539.76,0,0,0,0.371,1.7000332864856866,0,0.2,0.0,0,0,1
1463.11,1,3,0,66.6,736,1006,3,1938.41,0,0,1,0.075,0.7544098462934603,1,0.3,0.0,0,0,1
6759.24,15,5,1,52.17,447,1923,1,1970.45,0,0,0,0.089,3.4285627330137713,0,0.1,0.0,0,1,0
1774.21,5,2,0,44.88,77,1995,2,1021.17,0,0,0,0.133,1.7357288904976669,1,0.2,0.0,1,0,0
1011.71,21,0,0,93.91,1334,680,4,1957.56,0,0,0,0.03,0.516558083489911,0,0.4,0.0,1,0,0
305.32,14,1,0,6.67,713,849,1,1200.78,0,0,0,0.725,0.25405648288372246,0,0.1,0.0,0,0,1
482.5,5,4,0,0.31,278,206,2,799.36,0,0,1,0.293,0.6028537158278774,1,0.2,0.0,0,0,1
2388.28,11,5,1,61.26,1025,911,4,1173.59,0,0,0,0.127,2.0332882112056123,0,0.4,0.0,0,0,1
1614.39,18,5,1,26.58,1454,497,0,768.21,1,0,0,0.559,2.0987636666189986,0,0.0,0.2,0,1,0
467.79,15,1,0,41.45,277,629,4,1486.01,0,0,1,0.566,0.314584300038332,0,0.4,0.0,0,1,0
1863.29,8,3,0,67.2,1376,947,0,3567.83,0,0,0,0.157,0.5221010807463511,0,0.0,0.0,0,1,0
1199.66,16,0,0,51.17,1034,1062,5,3530.87,0,0,1,0.161,0.33966708853949895,0,0.5,0.0,0,0,1
683.7,22,2,0,5.22,1204,1316,2,1618.56,1,0,0,0.264,0.42215169552224063,0,0.2,0.2,0,0,1
12337.92,0,4,0,23.41,554,2431,1,3704.71,1,0,0,0.671,3.329434845144385,1,0.1,0.2,0,1,0
1042.03,6,4,0,11.0,515,679,1,1467.08,0,0,0,0.071,0.7097910195629666,0,0.1,0.0,0,0,1
2854.7,3,3,0,19.11,1350,1894,6,335.38,1,0,0,0.205,8.486533087579522,1,0.6,0.2,0,0,1
269.74,3,3,0,32.14,784,2232,6,1551.74,0,0,0,0.099,0.173718716591316,1,0.6,0.0,0,1,0
4410.13,3,2,0,4.55,397,1297,3,634.16,1,0,0,0.304,6.943337111908811,1,0.3,0.2,0,0,1
5007.27,19,0,0,91.87,288,1185,4,1728.59,0,0,0,0.065,2.8950618354638964,0,0.4,0.0,1,0,0
869.85,21,1,0,6.45,1471,1566,3,723.62,0,0,0,0.165,1.2004222903038835,0,0.3,0.0,0,1,0
7645.05,21,6,1,45.34,972,53,3,1063.24,0,0,0,0.181,7.183577012703902,0,0.3,0.0,0,1,0
2702.19,9,4,0,60.48,413,402,5,2673.98,0,0,0,0.469,1.010172038669448,0,0.5,0.0,0,1,0
477.54,23,1,0,40.65,1038,776,5,3140.58,0,0,0,0.285,0.1520063152935784,1,0.5,0.0,0,1,0
7074.99,11,0,0,9.09,1048,2356,4,634.89,0,0,0,0.303,11.12612244256082,0,0.4,0.0,0,0,1
401.16,11,2,0,76.71,1298,1492,2,1323.42,0,0,0,0.592,0.3028948520861962,0,0.2,0.0,1,0,0
2671.64,2,2,0,41.97,262,1425,2,657.41,0,0,0,0.295,4.0577147977703865,1,0.2,0.0,0,1,0
2389.34,10,3,0,22.58,737,1090,3,1091.88,1,0,0,0.307,2.1862784569211624,0,0.3,0.2,0,1,0
1026.51,18,1,0,75.91,231,908,3,3007.04,0,0,0,0.509,0.34125543543303943,0,0.3,0.0,1,0,0
299.87,21,2,0,37.76,1179,598,3,1067.23,0,0,0,0.294,0.28071669958716755,0,0.3,0.0,1,0,0
5197.78,23,6,1,30.95,342,756,0,2275.34,0,0,0,0.073,2.2833935176643205,1,0.0,0.0,0,0,1
5323.7,1,4,0,18.21,1121,1905,3,5108.34,0,0,0,0.449,1.0419545381595274,1,0.3,0.0,0,1,0
780.75,8,0,0,13.0,188,984,5,1331.05,0,1,0,0.477,0.586126646897639,0,0.5,0.0,1,0,0
3049.47,13,6,1,30.32,822,1939,6,3422.53,0,0,0,0.192,0.8907385067459609,0,0.6,0.0,0,0,1
2091.78,1,4,0,23.19,710,1898,1,1260.17,0,0,0,0.147,1.6586027260401057,1,0.1,0.0,1,0,0
6923.04,13,3,0,16.84,1075,1806,2,732.38,0,0,1,0.147,9.439908369467398,0,0.2,0.0,1,0,0
14182.07,5,5,1,41.23,1235,748,6,5467.64,1,0,0,0.365,2.593344963281547,1,0.6,0.2,1,0,0
5722.04,9,0,0,25.61,396,568,4,1100.35,0,0,0,0.519,5.195478276660462,0,0.4,0.0,0,0,1
4090.86,9,6,1,104.65,855,1903,5,1042.48,1,0,0,0.538,3.92040096599839,0,0.5,0.2,0,0,1
2849.98,3,2,0,35.09,611,1378,1,927.48,0,1,0,0.097,3.0695114595898674,1,0.1,0.0,1,0,0
12676.87,18,5,1,53.06,165,399,4,1496.15,0,1,0,0.35,8.467334602411247,0,0.4,0.0,1,0,0
1466.83,19,1,0,81.32,1347,753,8,2136.32,0,0,0,0.528,0.6862940504931409,0,0.8,0.0,1,0,0
1212.03,11,5,1,34.81,1454,1348,4,2120.7,1,0,0,0.434,0.5712541829664892,0,0.4,0.2,1,0,0
1402.42,6,3,0,3.05,463,1364,0,431.27,0,0,1,0.165,3.2443148957827286,0,0.0,0.0,0,0,1
3007.25,3,2,0,4.22,750,1386,4,1098.21,0,0,0,0.518,2.735828458620282,1,0.4,0.0,0,0,1
9885.32,19,4,0,0.49,897,597,4,2073.92,1,0,1,0.363,4.764193318296608,0,0.4,0.2,0,1,0
2709.86,0,0,0,10.26,58,1095,1,438.02,1,0,0,0.885,6.17252061409503,1,0.1,0.2,0,1,0
7579.18,23,3,0,9.36,1403,1888,4,1148.89,0,0,1,0.449,6.5912217690387775,1,0.4,0.0,0,0,1
238.82,2,1,0,1.65,1122,1103,3,1736.07,0,0,0,0.344,0.1374843846246841,1,0.3,0.0,1,0,0
9283.73,12,5,1,28.8,168,41,6,1351.45,0,0,1,0.101,6.8643794594994265,0,0.6,0.0,1,0,0
29052.11,5,3,0,5.4,1103,795,2,2991.67,0,0,0,0.453,9.707755950372075,1,0.2,0.0,1,0,0
74212.91,20,3,0,14.91,1471,2388,3,2263.21,0,0,1,0.297,32.77651366260197,0,0.3,0.0,0,1,0
3901.47,18,0,0,20.74,685,1096,4,1249.49,0,0,0,0.716,3.1199529784324542,0,0.4,0.0,0,0,1
483.74,19,0,0,32.9,493,1498,4,1272.52,0,0,1,0.219,0.3798448394999686,0,0.4,0.0,0,0,1
1654.98,6,1,0,7.42,1293,481,4,1859.44,1,0,0,0.152,0.889563759110748,0,0.4,0.2,0,1,0
1577.93,12,5,1,58.05,3,1126,2,1741.43,1,0,0,0.208,0.9055916163059635,0,0.2,0.2,1,0,0
3730.63,14,1,0,48.48,332,401,2,1314.17,1,0,0,0.422,2.836614278002083,0,0.2,0.2,0,1,0
462.36,13,6,1,5.42,1313,2327,3,1138.97,0,0,0,0.202,0.4055896207794942,0,0.3,0.0,0,0,1
533.55,15,0,0,45.13,530,1686,5,2573.24,2,0,0,0.413,0.2072650568711542,0,0.5,0.4,0,1,0
542.19,23,6,1,78.47,263,1474,2,2030.31,0,0,0,0.098,0.2669164233918014,1,0.2,0.0,0,0,1
1123.18,23,2,0,19.44,769,168,0,718.39,0,0,0,0.019,1.5612949860298309,1,0.0,0.0,0,1,0
2102.43,12,2,0,82.62,883,1644,7,583.85,1,0,0,0.266,3.5948191844062576,0,0.7,0.2,0,0,1
1160.38,9,1,0,3.22,1423,654,4,1150.13,1,0,0,0.244,1.0080355824277014,0,0.4,0.2,1,0,0
613.43,17,6,1,42.95,661,2079,1,3173.85,0,1,0,0.141,0.19321542750051182,0,0.1,0.0,0,0,1
1760.44,22,6,1,62.62,1434,1611,3,4415.3,1,1,0,0.271,0.3986232819328397,0,0.3,0.2,1,0,0
4278.27,2,2,0,1.73,590,372,1,2485.01,0,0,0,0.259,1.7209383711248145,1,0.1,0.0,1,0,0
2365.18,12,0,0,41.85,384,1167,5,1731.58,0,0,0,0.363,1.3651202253287005,0,0.5,0.0,0,1,0
1560.09,19,5,1,93.47,341,132,0,579.28,1,0,0,0.258,2.6885124422692495,0,0.0,0.2,0,0,1
2492.51,19,4,0,42.73,165,2082,0,1037.28,0,0,0,0.523,2.400614477790192,0,0.0,0.0,1,0,0
8907.86,1,1,0,44.42,146,1568,3,2060.83,1,0,0,0.097,4.320365888555313,1,0.3,0.2,0,0,1
1215.3,13,0,0,52.39,595,1851,1,348.36,0,0,0,0.144,3.4786466681932673,0,0.1,0.0,0,0,1
384.34,18,3,0,6.09,1279,1167,2,3990.18,0,0,0,0.107,0.09629733562505324,0,0.2,0.0,0,1,0
6434.95,18,5,1,0.62,1211,2131,1,1803.21,0,0,0,0.079,3.566630270312214,0,0.1,0.0,0,1,0
401.94,21,1,0,25.58,1460,507,1,4607.97,1,0,0,0.11,0.08720820487006858,0,0.1,0.2,0,1,0
2849.93,1,6,1,23.69,691,921,2,383.24,0,0,0,0.532,7.417057047678534,1,0.2,0.0,0,1,0
263.24,14,6,1,16.77,1332,1354,6,480.77,1,0,1,0.35,0.54640180999232,0,0.6,0.2,1,0,0
3840.86,22,3,0,17.8,865,603,3,608.61,1,0,1,0.22,6.300520004593101,0,0.3,0.2,0,0,1
2118.74,11,4,0,39.65,154,1725,3,2455.73,0,0,0,0.196,0.8624228140658516,0,0.3,0.0,0,0,1
927.73,18,3,0,62.16,274,1882,4,1784.18,0,1,1,0.145,0.5196842895394302,0,0.4,0.0,1,0,0
1722.67,7,6,1,49.63,1425,1792,4,1255.88,0,0,0,0.123,1.37059226019986,0,0.4,0.0,0,1,0
1284.53,5,2,0,42.36,577,1921,6,2422.59,1,0,0,0.525,0.5300112642814997,1,0.6,0.2,1,0,0
963.07,4,5,1,5.45,642,2035,5,711.16,0,0,0,0.116,1.3523225117951023,1,0.5,0.0,0,0,1
601.61,13,4,0,15.84,138,701,5,1274.81,1,1,0,0.209,0.4715514065574028,0,0.5,0.2,1,0,0
3922.74,20,1,0,7.34,1236,212,3,1057.83,0,1,0,0.544,3.7047873596328023,0,0.3,0.0,0,1,0
342.12,20,4,0,14.71,720,345,4,1695.6,0,1,0,0.108,0.20165035954261465,0,0.4,0.0,0,0,1
1417.31,20,6,1,5.2,1171,1807,1,2535.97,0,0,0,0.339,0.5586624989653012,0,0.1,0.0,0,1,0
699.43,15,3,0,20.89,1101,833,4,751.71,0,0,1,0.226,0.9292157670284703,0,0.4,0.0,0,0,1
1040.05,8,6,1,21.25,236,486,1,904.53,0,1,0,0.307,1.1485538855697768,0,0.1,0.0,0,1,0
1661.62,16,0,0,8.04,113,1937,5,582.36,0,1,0,0.284,2.8483612177729016,0,0.5,0.0,0,1,0
207.2,20,0,0,23.81,810,642,3,1028.31,0,0,0,0.29,0.2012998999329648,0,0.3,0.0,0,0,1
1132.97,15,1,0,11.56,867,1339,3,867.85,1,0,0,0.116,1.3039880301548024,0,0.3,0.2,0,0,1
825.86,17,2,0,47.01,814,667,3,2887.84,0,0,0,0.434,0.2858794533445951,0,0.3,0.0,0,0,1
2797.77,9,3,0,11.28,1349,629,4,1789.59,1,0,0,0.427,1.5624849909806267,0,0.4,0.2,0,0,1
1417.13,22,4,0,70.4,576,2112,2,1079.14,0,0,0,0.335,1.311987334975096,0,0.2,0.0,0,1,0
794.98,14,5,1,63.28,1274,620,3,2090.68,0,1,1,0.422,0.38006769677962216,0,0.3,0.0,1,0,0
1143.38,6,1,0,25.8,448,829,4,4215.07,0,0,0,0.062,0.2711956869786318,0,0.4,0.0,1,0,0
3492.63,12,6,1,21.15,1195,1200,3,3217.07,0,0,0,0.119,1.0853182186838695,0,0.3,0.0,0,0,1
2206.65,17,1,0,9.35,253,1936,3,1108.4,0,0,0,0.478,1.989048134126555,0,0.3,0.0,0,1,0
567.29,12,4,0,9.47,1237,1074,1,1986.53,0,0,0,0.264,0.28542462252142103,0,0.1,0.0,0,1,0
1821.46,17,6,1,0.06,1402,2103,4,888.17,0,0,0,0.433,2.0484946635626486,0,0.4,0.0,0,1,0
1185.87,3,0,0,10.33,605,940,1,3103.42,2,0,0,0.443,0.3819940600820765,1,0.1,0.4,0,1,0
296.03,19,4,0,76.61,962,1586,3,2415.09,0,1,0,0.418,0.12252440927283337,0,0.3,0.0,0,0,1
1556.25,15,5,1,0.42,813,643,3,1499.35,0,0,0,0.266,1.0372579731396008,0,0.3,0.0,0,0,1
232.65,4,0,0,24.31,1413,470,2,2462.78,0,0,0,0.095,0.09442807393517277,1,0.2,0.0,0,0,1
642.6,19,4,0,28.21,1236,1842,3,410.31,1,0,1,0.167,1.562325253458462,0,0.3,0.2,0,0,1
852.82,6,3,0,3.0,313,1023,5,2344.61,0,0,0,0.05,0.36358132852434977,0,0.5,0.0,0,0,1
1726.2,16,1,0,34.23,148,1471,4,2936.09,0,1,0,0.167,0.5877245845377568,0,0.4,0.0,1,0,0
1067.29,2,4,0,94.56,521,315,0,3804.56,0,0,0,0.165,0.28045543888415897,1,0.0,0.0,0,1,0
367.43,7,6,1,21.75,1393,2073,5,1561.78,0,0,0,0.111,0.23511306773826132,0,0.5,0.0,1,0,0
1594.37,9,4,0,3.84,243,2392,3,3830.54,1,0,0,0.258,0.41611727921410185,0,0.3,0.2,0,1,0
6779.92,9,5,1,85.25,749,1021,4,284.53,1,0,0,0.413,23.745035547928417,0,0.4,0.2,0,0,1
1376.49,20,5,1,7.8,180,983,1,3454.43,0,0,0,0.464,0.3983556315711793,0,0.1,0.0,1,0,0
9039.29,19,2,0,43.93,760,581,3,1952.4,0,1,0,0.188,4.627464932937443,0,0.3,0.0,1,0,0
1283.44,14,3,0,26.94,609,1331,2,1066.87,0,1,0,0.578,1.2018691413748865,0,0.2,0.0,1,0,0
8660.29,18,3,0,27.52,711,662,2,623.5,3,0,0,0.302,13.867558046437152,0,0.2,0.6,1,0,0
372.02,21,4,0,15.21,220,173,2,645.09,0,0,0,0.04,0.5758021328297914,0,0.2,0.0,1,0,0
9793.82,8,3,0,33.71,1383,1830,1,1115.08,1,0,0,0.49,8.775195326499892,0,0.1,0.2,0,1,0
4310.02,6,3,0,16.83,573,1966,4,1305.12,1,0,0,0.843,3.2998652497473437,0,0.4,0.2,0,1,0
4519.42,4,2,0,22.77,891,513,4,2907.8,1,0,0,0.449,1.5537059955995598,1,0.4,0.2,0,1,0
315.41,22,3,0,6.92,438,1789,2,1025.06,0,0,1,0.259,0.3073991774360174,0,0.2,0.0,1,0,0
757.32,20,3,0,19.67,34,2428,6,1031.25,0,0,0,0.431,0.733659481714701,0,0.6,0.0,0,1,0
510.62,12,4,0,20.05,286,1772,3,2056.77,0,0,0,0.276,0.24814240658577003,0,0.3,0.0,1,0,0
496.06,21,3,0,41.19,725,1418,4,2845.1,0,0,1,0.196,0.17429464881768034,0,0.4,0.0,0,1,0
1010.36,14,2,0,51.16,1032,1868,1,984.29,0,0,0,0.477,1.0254442854388048,0,0.1,0.0,1,0,0
1846.52,19,0,0,1.62,635,2409,4,972.49,0,0,1,0.332,1.896804281502635,0,0.4,0.0,0,1,0
451.14,3,6,1,50.21,18,2244,6,381.4,0,0,0,0.496,1.1797594142259415,1,0.6,0.0,0,1,0
3163.07,13,6,1,35.61,256,856,3,618.77,0,0,0,0.385,5.103619084499089,0,0.3,0.0,1,0,0
3011.86,7,0,0,4.89,1259,619,3,876.42,2,0,0,0.423,3.4326320348293864,0,0.3,0.4,0,0,1
496.77,0,2,0,1.21,633,1242,1,167.2,0,0,0,0.285,2.953448275862069,1,0.1,0.0,0,0,1
4715.36,9,5,1,58.68,1335,547,7,1360.76,0,0,0,0.267,3.462695335448243,0,0.7,0.0,1,0,0
7795.86,20,2,0,4.72,977,490,1,782.72,1,0,0,0.321,9.947251569438064,0,0.1,0.2,0,0,1
780.93,21,3,0,19.28,1191,1075,2,1737.61,0,0,0,0.327,0.4491691638722888,0,0.2,0.0,1,0,0
1801.05,21,3,0,66.22,1280,1520,1,3468.66,0,0,0,0.464,0.51908544353049,0,0.1,0.0,0,1,0
7007.35,0,2,0,66.61,1241,526,2,1254.84,0,0,0,0.483,5.57981112243598,1,0.2,0.0,0,1,0
1608.06,23,3,0,78.92,281,2101,2,2488.05,0,0,0,0.56,0.6460537152728952,1,0.2,0.0,1,0,0
349.49,18,1,0,0.17,1392,2383,8,3777.01,1,0,0,0.003,0.09250637240240232,0,0.8,0.2,0,0,1
1028.94,14,5,1,31.52,1190,1231,0,1832.46,0,0,0,0.287,0.561201226097106,0,0.0,0.0,0,0,1
2597.77,1,1,0,24.68,1148,2168,5,1919.58,2,0,0,0.367,1.352596611440294,1,0.5,0.4,0,0,1
797.3,14,0,0,31.36,1358,560,3,844.08,2,0,0,0.13,0.94346097410896,0,0.3,0.4,0,0,1
4183.54,2,3,0,4.79,389,2372,4,1969.92,0,0,0,0.156,2.1226330850567248,1,0.4,0.0,0,1,0
1820.15,15,4,0,0.83,165,108,6,960.35,0,0,1,0.172,1.8933270921100536,0,0.6,0.0,1,0,0
4724.49,1,1,0,11.79,709,2336,5,3524.8,0,0,0,0.14,1.339976742866867,1,0.5,0.0,1,0,0
1837.9,17,3,0,9.4,1401,1588,2,7639.59,0,0,0,0.104,0.24054425116384992,0,0.2,0.0,0,0,1
965.09,12,3,0,7.86,853,1420,4,1601.57,0,0,0,0.187,0.6022139438526867,0,0.4,0.0,0,1,0
4992.23,5,1,0,71.97,817,1101,4,753.61,1,0,0,0.122,6.6156425173268305,1,0.4,0.2,0,1,0
873.47,13,0,0,14.15,617,1853,4,1817.42,0,1,0,0.236,0.4803455747297104,0,0.4,0.0,1,0,0
1592.4,11,2,0,34.7,770,1421,4,1080.74,0,0,0,0.116,1.472072771645682,0,0.4,0.0,0,1,0
156.78,7,5,1,5.02,106,231,2,3576.77,0,0,0,0.125,0.0438205921565668,0,0.2,0.0,0,0,1
467.67,21,1,0,19.24,1016,1834,3,1613.54,0,0,0,0.157,0.289661451558958,0,0.3,0.0,0,0,1
897.07,0,2,0,11.26,374,344,7,1995.4,0,0,0,0.163,0.4493438188739732,1,0.7,0.0,1,0,0
3342.62,13,5,1,38.43,1425,1431,2,962.06,0,0,0,0.052,3.4708325545656553,0,0.2,0.0,0,1,0
952.52,10,0,0,0.98,227,2143,2,1991.13,0,0,0,0.543,0.47814148675036267,0,0.2,0.0,1,0,0
5978.21,13,6,1,41.5,1183,907,4,2942.09,0,0,0,0.404,2.0312698558317956,0,0.4,0.0,0,1,0
996.1,7,2,0,18.87,944,69,2,644.53,2,0,0,0.391,1.5430731337040882,0,0.2,0.4,0,0,1
4080.47,18,6,1,49.7,553,1498,7,665.56,0,0,0,0.109,6.121684469515123,0,0.7,0.0,0,0,1
26797.45,18,6,1,10.61,963,408,2,1232.66,1,0,0,0.051,21.721908791725433,0,0.2,0.2,0,1,0
583.6,3,2,0,13.19,20,2338,3,2751.69,1,0,0,0.108,0.21201079671158032,1,0.3,0.2,0,0,1
1275.51,12,2,0,36.75,370,1766,2,797.0,0,0,0,0.527,1.5983834586466166,0,0.2,0.0,0,0,1
941.46,18,6,1,12.42,275,2441,2,2560.01,1,0,0,0.313,0.36761277777126994,0,0.2,0.2,1,0,0
8819.11,0,5,1,64.82,1326,1952,3,987.11,0,0,0,0.403,8.925230996548967,1,0.3,0.0,0,0,1
1540.68,2,2,0,26.72,409,1890,4,2329.31,0,0,0,0.419,0.6611480875934962,1,0.4,0.0,1,0,0
6133.77,17,5,1,79.97,680,1289,2,1129.43,0,0,0,0.215,5.4260502640588095,0,0.2,0.0,0,0,1
5173.86,18,0,0,8.69,77,46,2,2313.96,0,0,0,0.291,2.2349673428482566,0,0.2,0.0,0,1,0
7146.03,5,3,0,32.53,475,2352,4,1585.34,0,0,0,0.458,4.504727864140096,1,0.4,0.0,1,0,0
3110.98,11,1,0,16.17,506,246,2,1617.81,1,0,0,0.312,1.9217696950228873,0,0.2,0.2,0,0,1
2185.21,23,3,0,9.47,302,2225,1,1316.08,0,0,0,0.716,1.6591323230175845,1,0.1,0.0,1,0,0
4944.73,14,2,0,26.02,191,1305,8,1929.7,0,0,0,0.211,2.5611073703837985,0,0.8,0.0,0,0,1
1873.24,1,0,0,46.11,339,1925,0,510.8,2,0,0,0.334,3.660101602188355,1,0.0,0.4,1,0,0
2518.62,17,5,1,34.15,165,34,3,1911.76,0,0,0,0.174,1.3167464815240804,0,0.3,0.0,0,1,0
1657.0,3,1,0,53.76,1483,902,4,3604.44,0,0,0,0.24,0.4595832963521789,1,0.4,0.0,0,1,0
2174.95,5,5,1,42.63,535,1747,6,1580.2,0,0,0,0.348,1.375505944852011,1,0.6,0.0,0,0,1
1182.52,4,2,0,18.28,89,629,1,1192.8,0,0,1,0.273,0.9905511811023622,1,0.1,0.0,1,0,0
1600.66,10,0,0,33.01,1132,1649,1,3302.93,1,0,0,0.742,0.4844715233070919,0,0.1,0.2,0,1,0
1512.2,8,5,1,69.47,118,342,3,601.25,0,0,0,0.083,2.510917393109174,0,0.3,0.0,0,1,0
6746.78,14,2,0,28.12,630,1759,5,334.88,0,0,0,0.168,20.086876265332858,0,0.5,0.0,0,0,1
3768.13,9,2,0,58.19,488,326,3,554.54,0,0,0,0.403,6.782823919069735,0,0.3,0.0,0,0,1
6265.96,10,2,0,13.09,283,50,5,896.38,1,0,0,0.051,6.982504624573759,0,0.5,0.2,0,0,1
777.96,5,1,0,28.39,508,2155,1,989.68,0,0,0,0.388,0.7852787984010983,1,0.1,0.0,1,0,0
1944.82,3,2,0,41.27,965,145,2,1102.68,0,0,1,0.27,1.7621230791533777,1,0.2,0.0,0,1,0
420.88,3,4,0,21.35,540,110,2,2306.66,0,0,1,0.437,0.18238388670774724,1,0.2,0.0,1,0,0
1531.39,5,0,0,59.2,803,2181,1,1456.85,2,1,0,0.046,1.0504441472030732,1,0.1,0.4,0,1,0
6201.55,20,3,0,94.09,396,657,2,1917.38,0,0,0,0.127,3.2327015502663703,0,0.2,0.0,0,0,1
394.45,14,1,0,19.5,930,2453,3,1869.09,0,0,0,0.379,0.21092567737381623,0,0.3,0.0,0,0,1
8695.65,5,3,0,30.07,414,2360,2,3508.95,0,0,0,0.407,2.477428453396772,1,0.2,0.0,0,0,1
810.7,21,0,0,4.71,832,1078,2,2991.64,0,0,1,0.254,0.27089793627031655,0,0.2,0.0,0,1,0
912.63,19,4,0,56.02,596,367,3,1685.03,0,0,0,0.056,0.5412893009021191,0,0.3,0.0,0,0,1
1631.3,15,4,0,43.6,342,2487,5,547.42,0,0,0,0.533,2.9745450567083624,0,0.5,0.0,0,0,1
3762.67,18,6,1,22.96,776,982,3,1497.54,0,0,0,0.247,2.5108906001841795,0,0.3,0.0,0,1,0
742.75,19,2,0,9.19,1332,432,2,2973.86,0,0,0,0.153,0.24967561498692376,0,0.2,0.0,1,0,0
699.39,9,0,0,48.93,1337,2112,2,1186.59,1,0,0,0.401,0.588915366414335,0,0.2,0.2,0,1,0
1229.92,17,3,0,24.45,1493,2115,4,2216.94,0,0,0,0.252,0.5545325842899267,0,0.4,0.0,0,1,0
9137.47,13,0,0,26.01,975,291,1,2186.43,0,0,0,0.187,4.177262815267231,0,0.1,0.0,0,0,1
1408.67,8,5,1,17.18,395,1874,3,2008.64,0,1,0,0.122,0.7009563901992397,0,0.3,0.0,0,0,1
496.58,18,6,1,7.24,1089,179,1,2254.48,1,0,0,0.097,0.22016599570823062,0,0.1,0.2,1,0,0
8601.32,11,2,0,32.4,1224,101,3,1489.96,0,0,0,0.534,5.768981059183345,0,0.3,0.0,0,1,0
1400.44,5,3,0,77.85,8,1548,1,2698.93,0,0,0,0.171,0.5186949291277922,1,0.1,0.0,0,0,1
624.67,0,1,0,22.0,595,2050,2,3030.21,0,0,0,0.522,0.20607942042946545,1,0.2,0.0,1,0,0
344.06,23,3,0,41.58,157,1009,0,1434.14,1,0,1,0.096,0.23973967696531348,1,0.0,0.2,0,1,0
1395.47,0,6,1,16.65,838,470,3,1942.23,0,0,0,0.135,0.7181188022004601,1,0.3,0.0,0,0,1
9703.86,22,1,0,12.05,595,204,3,4505.82,2,0,0,0.49,2.1531501147150323,0,0.3,0.4,0,0,1
1414.47,0,3,0,27.84,1432,2276,4,750.11,0,0,0,0.122,1.8831729041019292,1,0.4,0.0,0,1,0
2282.57,3,2,0,25.26,633,1195,4,1083.59,1,0,0,0.129,2.1045464184622764,1,0.4,0.2,0,0,1
6243.64,23,5,1,53.06,1438,1123,4,3613.87,0,0,0,0.233,1.7272101071407826,1,0.4,0.0,1,0,0
4655.49,20,3,0,30.8,701,1612,3,1327.18,0,0,0,0.085,3.505164962580373,0,0.3,0.0,0,1,0
131.97,1,5,1,21.3,1122,470,1,728.07,0,0,0,0.425,0.1810114255146968,1,0.1,0.0,1,0,0
4382.24,9,2,0,70.91,862,606,1,2008.46,0,0,0,0.102,2.1808047933275603,0,0.1,0.0,0,0,1
2772.77,16,1,0,7.94,520,1268,3,3046.78,0,0,0,0.462,0.9097671091745466,0,0.3,0.0,0,0,1
4442.43,18,0,0,17.57,1316,1450,2,1665.17,0,0,0,0.425,2.6662525432578907,0,0.2,0.0,0,0,1
888.62,5,5,1,47.66,82,914,1,1817.25,0,0,1,0.051,0.4887226728997663,1,0.1,0.0,0,1,0
1209.8,9,4,0,16.27,1357,1932,4,1642.54,0,0,1,0.359,0.7360940409116906,0,0.4,0.0,0,0,1
637.03,15,4,0,22.47,638,701,4,544.84,1,0,0,0.313,1.167063608383409,0,0.4,0.2,0,0,1
1712.35,3,5,1,66.67,1127,2113,3,1292.15,2,0,0,0.447,1.3241696632254571,1,0.3,0.4,0,0,1
10493.39,3,5,1,11.22,760,563,3,1081.5,0,1,0,0.071,9.693662817551962,1,0.3,0.0,0,0,1
11647.97,14,1,0,39.71,837,1626,3,2886.38,0,0,1,0.098,4.034096655099086,0,0.3,0.0,0,0,1
3538.91,7,5,1,85.27,196,334,3,776.27,0,0,0,0.123,4.5529996011681915,0,0.3,0.0,0,0,1
1296.56,14,2,0,56.66,1327,817,7,2263.78,0,0,0,0.141,0.5724882770070381,0,0.7,0.0,0,1,0
3522.86,13,2,0,37.24,479,167,1,732.49,0,0,1,0.438,4.802873931478275,0,0.1,0.0,0,1,0
1683.05,8,0,0,64.29,1372,49,4,2168.44,1,0,0,0.172,0.7757992846080094,0,0.4,0.2,1,0,0
594.69,17,3,0,2.02,46,439,2,637.21,0,0,0,0.033,0.9318092790774197,0,0.2,0.0,0,1,0
1741.66,7,4,0,45.63,338,1926,4,3053.24,0,0,0,0.161,0.5702433338571953,0,0.4,0.0,1,0,0
3788.14,16,3,0,75.22,1210,388,1,420.29,1,0,0,0.396,8.991763393386977,0,0.1,0.2,1,0,0
6647.44,12,4,0,47.08,1329,1674,1,593.81,0,0,0,0.219,11.175736789899297,0,0.1,0.0,0,1,0
8735.37,20,3,0,38.91,634,1501,4,1646.51,2,0,0,0.395,5.302165085492653,0,0.4,0.4,0,0,1
1144.81,7,2,0,54.43,232,1659,1,2836.03,0,0,0,0.167,0.40352410795797006,0,0.1,0.0,0,1,0
3230.25,9,3,0,22.87,1401,684,3,4146.53,0,0,0,0.424,0.7788370427700343,0,0.3,0.0,0,1,0
3124.23,22,5,1,39.05,1235,1434,3,1857.03,0,0,0,0.099,1.6814744648902333,0,0.3,0.0,0,1,0
1323.14,1,2,0,19.45,149,260,2,4260.35,0,0,0,0.055,0.3104978469264435,1,0.2,0.0,0,1,0
567.45,3,5,1,3.97,804,2207,1,1121.48,1,1,1,0.321,0.5055323925593329,1,0.1,0.2,0,1,0
9133.66,7,2,0,18.84,1317,1117,3,586.21,0,0,0,0.121,15.554333202772431,0,0.3,0.0,0,1,0
5893.55,23,3,0,0.51,683,1856,3,1039.13,1,1,1,0.248,5.666166729158855,1,0.3,0.2,0,1,0
1349.84,20,0,0,18.28,1141,1678,2,2027.74,0,0,0,0.249,0.6653587941283752,0,0.2,0.0,1,0,0
1052.15,2,1,0,36.77,779,1475,2,1661.9,1,1,0,0.425,0.6327199470804017,1,0.2,0.2,0,0,1
1605.45,0,6,1,23.23,629,2035,3,4006.96,0,0,0,0.084,0.4005653749039412,1,0.3,0.0,0,0,1
997.54,10,2,0,16.53,1275,1463,4,1811.86,1,0,0,0.387,0.5502576040069282,0,0.4,0.2,0,1,0
2005.25,13,5,1,47.37,417,1107,4,869.01,0,0,0,0.369,2.3048585648440825,0,0.4,0.0,0,0,1
671.57,6,5,1,31.73,439,2428,8,869.34,0,0,0,0.278,0.7716179883723603,0,0.8,0.0,0,0,1
662.62,16,5,1,17.74,274,1124,2,2065.22,0,0,0,0.36,0.32069189147331845,0,0.2,0.0,0,0,1
1472.99,21,5,1,43.42,38,296,2,1297.5,0,1,0,0.135,1.1343781286099346,0,0.2,0.0,1,0,0
4062.01,12,2,0,9.79,887,870,2,2332.52,1,0,0,0.186,1.740722170797765,0,0.2,0.2,0,0,1
1771.28,13,0,0,7.78,1465,1381,2,2607.18,0,0,0,0.126,0.6791249070232883,0,0.2,0.0,1,0,0
551.35,14,6,1,66.94,895,810,4,825.32,0,0,0,0.069,0.6672354535773066,0,0.4,0.0,0,0,1
3423.73,1,2,0,39.08,1214,708,4,502.18,2,0,0,0.152,6.804185380976986,1,0.4,0.4,0,1,0
1770.85,19,1,0,33.32,959,2266,5,3141.31,0,1,0,0.443,0.5635503817255458,0,0.5,0.0,0,0,1
2014.3,19,4,0,6.13,949,2060,3,712.36,1,0,0,0.104,2.823679488617248,0,0.3,0.2,1,0,0
2568.44,18,1,0,15.01,689,248,6,2239.55,0,0,0,0.373,1.1463435317221218,0,0.6,0.0,1,0,0
11744.77,0,1,0,58.06,77,2296,3,1224.49,0,0,0,0.116,9.583733853397417,1,0.3,0.0,1,0,0
3088.32,13,1,0,38.56,394,990,2,3011.15,0,1,0,0.256,1.0252875852796175,0,0.2,0.0,0,1,0
883.7,4,6,1,22.28,7,1241,4,1154.59,1,0,1,0.459,0.7647175901487553,1,0.4,0.2,0,1,0
2062.38,0,1,0,48.63,1282,1932,3,855.2,3,0,0,0.271,2.408759635599159,1,0.3,0.6,0,0,1
732.63,5,6,1,73.15,168,358,5,919.36,0,0,0,0.504,0.796025468295015,1,0.5,0.0,0,1,0
1457.86,3,6,1,30.69,1460,2134,2,1010.3,0,0,1,0.194,1.4415702561060022,1,0.2,0.0,1,0,0
8513.49,12,4,0,30.13,323,2340,2,769.2,0,0,0,0.197,11.053609452090365,0,0.2,0.0,0,0,1
1889.48,22,1,0,101.07,1294,368,5,1071.76,0,0,0,0.877,1.761325925649726,0,0.5,0.0,0,1,0
1583.5,23,1,0,43.6,528,1139,1,1102.11,0,0,0,0.371,1.4354869414654932,1,0.1,0.0,0,1,0
1103.04,21,2,0,34.06,353,1089,2,3967.44,0,0,0,0.348,0.27795304956103656,0,0.2,0.0,1,0,0
1208.47,10,5,1,44.78,1131,185,2,1107.6,0,0,0,0.167,1.0900865957062964,0,0.2,0.0,1,0,0
333.84,20,5,1,54.5,296,1530,4,2796.75,1,0,1,0.138,0.11932445715306943,0,0.4,0.2,1,0,0
1294.91,1,1,0,48.81,897,1746,3,870.35,1,0,0,0.126,1.4860962873701729,1,0.3,0.2,0,0,1
12421.81,12,1,0,5.35,807,2408,3,1644.84,0,0,0,0.235,7.547398289019589,0,0.3,0.0,0,1,0
979.19,14,3,0,4.53,478,854,4,1314.66,0,1,0,0.201,0.7442576349512792,0,0.4,0.0,1,0,0
713.76,4,2,0,35.01,1328,2256,4,787.64,0,0,0,0.331,0.9050517346317711,1,0.4,0.0,0,0,1
1177.33,20,2,0,68.95,818,1348,5,1727.74,0,0,0,0.483,0.6810335851545055,0,0.5,0.0,1,0,0
3070.83,2,1,0,82.62,1292,1132,5,1485.68,0,0,0,0.397,2.065562192267334,1,0.5,0.0,0,1,0
3121.58,3,0,0,38.05,618,188,1,271.3,1,0,0,0.333,11.463753213367609,1,0.1,0.2,0,1,0
2856.98,8,4,0,43.44,839,2379,2,5540.59,1,0,0,0.186,0.5155523956120897,0,0.2,0.2,0,0,1
6261.86,15,6,1,37.96,891,838,4,1253.49,0,0,0,0.437,4.9915583225055595,0,0.4,0.0,1,0,0
513.23,4,5,1,24.79,1407,910,5,1707.84,1,0,0,0.067,0.30033824114604063,1,0.5,0.2,0,0,1
2023.53,5,0,0,7.87,901,796,1,3259.5,1,0,0,0.249,0.6206195368808465,1,0.1,0.2,0,0,1
2651.45,12,2,0,50.49,1020,1068,4,5074.9,0,0,0,0.062,0.5223605665990267,0,0.4,0.0,0,1,0
1207.9,23,6,1,25.38,841,401,2,1129.79,1,0,0,0.408,1.0681912645141893,1,0.2,0.2,0,1,0
5902.23,14,0,0,79.7,920,248,6,1053.84,0,0,0,0.271,5.595379394031323,0,0.6,0.0,1,0,0
3029.64,19,1,0,71.33,279,1533,5,578.67,0,0,0,0.45,5.226490934497214,0,0.5,0.0,0,0,1
6219.37,15,4,0,44.09,547,204,4,4718.59,0,0,0,0.227,1.3177776035630213,0,0.4,0.0,0,0,1
3672.67,16,0,0,24.06,658,952,2,1078.88,0,0,0,0.295,3.4009982590658216,0,0.2,0.0,1,0,0
1240.66,1,1,0,33.59,476,1526,4,2068.63,1,0,0,0.182,0.5994598068253746,1,0.4,0.2,1,0,0
6065.93,12,3,0,38.92,183,1258,1,1879.68,0,0,0,0.015,3.225391879532935,0,0.1,0.0,0,0,1
2485.91,0,6,1,20.81,231,1959,4,1383.42,0,1,0,0.027,1.7956328281879774,1,0.4,0.0,1,0,0
137.86,3,6,1,36.17,245,1921,4,5104.06,1,0,0,0.588,0.02700457976987538,1,0.4,0.2,1,0,0
1925.95,6,1,0,58.13,1127,1245,3,2297.33,0,0,0,0.249,0.8379780101203919,0,0.3,0.0,1,0,0
516.27,22,5,1,80.42,896,1090,5,2870.27,1,0,0,0.019,0.17980545194286848,0,0.5,0.2,0,1,0
4132.58,8,1,0,24.51,489,2493,2,1583.04,1,0,0,0.134,2.608886139238908,0,0.2,0.2,1,0,0
264.5,21,2,0,30.83,224,2117,2,1543.51,0,1,0,0.123,0.1712517238476928,0,0.2,0.0,1,0,0
201.14,0,5,1,48.82,247,338,6,674.01,0,0,0,0.47,0.2979807706552495,1,0.6,0.0,0,1,0
2843.16,20,0,0,47.56,1197,2443,3,455.04,0,0,0,0.352,6.23445311814753,0,0.3,0.0,0,0,1
1408.69,13,0,0,79.68,1202,938,1,1406.51,0,0,0,0.27,1.0008383599406043,0,0.1,0.0,1,0,0
4771.57,14,0,0,54.54,406,1293,2,6724.51,0,0,0,0.143,0.709473333620796,0,0.2,0.0,0,0,1
572.66,4,1,0,25.61,1037,183,4,7044.17,1,0,0,0.338,0.08128405702062547,1,0.4,0.2,0,1,0
4564.37,18,2,0,24.22,377,1400,0,1587.5,0,0,0,0.352,2.8733836953100407,0,0.0,0.0,0,1,0
2181.36,6,3,0,24.04,1262,1532,2,994.59,0,0,0,0.208,2.191022408822909,0,0.2,0.0,0,1,0
22904.82,10,1,0,30.88,1290,152,3,1030.17,0,0,0,0.173,22.21245769368775,0,0.3,0.0,0,1,0
2529.1,1,6,1,2.19,544,2353,3,1394.24,1,0,0,0.467,1.8126630543849087,1,0.3,0.2,1,0,0
2429.52,10,5,1,6.45,191,1593,6,1492.47,0,0,0,0.202,1.6267618365283534,0,0.6,0.0,0,1,0
3190.17,1,3,0,0.1,1071,346,5,2370.47,0,0,0,0.181,1.345228908651596,1,0.5,0.0,0,0,1
1704.75,7,4,0,30.15,1443,328,2,2377.88,0,0,0,0.438,0.7166187449556093,0,0.2,0.0,0,0,1
1557.87,13,0,0,8.27,246,2451,5,359.62,1,1,0,0.291,4.319976706782763,0,0.5,0.2,1,0,0
1954.72,22,4,0,27.87,773,1776,9,2202.87,0,0,0,0.398,0.8869488672199359,0,0.9,0.0,1,0,0
2587.27,7,6,1,59.64,618,1033,4,4106.94,0,0,0,0.531,0.629821759811487,0,0.4,0.0,0,1,0
2614.15,12,0,0,49.81,1288,2322,1,1187.95,0,0,0,0.355,2.198704739476008,0,0.1,0.0,0,1,0
1710.86,3,5,1,17.94,586,2106,6,1903.02,0,0,0,0.178,0.8985514858037205,1,0.6,0.0,0,0,1
1598.7,4,4,0,28.81,672,970,5,1381.65,1,0,0,0.459,1.1562579105341193,1,0.5,0.2,1,0,0
2738.46,12,3,0,19.97,1381,682,4,1584.67,0,0,0,0.467,1.7270049884276046,0,0.4,0.0,0,0,1
2068.58,8,1,0,41.95,887,2181,2,652.54,0,0,0,0.359,3.1651926431434956,0,0.2,0.0,1,0,0
1624.84,2,4,0,13.76,59,1073,4,913.28,0,0,0,0.314,1.7771798573741087,1,0.4,0.0,0,1,0
725.63,2,3,0,14.24,29,380,1,1283.78,1,0,0,0.307,0.5647893024486683,1,0.1,0.2,1,0,0
3500.64,17,0,0,5.72,1285,534,2,2418.21,0,0,0,0.167,1.4470178281339776,0,0.2,0.0,0,0,1
1432.41,12,4,0,11.41,611,1773,2,3013.0,1,0,0,0.141,0.47525215660252157,0,0.2,0.2,1,0,0
499.9,19,4,0,11.88,1292,2364,4,2950.06,0,0,0,0.208,0.16939675913061747,0,0.4,0.0,1,0,0
5315.1,3,3,0,14.92,679,1059,1,2979.65,0,0,0,0.634,1.783201650646671,1,0.1,0.0,0,0,1
623.65,12,6,1,1.41,835,1618,2,4009.28,0,0,0,0.466,0.1555128320217042,0,0.2,0.0,0,0,1
2059.11,23,0,0,0.09,841,1015,2,522.63,0,0,0,0.38,3.9323759142906254,1,0.2,0.0,1,0,0
1181.67,19,5,1,90.01,1320,1154,6,4210.8,0,0,0,0.243,0.2805617550690916,0,0.6,0.0,0,0,1
2198.57,2,0,0,7.82,647,82,2,1588.04,0,1,0,0.209,1.3835837990233097,1,0.2,0.0,0,1,0
837.2,20,1,0,59.89,6,95,1,1399.23,0,0,0,0.161,0.597901773280104,0,0.1,0.0,0,0,1
1827.54,20,2,0,12.49,112,1346,2,2973.78,0,0,1,0.439,0.6143445901881819,0,0.2,0.0,1,0,0
4723.48,17,3,0,9.01,811,1440,4,1246.63,0,0,0,0.429,3.785962184301435,0,0.4,0.0,1,0,0
4195.46,14,2,0,8.69,864,842,6,496.9,1,0,0,0.3,8.426310504117293,0,0.6,0.2,0,1,0
3330.88,20,5,1,39.1,1281,823,3,1443.3,0,0,0,0.26,2.3062244686007065,0,0.3,0.0,1,0,0
2324.16,4,2,0,22.56,198,2220,3,1975.02,1,0,0,0.199,1.1761824273033674,1,0.3,0.2,1,0,0
4134.17,14,2,0,63.82,529,1558,1,1886.21,1,0,0,0.349,2.190625314617875,0,0.1,0.2,0,1,0
1452.17,11,5,1,95.27,23,1644,2,1968.59,0,0,0,0.23,0.737295579282998,0,0.2,0.0,0,0,1
1316.82,17,2,0,44.41,947,242,3,690.14,1,0,1,0.08,1.9052869172671238,0,0.3,0.2,0,0,1
478.04,6,3,0,57.14,205,2276,5,1651.91,1,0,1,0.185,0.2892111488223799,0,0.5,0.2,0,1,0
6516.86,9,5,1,7.99,517,1377,7,700.29,1,0,0,0.112,9.292674927633362,0,0.7,0.2,0,0,1
1634.45,0,2,0,23.87,167,625,2,2071.27,0,0,0,0.342,0.7887244422782745,1,0.2,0.0,1,0,0
3070.88,22,4,0,3.54,1429,2310,3,1971.03,2,0,0,0.449,1.557217689386064,0,0.3,0.4,0,1,0
359.9,6,4,0,13.07,158,1587,3,863.13,2,0,0,0.233,0.41648825986830684,0,0.3,0.4,0,1,0
1021.76,21,2,0,38.63,1322,1999,4,4582.75,0,0,0,0.42,0.22290919007362966,0,0.4,0.0,0,0,1
924.55,5,1,0,45.72,700,1721,2,329.48,0,0,1,0.448,2.7975974340353424,1,0.2,0.0,0,0,1
1360.95,8,6,1,45.66,1171,764,0,1736.69,1,0,0,0.651,0.7831949312017679,0,0.0,0.2,1,0,0
7085.16,1,2,0,30.49,347,1149,6,1100.67,1,0,0,0.265,6.431290676881461,1,0.6,0.2,0,1,0
4204.51,12,6,1,16.78,1267,2289,3,2565.87,1,1,0,0.219,1.6379910162961118,0,0.3,0.2,0,0,1
958.58,2,2,0,21.13,352,1667,1,1198.61,0,0,0,0.373,0.7990763664857746,1,0.1,0.0,0,0,1
2105.79,2,4,0,20.53,150,772,4,1299.93,0,0,0,0.304,1.6186804824241119,1,0.4,0.0,0,0,1
4719.53,18,0,0,50.21,295,2094,4,1013.71,0,1,0,0.242,4.651112140414503,0,0.4,0.0,0,1,0
2400.16,3,4,0,76.46,87,33,0,920.13,1,0,1,0.33,2.6056691237936014,1,0.0,0.2,1,0,0
3796.02,17,3,0,73.59,234,1185,3,3414.87,0,0,0,0.071,1.1112893640565946,0,0.3,0.0,0,1,0
3133.49,12,3,0,35.21,1329,699,2,5161.73,1,1,0,0.07,0.6069443879497862,0,0.2,0.2,0,1,0
578.44,12,0,0,61.0,760,877,4,2507.58,0,0,0,0.462,0.23058463353769865,0,0.4,0.0,1,0,0
2053.63,7,3,0,56.61,404,837,1,2049.63,0,0,0,0.195,1.0014629650400122,0,0.1,0.0,1,0,0
1355.71,14,5,1,16.33,752,1033,4,1591.59,1,0,0,0.007,0.8512611532158308,0,0.4,0.2,0,1,0
3822.16,5,3,0,87.25,164,2339,1,2107.86,0,1,0,0.174,1.8124294642603112,1,0.1,0.0,0,0,1
1158.09,2,6,1,63.1,273,1844,2,839.6,0,0,0,0.447,1.377694503925767,1,0.2,0.0,0,0,1
2107.65,9,1,0,4.36,1176,1322,3,4057.42,1,0,0,0.2,0.5193277186688415,0,0.3,0.2,0,1,0
1116.0,14,0,0,17.91,886,1990,3,2032.37,0,0,0,0.109,0.548842561855442,0,0.3,0.0,0,0,1
848.87,6,0,0,102.81,1100,1441,3,897.59,1,0,1,0.497,0.9446688701187416,0,0.3,0.2,0,0,1
4764.4,3,5,1,76.53,713,1933,4,1161.82,0,0,0,0.309,4.0972807485251375,1,0.4,0.0,1,0,0
1231.15,22,1,0,24.56,724,956,5,1398.77,0,0,0,0.252,0.8795373525650644,0,0.5,0.0,0,0,1
1114.82,16,3,0,14.35,262,708,3,3892.92,0,0,1,0.191,0.28629761268849896,0,0.3,0.0,0,1,0
580.31,7,1,0,58.87,393,2346,5,1028.03,0,0,0,0.441,0.5639388550382398,0,0.5,0.0,1,0,0
899.74,9,5,1,12.36,921,354,3,1969.78,1,0,0,0.162,0.45654005013243487,0,0.3,0.2,1,0,0
4986.39,1,3,0,24.75,1414,2362,4,1851.7,0,0,0,0.087,2.6914179305877908,1,0.4,0.0,0,1,0
748.61,19,1,0,23.57,346,2328,1,655.13,2,0,0,0.303,1.1409476780516057,0,0.1,0.4,0,1,0
2659.86,1,4,0,4.46,868,1405,3,1192.71,1,0,0,0.527,2.228229637014015,1,0.3,0.2,0,0,1
611.37,13,0,0,45.31,101,2118,4,812.4,0,0,1,0.178,0.7516228178018195,0,0.4,0.0,0,0,1
9259.65,23,5,1,17.88,1104,1883,8,3126.31,0,0,0,0.256,2.9608993032350486,1,0.8,0.0,0,0,1
991.27,19,5,1,80.9,980,2442,1,3935.09,0,0,0,0.04,0.25184129427934826,0,0.1,0.0,1,0,0
1541.39,11,5,1,22.44,73,1567,4,1284.7,1,0,0,0.043,1.1988722096912188,0,0.4,0.2,1,0,0
365.26,2,4,0,92.13,22,1047,3,2454.9,1,0,1,0.066,0.1487275540535038,1,0.3,0.2,0,0,1
2540.75,7,1,0,91.35,342,1921,7,872.8,1,0,0,0.647,2.907701991302358,0,0.7,0.2,0,1,0
432.73,1,6,1,38.08,1090,296,1,3180.09,1,0,0,0.099,0.13603198903520491,1,0.1,0.2,0,0,1
2028.61,10,3,0,95.11,842,1250,2,1554.82,0,0,0,0.461,1.3038847681608412,0,0.2,0.0,0,0,1
1111.01,14,3,0,11.42,533,1258,4,924.48,1,0,0,0.567,1.2004689458443185,0,0.4,0.2,0,1,0
203.78,0,1,0,25.9,859,1568,3,2073.76,0,0,0,0.463,0.09821858913802077,1,0.3,0.0,1,0,0
2419.31,9,6,1,20.37,653,1090,4,1081.73,0,0,1,0.075,2.234453649570992,0,0.4,0.0,0,1,0
807.3,0,3,0,11.69,3,1175,3,1397.32,0,0,0,0.213,0.5773356599347789,1,0.3,0.0,0,1,0
1826.01,13,0,0,47.65,114,829,1,623.42,0,0,0,0.564,2.9243297780340156,0,0.1,0.0,0,0,1
2226.44,6,3,0,55.42,1395,1071,3,846.08,0,0,0,0.206,2.6283704018510647,0,0.3,0.0,0,0,1
2898.81,5,1,0,16.47,440,778,3,1515.2,1,0,0,0.307,1.9118915710328452,1,0.3,0.2,1,0,0
6664.55,20,0,0,38.51,421,358,3,1279.26,0,0,0,0.415,5.205622295471232,0,0.3,0.0,0,0,1
3911.68,12,4,0,33.9,140,330,4,4039.68,0,0,0,0.494,0.9680746804993219,0,0.4,0.0,1,0,0
3081.27,2,0,0,58.16,178,1043,7,474.16,0,0,0,0.277,6.484699890563179,1,0.7,0.0,1,0,0
1924.28,20,0,0,38.07,1465,1865,1,1900.18,1,0,0,0.135,1.0121503487307881,0,0.1,0.2,1,0,0
1679.23,16,6,1,27.01,320,1271,1,2378.85,0,0,1,0.488,0.7056032943252727,0,0.1,0.0,0,0,1
1985.36,12,2,0,22.43,1017,361,3,970.75,0,0,0,0.411,2.043076923076923,0,0.3,0.0,1,0,0
1918.46,3,6,1,21.73,605,2205,4,887.96,0,0,0,0.16,2.158094852411807,1,0.4,0.0,0,1,0
3682.45,11,0,0,22.23,245,1862,3,2281.63,0,0,0,0.193,1.6132487525354524,0,0.3,0.0,1,0,0
5118.08,23,4,0,3.5,1037,2172,5,745.35,0,0,0,0.256,6.8574797347089165,1,0.5,0.0,0,0,1
3365.15,15,6,1,79.0,1462,1219,0,3379.12,0,1,0,0.099,0.9955711631539709,0,0.0,0.0,0,1,0
4839.22,20,6,1,96.12,1174,670,3,6237.27,1,1,0,0.28,0.775731092113679,0,0.3,0.2,0,0,1
1292.24,8,2,0,9.45,860,2469,3,2541.67,2,0,0,0.096,0.5082216724938745,0,0.3,0.4,1,0,0
3432.35,19,4,0,24.02,921,1492,4,4109.71,0,0,0,0.435,0.8349774126610732,0,0.4,0.0,1,0,0
3352.43,9,3,0,44.6,1257,1224,4,701.61,1,1,1,0.037,4.771395226370248,0,0.4,0.2,0,1,0
1705.9,19,5,1,48.74,887,524,3,1969.1,1,0,0,0.029,0.8658951322267906,0,0.3,0.2,0,1,0
1728.43,15,3,0,39.94,447,859,2,1266.07,0,0,0,0.491,1.364115636862999,0,0.2,0.0,0,0,1
2306.65,8,0,0,60.59,1475,1390,1,1460.6,0,0,0,0.212,1.5781677613574168,0,0.1,0.0,0,0,1
3286.99,8,6,1,9.42,791,1551,3,487.22,1,0,0,0.069,6.732600057351194,0,0.3,0.2,0,1,0
1435.86,6,3,0,60.69,301,230,1,522.17,0,0,0,0.491,2.744538104249097,0,0.1,0.0,1,0,0
600.7,6,5,1,72.06,1030,131,1,854.32,0,0,1,0.472,0.7023102464574662,0,0.1,0.0,0,0,1
10624.19,14,4,0,13.12,253,199,3,543.73,0,0,0,0.331,19.503588933967286,0,0.3,0.0,1,0,0
1925.9,17,5,1,49.88,624,2152,2,1989.83,0,1,0,0.45,0.9673854623448512,0,0.2,0.0,0,0,1
579.08,22,5,1,35.09,1345,1700,5,1150.54,0,0,0,0.64,0.5028744116574327,0,0.5,0.0,1,0,0
1085.92,21,4,0,30.96,204,806,5,1840.71,0,0,0,0.143,0.5896259454528672,0,0.5,0.0,0,0,1
428.46,1,2,0,109.55,61,2109,2,2393.43,0,0,0,0.341,0.17894029059108013,1,0.2,0.0,0,0,1
2773.51,9,3,0,71.0,172,1187,3,2226.31,0,0,0,0.177,1.2452285492365232,0,0.3,0.0,0,1,0
2158.31,4,6,1,25.27,245,52,0,1263.71,1,0,1,0.252,1.7065651414158185,1,0.0,0.2,0,1,0
2407.66,8,2,0,20.02,708,109,3,934.76,0,0,0,0.182,2.5729460545439,0,0.3,0.0,0,1,0
1717.55,17,2,0,17.08,248,30,3,1150.11,1,0,0,0.285,1.492081556063278,0,0.3,0.2,0,0,1
2183.43,23,1,0,23.2,563,1354,5,439.95,1,0,0,0.506,4.95164984692142,1,0.5,0.2,0,1,0
289.97,15,2,0,100.8,1244,2062,5,734.09,0,0,0,0.193,0.39446870451237265,0,0.5,0.0,1,0,0
1300.55,21,3,0,40.2,1031,1835,3,1720.18,0,0,0,0.086,0.7556153336664381,0,0.3,0.0,0,0,1
3195.42,19,1,0,20.39,180,1290,6,1504.42,0,0,1,0.203,2.1226103014441153,0,0.6,0.0,0,0,1
2297.21,19,3,0,20.43,725,894,4,1305.59,0,0,0,0.15,1.75817203560413,0,0.4,0.0,1,0,0
4835.18,2,2,0,7.57,1458,1140,4,728.29,0,0,0,0.279,6.6299825858026304,1,0.4,0.0,0,0,1
5462.08,20,5,1,38.55,1404,73,3,1098.6,1,0,0,0.175,4.967333575845762,0,0.3,0.2,1,0,0
2529.25,0,1,0,33.21,555,345,3,2309.94,0,0,1,0.294,1.0944680519615395,1,0.3,0.0,1,0,0
9450.16,8,2,0,17.22,1439,300,2,1016.71,2,1,0,0.274,9.285710074579201,0,0.2,0.4,0,0,1
2798.38,19,4,0,41.99,213,2357,5,897.43,0,0,0,0.553,3.1147446100419622,0,0.5,0.0,0,1,0
1262.34,15,2,0,52.18,112,1766,5,1058.17,1,0,0,0.21,1.1918200100078362,0,0.5,0.2,0,0,1
1311.35,3,2,0,2.27,618,367,0,2335.06,0,0,0,0.463,0.561351163925584,1,0.0,0.0,0,0,1
2597.72,2,1,0,39.58,805,403,9,1968.66,0,0,0,0.45,1.3188672156615862,1,0.9,0.0,0,1,0
5138.23,18,2,0,71.07,587,1386,1,1674.0,0,0,0,0.037,3.0675999999999997,0,0.1,0.0,0,0,1
710.59,1,0,0,13.89,877,1521,3,2344.79,0,0,0,0.452,0.3029214038767324,1,0.3,0.0,0,1,0
5209.19,6,5,1,31.61,1458,1209,0,1225.61,1,0,0,0.046,4.24681846715745,0,0.0,0.2,0,0,1
1878.63,5,3,0,17.27,883,1238,5,504.57,2,0,0,0.233,3.7158652609925436,1,0.5,0.4,1,0,0
3950.0,1,2,0,22.82,1493,68,2,637.85,0,0,0,0.078,6.18298505126399,1,0.2,0.0,1,0,0
3820.99,4,1,0,28.41,97,477,4,1191.65,0,0,0,0.369,3.2037814949901477,1,0.4,0.0,0,0,1
305.39,5,6,1,6.4,1269,516,3,3116.0,0,0,0,0.33,0.09797561758100737,1,0.3,0.0,1,0,0
11902.81,6,5,1,1.49,1460,2056,0,581.9,0,0,0,0.474,20.41998627551896,0,0.0,0.0,0,0,1
915.09,9,2,0,27.98,776,152,3,2969.74,1,0,0,0.625,0.30803436180884225,0,0.3,0.2,0,1,0
1530.79,20,6,1,0.5,57,947,5,960.47,0,1,0,0.367,1.5921349600091526,0,0.5,0.0,1,0,0
541.41,21,0,0,13.57,1183,566,2,3103.71,0,0,0,0.182,0.17438343677831422,0,0.2,0.0,0,0,1
3255.41,13,3,0,23.28,610,379,3,1463.73,1,0,0,0.627,2.222532480388877,0,0.3,0.2,0,1,0
684.53,19,2,0,32.29,538,2418,2,1016.51,0,0,0,0.36,0.6727501449617203,0,0.2,0.0,1,0,0
4879.02,2,4,0,58.85,912,1318,4,717.14,1,1,1,0.209,6.793967750020888,1,0.4,0.2,0,0,1
4953.44,23,5,1,17.91,599,1233,2,379.13,1,0,0,0.25,13.03091047799437,1,0.2,0.2,1,0,0
178.11,15,6,1,29.99,87,1605,4,1458.98,1,0,0,0.133,0.12199482184687463,0,0.4,0.2,0,0,1
2657.79,21,5,1,13.61,889,243,3,723.43,0,0,0,0.218,3.668801678561076,0,0.3,0.0,0,0,1
331.18,7,2,0,28.02,862,1037,3,2054.5,0,0,0,0.387,0.16111894916078814,0,0.3,0.0,1,0,0
2782.72,10,1,0,9.78,46,106,4,1486.63,0,1,0,0.102,1.8705726558351201,0,0.4,0.0,0,0,1
359.06,16,4,0,23.42,757,1513,4,4791.57,0,0,1,0.277,0.07492013679508072,0,0.4,0.0,0,0,1
555.31,8,6,1,1.7,1171,757,5,2010.89,1,1,0,0.599,0.27601409619810224,0,0.5,0.2,0,0,1
1140.82,23,4,0,68.75,1194,419,5,3122.04,0,0,0,0.254,0.3652915108355961,1,0.5,0.0,0,0,1
3973.66,13,2,0,5.37,854,688,4,4709.21,0,0,0,0.314,0.8436269295848805,0,0.4,0.0,1,0,0
1026.65,22,6,1,2.29,1460,313,5,1272.55,1,0,0,0.206,0.8061324643712459,0,0.5,0.2,1,0,0
381.84,7,0,0,57.96,1289,1902,2,1399.6,0,0,0,0.075,0.27262601742110526,0,0.2,0.0,0,0,1
1363.68,13,3,0,51.52,1306,1592,4,1014.97,2,0,0,0.326,1.3422443576089846,0,0.4,0.4,0,1,0
513.74,10,3,0,48.03,655,1662,3,1598.85,0,1,0,0.039,0.3211176047754477,0,0.3,0.0,0,0,1
2437.16,13,0,0,15.92,1166,84,2,1645.85,0,0,1,0.165,1.4798919148677778,0,0.2,0.0,0,1,0
1300.18,12,2,0,34.05,1214,1232,0,1756.78,0,0,0,0.113,0.7396716312621603,0,0.0,0.0,0,0,1
673.11,5,0,0,18.7,1232,1888,4,1027.85,0,0,0,0.862,0.6542353112698645,1,0.4,0.0,1,0,0
3362.81,5,3,0,25.18,1332,1803,1,1814.44,0,0,0,0.189,1.8523388269510421,1,0.1,0.0,1,0,0
1201.64,10,4,0,0.34,565,977,4,1101.33,0,0,0,0.186,1.0900909890867527,0,0.4,0.0,1,0,0
1577.8,2,1,0,27.34,1077,66,3,1006.03,0,0,0,0.595,1.5667854979494156,1,0.3,0.0,0,1,0
4677.38,12,0,0,41.33,182,2184,1,3044.19,0,0,0,0.727,1.5359895441663738,0,0.1,0.0,1,0,0
803.82,14,3,0,0.59,631,350,5,3707.6,1,1,0,0.345,0.21674486329072967,0,0.5,0.2,0,0,1
1290.12,12,2,0,2.92,881,764,3,884.19,0,0,0,0.02,1.4574498130344895,0,0.3,0.0,0,1,0
546.52,1,4,0,21.02,704,2319,0,1118.55,0,0,0,0.439,0.48816042159796347,1,0.0,0.0,1,0,0
2427.89,22,6,1,47.22,1398,1668,6,1642.8,1,0,0,0.393,1.4769984182990632,0,0.6,0.2,0,1,0
2622.78,2,4,0,114.92,121,556,3,648.24,0,0,0,0.413,4.039769576735876,1,0.3,0.0,0,0,1
8099.68,6,1,0,9.87,1145,1027,3,1236.6,0,0,0,0.043,6.544667097608275,0,0.3,0.0,1,0,0
6173.77,13,4,0,70.16,1154,755,2,4260.17,0,1,0,0.21,1.448843862131762,0,0.2,0.0,0,0,1
1137.85,8,5,1,19.83,825,329,4,1685.95,0,0,0,0.796,0.6745013189483979,0,0.4,0.0,0,1,0
1508.37,13,0,0,11.6,263,2205,7,2099.39,0,1,0,0.395,0.7181380600745576,0,0.7,0.0,0,0,1
2618.06,12,4,0,37.46,210,953,1,923.5,0,1,0,0.399,2.831865873445105,0,0.1,0.0,1,0,0
1788.94,16,1,0,31.18,813,2150,4,1270.37,0,0,0,0.126,1.4070962819635513,0,0.4,0.0,0,1,0
2368.19,17,5,1,4.15,1429,1029,1,1156.25,0,1,0,0.652,2.046394469647872,0,0.1,0.0,0,0,1
997.71,16,1,0,0.57,648,907,1,763.75,0,0,0,0.386,1.3046224256292906,0,0.1,0.0,0,1,0
3164.65,12,4,0,21.46,535,457,4,1481.5,0,0,1,0.176,2.1346711635750424,0,0.4,0.0,0,0,1
5259.1,3,6,1,57.71,507,74,3,1603.81,1,0,0,0.382,3.2770857609312007,1,0.3,0.2,0,1,0
12345.1,15,5,1,15.96,2,39,6,1778.35,1,0,0,0.712,6.937982971309748,0,0.6,0.2,0,0,1
1159.66,18,4,0,1.02,37,143,4,834.83,0,0,0,0.234,1.3874352440089492,0,0.4,0.0,0,1,0
7243.15,0,1,0,2.51,837,345,1,2211.21,1,0,0,0.225,3.2741692696443825,1,0.1,0.2,0,1,0
2408.02,20,4,0,1.25,791,581,1,946.59,0,1,0,0.377,2.5412045293850714,0,0.1,0.0,1,0,0
197.69,0,3,0,38.41,866,138,2,1820.78,1,0,0,0.267,0.10851474931111331,1,0.2,0.2,0,0,1
1384.11,5,1,0,24.33,1218,1517,2,457.25,0,0,0,0.105,3.0204255319148934,1,0.2,0.0,0,0,1
528.94,10,4,0,3.05,332,627,1,3773.55,0,1,0,0.406,0.1401332609185201,0,0.1,0.0,0,1,0
1704.92,4,1,0,34.53,349,2207,1,2177.46,0,0,0,0.265,0.7826262589168496,1,0.1,0.0,0,1,0
965.58,9,4,0,3.8,1373,524,4,3167.47,0,1,0,0.227,0.30474645491357033,0,0.4,0.0,1,0,0
5893.89,8,4,0,36.13,1161,2204,6,1566.86,1,0,0,0.316,3.759194060694195,0,0.6,0.2,1,0,0
378.9,3,1,0,102.54,529,1426,7,1583.48,0,0,0,0.249,0.2391320811875189,1,0.7,0.0,1,0,0
2718.95,23,5,1,42.39,860,1452,3,1475.62,1,1,0,0.14,1.8413335861629938,1,0.3,0.2,1,0,0
1739.86,7,6,1,26.85,832,431,4,2019.88,2,0,1,0.227,0.8609417679426783,0,0.4,0.4,0,1,0
561.37,16,3,0,43.54,442,1446,2,1280.89,1,0,0,0.27,0.43792369080030263,0,0.2,0.2,1,0,0
1413.73,0,6,1,33.14,198,760,5,8785.66,0,0,0,0.092,0.16089503861535556,1,0.5,0.0,0,0,1
6443.37,0,5,1,21.96,970,1580,5,1221.01,0,0,0,0.258,5.2727637253377635,1,0.5,0.0,1,0,0
1249.92,1,1,0,3.53,125,787,3,2247.87,1,0,0,0.272,0.5557991346765265,1,0.3,0.2,0,0,1
412.76,22,3,0,16.19,1003,1747,1,3572.18,0,0,0,0.084,0.11551615087960865,0,0.1,0.0,0,0,1
4048.34,14,2,0,57.32,361,2488,2,815.95,0,0,0,0.208,4.955431788971173,0,0.2,0.0,0,1,0
4403.94,14,3,0,70.0,293,1687,4,2524.38,0,0,0,0.33,1.7438722093308727,0,0.4,0.0,0,0,1
5954.63,2,4,0,1.46,551,2120,4,3651.45,0,0,0,0.222,1.6303111610015197,1,0.4,0.0,0,1,0
2991.59,5,2,0,9.26,685,2051,3,3947.53,1,1,0,0.282,0.7576465165517293,1,0.3,0.2,0,1,0
191.46,3,5,1,21.2,1350,1248,2,727.59,2,0,0,0.36,0.2627815369412152,1,0.2,0.4,0,1,0
1398.81,15,0,0,40.14,1170,1074,1,1324.22,0,0,0,0.417,1.0555304024992076,0,0.1,0.0,0,0,1
2367.65,2,5,1,5.9,1009,2024,4,602.73,1,0,0,0.14,3.921703410464943,1,0.4,0.2,0,0,1
2684.4,17,6,1,42.03,883,1329,2,4904.92,1,0,0,0.22,0.5471756571652208,0,0.2,0.2,0,0,1
8500.42,4,3,0,18.14,914,1693,3,2685.01,0,0,0,0.3,3.164701546159545,1,0.3,0.0,1,0,0
8307.85,18,3,0,16.59,525,1456,1,1644.86,0,0,1,0.244,5.047725808999551,0,0.1,0.0,0,1,0
3676.6,7,0,0,48.95,1021,321,5,1080.33,0,0,0,0.08,3.4000721333912867,0,0.5,0.0,0,0,1
1624.55,15,2,0,24.87,457,2384,5,770.39,1,0,0,0.07,2.106003448320564,0,0.5,0.2,0,1,0
4064.74,23,2,0,33.72,1107,1294,2,4999.71,0,1,0,0.442,0.812832577773956,1,0.2,0.0,1,0,0
739.98,22,5,1,68.08,545,253,5,1323.19,2,0,0,0.079,0.5588170881822095,0,0.5,0.4,0,0,1
4068.1,20,1,0,3.56,930,1244,3,693.66,0,0,1,0.268,5.856246221172948,0,0.3,0.0,0,1,0
662.44,5,3,0,9.49,727,443,1,326.04,0,0,0,0.216,2.025562622309198,1,0.1,0.0,0,1,0
1994.81,18,4,0,62.84,580,1623,3,2333.46,0,1,0,0.287,0.8545059671187341,0,0.3,0.0,0,0,1
2498.29,1,4,0,4.78,628,2017,2,1363.62,0,0,0,0.024,1.8307587460245345,1,0.2,0.0,1,0,0
1026.16,14,2,0,36.26,1242,1120,1,2659.0,0,0,0,0.352,0.3857744360902256,0,0.1,0.0,1,0,0
4275.38,10,1,0,23.36,187,2442,4,471.42,0,0,0,0.604,9.049955548029295,0,0.4,0.0,0,1,0
550.86,22,6,1,47.59,557,696,4,1935.33,1,0,0,0.662,0.2844866319274091,0,0.4,0.2,1,0,0
144.56,6,3,0,45.93,301,2329,3,222.98,0,0,0,0.56,0.6454147691758193,0,0.3,0.0,0,1,0
1129.39,23,2,0,31.18,245,2385,6,2249.8,1,0,0,0.184,0.5017727030389195,1,0.6,0.2,1,0,0
1175.97,23,4,0,26.36,184,1134,1,4996.68,0,0,0,0.29,0.23530318067583358,1,0.1,0.0,0,1,0
1240.03,20,4,0,12.72,1035,2454,5,1635.92,0,0,0,0.124,0.7575385480047895,0,0.5,0.0,1,0,0
1165.88,12,1,0,15.72,534,635,4,1271.83,1,0,0,0.038,0.9159746391898369,0,0.4,0.2,0,0,1
1795.06,19,4,0,2.92,474,1862,2,1433.27,1,0,0,0.147,1.2515495687701756,0,0.2,0.2,0,0,1
10751.52,4,0,0,29.47,767,1512,4,497.64,1,0,0,0.25,21.561687790790952,1,0.4,0.2,0,1,0
253.7,1,3,0,4.7,161,1126,1,1176.63,1,0,0,0.493,0.21543269108293772,1,0.1,0.2,0,0,1
13084.79,0,3,0,4.77,1476,2050,3,3660.46,0,0,0,0.198,3.5736536791334608,1,0.3,0.0,1,0,0
2595.09,23,0,0,20.2,696,1119,2,686.53,0,1,0,0.379,3.77451165767312,1,0.2,0.0,0,0,1
574.84,12,1,0,18.19,1491,43,5,897.55,0,0,0,0.291,0.6397418062433922,0,0.5,0.0,0,0,1
627.31,1,3,0,19.38,294,2437,2,876.51,0,0,0,0.52,0.7148750441590409,1,0.2,0.0,0,0,1
1128.95,7,0,0,19.15,795,492,3,2147.34,0,0,0,0.237,0.5254987571799622,0,0.3,0.0,0,1,0
1260.23,17,3,0,15.66,269,2454,2,1461.56,0,1,0,0.198,0.8616603763264413,0,0.2,0.0,1,0,0
557.29,6,4,0,75.69,1307,1170,1,934.65,0,1,0,0.17,0.5956180195585956,0,0.1,0.0,0,0,1
2553.52,4,5,1,16.19,29,326,4,434.72,0,1,0,0.093,5.860460846415129,1,0.4,0.0,1,0,0
451.42,11,6,1,22.13,1097,369,2,1439.79,0,0,0,0.177,0.31331422344685905,0,0.2,0.0,0,0,1
614.39,15,1,0,23.04,860,1286,3,750.54,0,0,0,0.17,0.817508050137052,0,0.3,0.0,0,1,0
954.73,0,5,1,21.91,1484,255,0,432.06,0,0,0,0.424,2.204613679397774,1,0.0,0.0,0,1,0
6070.1,9,2,0,13.61,832,1009,3,2088.72,1,0,0,0.098,2.90474321918726,0,0.3,0.2,0,1,0
725.03,21,2,0,22.89,1470,283,6,3052.81,0,1,0,0.25,0.23741817598344364,0,0.6,0.0,0,0,1
12742.14,6,6,1,106.67,774,213,0,443.54,0,0,0,0.261,28.663652314752326,0,0.0,0.0,0,1,0
1980.02,20,2,0,14.94,1135,498,0,729.26,0,1,0,0.088,2.7113904636704738,0,0.0,0.0,0,1,0
327.69,4,5,1,20.68,318,819,3,830.36,0,0,0,0.046,0.3941613741339492,1,0.3,0.0,0,1,0
1918.12,1,2,0,3.01,771,1430,4,1172.4,1,0,0,0.076,1.6346684847451847,1,0.4,0.2,0,0,1
903.42,0,0,0,18.15,1237,803,6,1907.95,0,0,0,0.138,0.473254930721077,1,0.6,0.0,1,0,0
689.63,17,6,1,31.73,41,1664,4,1703.52,0,1,0,0.267,0.4045889751953629,0,0.4,0.0,0,1,0
8380.83,23,1,0,27.84,56,991,5,2517.79,1,0,0,0.229,3.327323834063181,1,0.5,0.2,0,0,1
1604.09,18,2,0,98.2,175,1487,1,2421.35,0,0,0,0.331,0.6622040580428097,0,0.1,0.0,0,1,0
3369.59,15,5,1,117.66,1452,2364,3,2040.53,0,0,0,0.307,1.6505219124872033,0,0.3,0.0,0,1,0
3659.61,5,0,0,45.64,1250,1674,1,1113.37,1,0,0,0.243,3.2840169782029314,1,0.1,0.2,0,0,1
3001.24,23,6,1,54.29,1045,2477,3,1535.97,0,0,1,0.039,1.9526991418179924,1,0.3,0.0,0,1,0
3679.81,11,4,0,16.43,1487,1563,1,342.58,1,0,0,0.147,10.710198498166367,0,0.1,0.2,0,0,1
244.23,12,6,1,3.59,117,1058,2,733.11,0,0,0,0.488,0.33268856165969674,0,0.2,0.0,0,1,0
2340.34,12,6,1,70.68,978,2151,2,564.6,0,0,0,0.086,4.1378005657708625,0,0.2,0.0,0,0,1
2089.83,3,1,0,15.02,1456,1108,4,5104.16,0,0,0,0.269,0.4093564158615989,1,0.4,0.0,0,1,0
3640.31,10,0,0,32.66,28,1607,3,952.75,0,0,0,0.308,3.8168387942332895,0,0.3,0.0,0,1,0
11749.66,12,3,0,40.97,260,2354,2,4043.09,0,0,0,0.112,2.9053903350321084,0,0.2,0.0,0,1,0
2820.35,22,2,0,5.28,239,2430,3,972.71,0,0,0,0.169,2.896498957595177,0,0.3,0.0,0,1,0
269.99,0,0,0,10.48,904,824,6,1313.47,0,0,0,0.502,0.2053983734889347,1,0.6,0.0,0,0,1
5037.84,8,3,0,29.49,989,868,3,1732.38,1,0,0,0.207,2.9063679054794678,0,0.3,0.2,0,1,0
2412.06,1,5,1,55.98,1288,2468,3,750.2,0,0,0,0.161,3.210942492012779,1,0.3,0.0,0,1,0
2655.95,23,5,1,10.67,1194,208,0,1147.48,2,1,0,0.113,2.312578364446921,1,0.0,0.4,0,0,1
516.36,14,4,0,8.57,755,474,4,915.34,1,1,0,0.135,0.5635026300281555,0,0.4,0.2,0,0,1
2854.66,22,5,1,28.66,783,620,3,1434.63,0,0,0,0.134,1.9884371321301446,0,0.3,0.0,0,0,1
2717.29,13,6,1,39.92,1382,482,3,1325.9,0,0,0,0.62,2.0478483683774207,0,0.3,0.0,0,1,0
1622.36,10,0,0,51.42,1106,1764,1,924.77,0,0,0,0.48,1.7524439115547057,0,0.1,0.0,1,0,0
1927.54,1,6,1,10.84,227,223,3,2910.8,1,0,0,0.4,0.6619754103990658,1,0.3,0.2,1,0,0
4047.11,12,0,0,8.9,875,556,6,2662.82,0,0,0,0.259,1.5192880900361134,0,0.6,0.0,0,0,1
27338.88,13,5,1,41.32,1094,439,1,631.83,0,0,1,0.312,43.20098604680562,0,0.1,0.0,0,0,1
1017.13,10,6,1,9.36,695,2087,4,1700.95,0,0,0,0.093,0.5976262522400776,0,0.4,0.0,1,0,0
3002.22,9,4,0,3.14,1051,202,4,3826.61,0,0,0,0.224,0.7843589080392203,0,0.4,0.0,0,0,1
1258.48,16,1,0,29.28,195,900,2,1783.62,0,1,0,0.388,0.7051809348768926,0,0.2,0.0,0,0,1
2039.03,13,4,0,15.23,1050,697,1,841.98,0,0,0,0.226,2.4188355595625044,0,0.1,0.0,0,1,0
1261.83,0,5,1,8.59,974,1358,4,1721.22,0,1,1,0.012,0.7326764292599087,1,0.4,0.0,0,1,0
761.2,2,0,0,19.19,9,446,3,913.38,0,0,0,0.588,0.8324766508453816,1,0.3,0.0,1,0,0
5660.94,21,0,0,26.93,914,273,1,7089.1,0,0,0,0.3,0.7984287950804642,0,0.1,0.0,1,0,0
1158.9,3,3,0,10.78,640,302,1,1357.24,2,0,0,0.352,0.8532365414065262,1,0.1,0.4,1,0,0
5144.36,17,3,0,16.38,1049,422,5,4754.4,0,0,0,0.318,1.0817933296883544,0,0.5,0.0,0,1,0
2131.59,22,1,0,20.66,984,743,2,2116.72,0,0,0,0.305,1.0065494966284496,0,0.2,0.0,0,1,0
5157.93,21,2,0,44.71,1137,2310,6,1759.04,0,0,0,0.307,2.93057544146724,0,0.6,0.0,0,0,1
584.14,19,5,1,13.54,399,60,2,2813.97,1,0,0,0.101,0.2075119805894912,0,0.2,0.2,0,1,0
1847.2,21,5,1,3.91,340,157,2,1444.4,0,0,0,0.253,1.2779853327798534,0,0.2,0.0,0,1,0
4565.37,4,4,0,6.29,49,1604,1,1925.11,0,0,0,0.074,2.370254035335469,1,0.1,0.0,0,1,0
7637.74,0,2,0,35.08,1348,1944,5,1537.94,0,0,1,0.225,4.962987510884115,1,0.5,0.0,1,0,0
724.75,14,1,0,1.63,91,1386,1,2693.94,0,1,1,0.712,0.268929920517711,0,0.1,0.0,0,0,1
858.78,19,2,0,23.73,1160,1039,2,4388.47,1,1,0,0.561,0.19564548795184838,0,0.2,0.2,1,0,0
803.2,2,6,1,28.98,1181,913,2,686.84,0,0,0,0.17,1.1677134217259828,1,0.2,0.0,1,0,0
56.33,14,4,0,24.13,781,438,4,1048.67,0,0,0,0.326,0.05366448502862804,0,0.4,0.0,1,0,0
1117.66,6,1,0,69.23,127,2469,0,1693.76,0,1,0,0.1,0.659479808350445,0,0.0,0.0,0,0,1
2962.81,3,6,1,12.05,1334,964,2,2055.25,0,0,0,0.19,1.440880243161094,1,0.2,0.0,0,0,1
2283.09,1,0,0,17.02,1014,1500,5,2041.88,0,0,0,0.71,1.1175839990601504,1,0.5,0.0,0,1,0
10335.02,18,2,0,27.47,274,88,2,939.69,1,0,0,0.424,10.986637468241398,0,0.2,0.2,1,0,0
1939.61,17,0,0,31.63,755,1086,0,865.89,1,0,1,0.18,2.2374349686811477,0,0.0,0.2,1,0,0
1415.72,5,6,1,15.31,214,317,8,1606.74,0,0,0,0.149,0.8805652655280083,1,0.8,0.0,1,0,0
2035.65,20,4,0,46.96,747,1670,0,1214.72,0,0,0,0.026,1.67443983812062,0,0.0,0.0,0,1,0
1703.01,13,5,1,27.34,342,848,1,1598.08,1,0,0,0.209,1.0649936213322662,0,0.1,0.2,0,1,0
9089.87,15,3,0,12.31,1000,1362,2,869.59,0,0,0,0.404,10.441045727610012,0,0.2,0.0,1,0,0
3143.98,17,5,1,31.5,833,1490,6,511.86,0,0,0,0.153,6.130288967749483,0,0.6,0.0,1,0,0
1786.06,17,0,0,14.56,13,2033,1,2075.56,1,0,0,0.248,0.8601051739415186,0,0.1,0.2,0,0,1
2184.74,5,1,0,52.09,1198,1765,3,1852.2,0,0,0,0.538,1.1789013598100582,1,0.3,0.0,1,0,0
4611.01,10,0,0,12.47,1222,1049,4,2350.64,2,1,0,0.169,1.9607635522443914,0,0.4,0.4,0,0,1
1988.45,12,4,0,19.52,1011,2320,6,787.3,0,0,0,0.189,2.52245338069263,0,0.6,0.0,0,0,1
2111.34,3,2,0,1.85,880,1357,4,1677.46,0,1,1,0.276,1.2579030778213363,1,0.4,0.0,0,1,0
1568.48,3,1,0,32.41,974,587,3,1183.86,0,0,0,0.109,1.3237682089023177,1,0.3,0.0,1,0,0
3802.6,16,6,1,31.41,981,855,2,4873.27,0,0,0,0.385,0.7801373333853069,0,0.2,0.0,1,0,0
1443.49,2,3,0,6.75,1459,1816,2,1186.62,0,0,0,0.277,1.215447702126943,1,0.2,0.0,0,1,0
815.65,18,2,0,24.03,522,1542,5,845.96,2,0,0,0.264,0.9630324926797015,0,0.5,0.4,0,0,1
1380.63,12,4,0,23.07,1188,776,4,4236.84,1,0,0,0.227,0.3257862495988523,0,0.4,0.2,1,0,0
820.69,1,2,0,82.78,807,725,2,4853.74,1,0,0,0.253,0.16904921787778543,1,0.2,0.2,0,1,0
3398.91,13,1,0,62.53,186,198,3,1630.16,0,0,0,0.346,2.083737953358346,0,0.3,0.0,0,1,0
8764.54,2,4,0,10.34,1111,2286,4,1418.59,0,0,0,0.184,6.1739938996470825,1,0.4,0.0,1,0,0
4302.15,1,6,1,2.21,952,1692,5,2475.77,1,1,0,0.085,1.7370002059133467,1,0.5,0.2,0,1,0
1052.02,1,4,0,9.1,1194,1729,2,5439.1,0,0,0,0.487,0.1933824745868642,1,0.2,0.0,0,1,0
8813.7,1,4,0,49.18,781,1736,4,3828.04,0,0,0,0.333,2.3018041075569857,1,0.4,0.0,0,0,1
2343.93,5,3,0,26.37,255,1422,3,657.68,0,0,0,0.293,3.5585261431954818,1,0.3,0.0,0,1,0
2236.09,1,3,0,55.47,1261,1680,6,4492.63,0,0,0,0.332,0.49761328814343864,1,0.6,0.0,0,0,1
400.01,16,6,1,9.49,1135,1514,3,5701.68,0,0,0,0.124,0.07014421289639257,0,0.3,0.0,0,1,0
1154.82,8,5,1,8.69,1166,1570,2,2259.17,0,0,0,0.344,0.5109438670542481,0,0.2,0.0,0,0,1
1301.23,9,2,0,3.35,374,1757,5,521.5,1,0,0,0.269,2.4903923444976077,0,0.5,0.2,0,0,1
4781.33,18,0,0,0.88,40,1185,0,777.72,0,1,0,0.213,6.1399861310869115,0,0.0,0.0,1,0,0
3856.76,2,4,0,0.57,1008,119,3,1333.4,1,0,0,0.196,2.890257793764988,1,0.3,0.2,0,0,1
5999.83,7,5,1,55.79,85,2101,4,4203.68,1,0,0,0.289,1.426940932484755,0,0.4,0.2,0,0,1
456.67,5,2,0,45.29,1037,1906,5,700.35,0,0,0,0.476,0.6511299636415484,1,0.5,0.0,1,0,0
991.94,7,3,0,18.99,1297,2424,4,1691.59,0,1,0,0.147,0.5860486000744421,0,0.4,0.0,0,1,0
17563.32,4,1,0,34.52,702,660,1,1385.99,0,0,0,0.112,12.662903121147233,1,0.1,0.0,0,0,1
2028.84,23,1,0,17.13,1152,2109,5,1497.25,0,0,0,0.205,1.3541398298014349,1,0.5,0.0,1,0,0
1372.01,19,1,0,24.87,970,2481,1,595.71,1,0,0,0.423,2.299291112935932,0,0.1,0.2,1,0,0
496.55,2,5,1,7.95,1041,1133,2,576.04,0,0,0,0.139,0.8605122695133787,1,0.2,0.0,0,0,1
641.03,3,3,0,63.08,614,1591,3,1845.27,0,0,1,0.358,0.3472027384943697,1,0.3,0.0,1,0,0
3325.98,0,5,1,55.74,33,2402,4,1487.09,0,0,0,0.161,2.2350664274338246,1,0.4,0.0,0,0,1
2252.51,21,5,1,62.91,962,1178,1,2106.73,2,0,0,0.173,1.068690012477879,0,0.1,0.4,0,0,1
159.67,11,1,0,17.29,1173,2367,3,661.56,0,0,0,0.57,0.2409894952909925,0,0.3,0.0,1,0,0
1621.09,5,1,0,7.56,468,1689,4,4696.67,0,0,0,0.291,0.34508383943529447,1,0.4,0.0,0,1,0
1418.88,12,3,0,43.62,644,736,3,939.11,0,0,0,0.214,1.5092701917860676,0,0.3,0.0,0,1,0
1265.49,15,3,0,44.59,438,2295,1,1524.43,1,0,0,0.561,0.8295955894403545,0,0.1,0.2,1,0,0
3639.33,13,5,1,30.73,72,2345,2,304.82,0,0,0,0.163,11.900235432607417,0,0.2,0.0,0,0,1
5294.58,12,3,0,6.97,1154,1646,5,2445.58,1,0,0,0.22,2.16407393177415,0,0.5,0.2,0,1,0
9673.08,9,1,0,47.12,1145,2316,5,3084.91,0,1,0,0.263,3.1345956298142204,0,0.5,0.0,1,0,0
2286.51,20,5,1,71.95,606,244,5,3445.21,0,0,0,0.303,0.6634853940996052,0,0.5,0.0,0,0,1
3235.68,19,0,0,11.43,1193,409,5,642.77,0,0,0,0.064,5.026142877114498,0,0.5,0.0,0,0,1
3216.83,22,4,0,56.05,971,1226,5,1850.41,0,0,0,0.33,1.7375027681604829,0,0.5,0.0,0,0,1
4327.37,1,2,0,32.75,814,1767,7,1704.79,1,0,0,0.243,2.5368714789042026,1,0.7,0.2,0,1,0
5960.16,15,1,0,5.67,1240,953,1,1360.22,0,0,0,0.311,4.378542777802266,0,0.1,0.0,0,1,0
764.59,13,1,0,3.42,1175,2125,2,632.11,0,0,0,0.277,1.2076732321397545,0,0.2,0.0,0,1,0
1306.88,21,2,0,91.95,1085,371,2,1026.83,0,0,0,0.186,1.271494313261921,0,0.2,0.0,0,1,0
462.8,17,5,1,77.81,788,2275,1,333.36,1,0,0,0.163,1.3841368584758942,0,0.1,0.2,0,0,1
1459.43,14,3,0,37.27,421,795,4,2645.63,1,0,0,0.385,0.5514295538099394,0,0.4,0.2,0,1,0
1097.6,4,1,0,28.06,954,1918,3,1592.68,1,1,0,0.052,0.6887204457607549,1,0.3,0.2,0,1,0
349.54,19,0,0,5.27,282,2430,2,1324.53,0,0,0,0.541,0.2636982942671988,0,0.2,0.0,0,1,0
1277.01,7,3,0,52.01,440,840,4,3166.53,0,0,0,0.277,0.40315640262286384,0,0.4,0.0,1,0,0
4411.88,11,6,1,43.28,4,713,4,4672.32,0,0,0,0.369,0.9440569017315315,0,0.4,0.0,0,1,0
3717.69,9,0,0,43.14,574,971,2,1542.59,0,0,0,0.144,2.4084698657026804,0,0.2,0.0,1,0,0
4270.9,5,2,0,4.7,746,2452,3,1182.59,0,0,1,0.186,3.608428594361223,1,0.3,0.0,0,1,0
5208.01,4,4,0,60.45,410,2475,7,3960.29,0,1,0,0.414,1.3147257585281562,1,0.7,0.0,0,0,1
8113.2,1,1,0,36.97,1014,174,4,2512.84,0,0,0,0.44,3.227413041402794,1,0.4,0.0,0,0,1
2124.93,5,5,1,38.46,702,2208,3,1376.75,0,0,0,0.416,1.5423189983669023,1,0.3,0.0,0,1,0
3582.57,9,4,0,5.03,80,1362,4,1422.51,0,0,0,0.181,2.516715723809457,0,0.4,0.0,0,1,0
2713.99,5,1,0,5.75,972,1644,3,1114.93,0,0,0,0.166,2.4320432285179177,1,0.3,0.0,0,1,0
1884.18,20,1,0,27.51,417,673,1,3030.78,0,0,0,0.222,0.6214764923576249,0,0.1,0.0,0,0,1
2167.58,1,4,0,34.65,160,1147,5,437.87,0,0,0,0.064,4.939002438079613,1,0.5,0.0,1,0,0
623.68,22,6,1,13.32,64,2197,2,1151.06,0,0,0,0.345,0.5413606930194608,0,0.2,0.0,0,1,0
2007.35,5,1,0,23.55,1301,1663,2,657.04,1,0,0,0.37,3.050498449942253,1,0.2,0.2,0,1,0
1261.11,21,3,0,83.51,329,1053,0,1079.12,0,0,0,0.205,1.1675647150316633,0,0.0,0.0,0,1,0
1046.29,6,2,0,4.22,1043,1756,4,2431.63,1,1,0,0.428,0.43010651023789065,0,0.4,0.2,0,1,0
1458.9,7,1,0,32.83,75,2172,3,1218.17,2,0,0,0.317,1.1966337754373877,0,0.3,0.4,0,1,0
1019.84,8,6,1,38.01,366,2264,1,2022.58,0,0,1,0.741,0.503978098221963,0,0.1,0.0,0,1,0
934.36,22,1,0,30.13,692,1335,5,457.88,0,0,0,0.305,2.0361750348675036,0,0.5,0.0,0,1,0
3352.62,23,4,0,46.72,918,131,1,349.93,0,0,0,0.146,9.553529193856324,1,0.1,0.0,0,0,1
5459.43,4,0,0,20.59,245,1030,3,1560.83,0,0,1,0.27,3.495534085015655,1,0.3,0.0,0,1,0
2517.95,20,5,1,26.32,1122,2166,4,1787.73,0,0,0,0.368,1.407674718934663,0,0.4,0.0,0,0,1
377.31,7,4,0,33.6,620,2259,1,467.27,0,0,0,0.104,0.8057530911653533,0,0.1,0.0,1,0,0
1193.75,12,4,0,10.24,1013,1842,4,2347.99,0,0,0,0.176,0.5081971400474247,0,0.4,0.0,1,0,0
6549.09,10,4,0,81.38,162,1659,2,1098.0,1,0,0,0.167,5.959135577797999,0,0.2,0.2,0,1,0
730.23,7,1,0,38.1,144,448,2,2531.04,0,0,0,0.4,0.2883959179159887,0,0.2,0.0,1,0,0
1708.0,2,3,0,46.58,205,264,1,759.2,0,0,0,0.255,2.2467771639042358,1,0.1,0.0,0,0,1
1158.35,0,4,0,58.48,667,747,4,5585.55,0,0,1,0.129,0.20734621546392673,1,0.4,0.0,0,0,1
1465.96,0,2,0,44.72,574,1050,4,561.25,1,0,0,0.402,2.607309915518008,1,0.4,0.2,0,0,1
646.74,11,6,1,63.51,750,1961,2,2049.54,0,0,0,0.385,0.31539984589425224,0,0.2,0.0,1,0,0
170.45,10,6,1,19.39,1378,403,4,440.3,0,0,1,0.259,0.38624518468162244,0,0.4,0.0,0,0,1
3072.78,16,6,1,45.34,257,2396,5,1759.45,0,0,0,0.368,1.7454514470731917,0,0.5,0.0,1,0,0
5042.01,0,2,0,25.65,409,2168,1,2234.53,0,0,0,0.334,2.2553980487848517,1,0.1,0.0,0,0,1
2384.81,19,5,1,30.82,924,289,4,841.86,0,1,0,0.247,2.829426001945756,0,0.4,0.0,0,0,1
3997.95,0,5,1,8.84,276,1737,2,865.91,0,0,0,0.357,4.6117244004567945,1,0.2,0.0,0,1,0
5624.36,0,6,1,35.62,987,48,6,642.1,0,0,0,0.294,8.74570051313948,1,0.6,0.0,0,0,1
1310.9,20,1,0,13.28,787,1214,5,861.29,0,0,0,0.16,1.5202542068213711,0,0.5,0.0,0,1,0
1778.76,23,1,0,12.17,1295,1712,3,957.63,0,1,0,0.346,1.8555229859278346,1,0.3,0.0,0,0,1
8923.15,12,2,0,19.05,430,1618,2,1275.47,0,0,0,0.158,6.990489396538892,0,0.2,0.0,0,0,1
6857.59,3,0,0,17.25,226,149,7,951.29,0,0,0,0.142,7.201157210513604,1,0.7,0.0,0,1,0
989.95,0,4,0,18.36,1136,128,3,1954.98,0,0,0,0.534,0.5061145819486907,1,0.3,0.0,0,1,0
903.81,1,3,0,2.19,238,2263,1,2853.08,0,0,0,0.393,0.31667297342751427,1,0.1,0.0,0,1,0
1791.07,16,4,0,26.78,1396,1115,4,590.09,1,0,0,0.315,3.0301138574497957,0,0.4,0.2,0,0,1
1768.4,11,0,0,73.44,797,482,2,1404.05,0,0,1,0.105,1.2586028966940679,0,0.2,0.0,0,1,0
2062.81,3,5,1,23.92,377,864,1,8383.93,1,0,0,0.361,0.24601397984240772,1,0.1,0.2,1,0,0
733.39,10,4,0,7.22,1425,1668,1,894.28,0,1,0,0.24,0.819173889732821,0,0.1,0.0,0,0,1
7010.36,5,3,0,22.87,734,1355,7,616.27,0,1,1,0.355,11.357039869101042,1,0.7,0.0,0,1,0
2513.67,22,0,0,43.27,1053,1619,1,1929.69,0,0,0,0.508,1.301954223619535,0,0.1,0.0,1,0,0
830.17,23,1,0,5.4,795,892,3,5906.07,1,0,0,0.452,0.14053837181546858,1,0.3,0.2,0,1,0
1252.91,2,5,1,43.84,1070,1467,6,955.87,1,0,1,0.538,1.3093837198365506,1,0.6,0.2,1,0,0
2536.95,17,5,1,38.97,1367,1127,2,909.47,0,1,1,0.148,2.7864180038881017,0,0.2,0.0,0,0,1
496.21,14,2,0,62.48,815,2130,2,1728.89,0,0,0,0.142,0.2868448282838793,0,0.2,0.0,0,1,0
1537.44,6,2,0,27.66,181,278,3,2199.56,0,0,0,0.371,0.698658523284982,0,0.3,0.0,1,0,0
301.97,4,3,0,14.21,1349,2047,5,1257.71,0,1,1,0.136,0.239904346513494,1,0.5,0.0,1,0,0
2750.67,11,4,0,30.89,592,164,0,1049.74,0,0,1,0.028,2.6178407598454423,0,0.0,0.0,0,0,1
229.34,1,1,0,39.04,853,2123,1,618.13,0,0,0,0.412,0.37042301293750907,1,0.1,0.0,0,1,0
1290.74,21,0,0,43.6,358,491,1,1181.52,2,0,0,0.206,1.0915164225552212,0,0.1,0.4,1,0,0
6414.37,23,3,0,42.64,980,2168,1,2367.98,1,0,0,0.277,2.7076505500257495,1,0.1,0.2,0,1,0
1926.52,0,6,1,10.52,1330,1440,0,911.65,0,0,0,0.564,2.1109077959787435,1,0.0,0.0,0,1,0
1213.37,0,1,0,70.82,1094,639,4,5061.3,0,0,0,0.312,0.2396874938269166,1,0.4,0.0,1,0,0
1007.81,13,0,0,82.47,316,2259,2,1722.62,2,0,0,0.192,0.5847054455158329,0,0.2,0.4,0,1,0
749.39,17,2,0,15.6,1038,544,1,3321.38,0,0,0,0.194,0.22555818419325904,0,0.1,0.0,0,0,1
484.64,9,4,0,10.56,214,2177,0,1062.89,1,1,0,0.135,0.45553581667277626,0,0.0,0.2,1,0,0
4107.67,2,2,0,54.89,716,782,3,788.32,0,1,0,0.102,5.204061724015608,1,0.3,0.0,0,1,0
1029.34,13,3,0,36.43,1019,1110,3,1605.5,0,0,0,0.304,0.6407345160286336,0,0.3,0.0,0,0,1
1087.52,15,3,0,72.06,945,419,1,1316.84,0,0,0,0.173,0.8252291628725794,0,0.1,0.0,0,0,1
1554.43,19,6,1,38.37,284,1785,5,1507.54,0,0,0,0.431,1.030420141328702,0,0.5,0.0,0,0,1
1148.98,4,1,0,24.27,374,1476,2,1200.4,1,0,0,0.21,0.9563675711669718,1,0.2,0.2,0,0,1
498.89,9,6,1,5.22,466,2477,3,1493.84,1,0,0,0.138,0.33374140376227557,0,0.3,0.2,0,0,1
2772.34,8,0,0,23.13,271,1526,4,383.99,0,0,0,0.336,7.201070157666433,0,0.4,0.0,0,1,0
5484.47,2,0,0,0.43,334,1026,2,2626.32,0,1,1,0.348,2.0874769727326705,1,0.2,0.0,0,1,0
3551.93,5,2,0,54.19,542,1327,2,2277.94,0,0,0,0.069,1.5585886420879882,1,0.2,0.0,0,1,0
1735.44,4,1,0,33.45,1088,1598,3,998.01,1,0,1,0.33,1.7371597881903085,1,0.3,0.2,0,0,1
394.28,15,3,0,10.5,784,620,3,806.45,0,0,0,0.111,0.4883026812805746,0,0.3,0.0,0,0,1
1959.1,10,6,1,45.02,1328,1953,3,1945.73,0,0,1,0.294,1.0063542453242103,0,0.3,0.0,0,1,0
1417.87,12,5,1,29.35,242,461,2,1059.7,0,0,0,0.166,1.3367304610163098,0,0.2,0.0,1,0,0
2967.97,11,3,0,21.93,377,694,1,1722.77,0,0,0,0.49,1.7217900299924003,0,0.1,0.0,0,0,1
823.8,3,1,0,69.89,1022,1572,3,1024.46,1,0,1,0.328,0.80334679070856,1,0.3,0.2,1,0,0
1877.83,15,2,0,21.73,5,1882,0,634.22,0,0,0,0.311,2.956188407166021,0,0.0,0.0,0,0,1
3069.88,14,4,0,6.99,70,615,8,878.22,1,0,0,0.273,3.4915948226837425,0,0.8,0.2,0,0,1
5416.43,6,6,1,9.75,1059,1005,3,948.2,0,0,0,0.335,5.706310577328276,0,0.3,0.0,0,0,1
676.94,19,4,0,21.15,776,2198,1,2229.54,0,0,0,0.04,0.30348704797941306,0,0.1,0.0,0,0,1
596.41,21,4,0,17.53,189,226,2,1690.36,0,0,0,0.073,0.3526215589821209,0,0.2,0.0,0,0,1
3986.89,10,3,0,65.6,1048,1395,8,758.33,1,0,0,0.682,5.250536657316318,0,0.8,0.2,1,0,0
5843.82,7,1,0,38.41,467,2405,2,1109.38,0,0,0,0.242,5.262900988850663,0,0.2,0.0,1,0,0
4968.45,19,5,1,2.64,122,1704,4,2431.39,0,0,0,0.355,2.0426206323821425,0,0.4,0.0,0,0,1
8649.69,17,5,1,12.15,1210,1374,3,1930.68,0,0,1,0.351,4.4778068831276405,0,0.3,0.0,1,0,0
1080.11,22,5,1,12.96,1338,169,3,1024.41,0,0,0,0.462,1.0533445158521955,0,0.3,0.0,0,0,1
472.74,15,5,1,38.32,359,1833,4,1020.82,0,0,0,0.297,0.4626450842614159,0,0.4,0.0,0,1,0
4612.75,3,6,1,16.25,340,1212,2,3028.29,0,0,1,0.245,1.5227165441407062,1,0.2,0.0,0,0,1
3579.43,7,5,1,32.44,756,394,6,2160.69,0,0,0,0.282,1.6558479708006235,0,0.6,0.0,0,1,0
5113.15,6,0,0,27.32,898,761,3,8074.23,0,0,0,0.168,0.6331893952246561,0,0.3,0.0,1,0,0
824.74,23,1,0,0.89,12,1918,3,2303.38,0,1,0,0.392,0.3579010406269799,1,0.3,0.0,1,0,0
619.01,14,5,1,20.57,337,681,3,1627.09,2,0,0,0.305,0.38020625395401975,0,0.3,0.4,0,1,0
2939.72,18,4,0,45.63,653,1509,2,978.54,0,0,0,0.385,3.001122976090818,0,0.2,0.0,0,1,0
1240.11,15,0,0,3.52,820,1335,4,1440.96,0,0,0,0.073,0.8600169214125217,0,0.4,0.0,0,0,1
1284.27,19,1,0,84.51,1293,1632,6,3315.64,1,0,0,0.554,0.3872201987553669,0,0.6,0.2,1,0,0
1382.9,16,0,0,20.05,88,1594,3,3197.21,1,0,0,0.283,0.43239812269988526,0,0.3,0.2,1,0,0
1248.79,20,6,1,40.77,184,1277,4,1314.45,0,0,0,0.104,0.9493253259340909,0,0.4,0.0,0,0,1
5238.99,18,1,0,25.9,189,965,2,974.38,0,0,0,0.307,5.371229674588365,0,0.2,0.0,0,1,0
612.29,22,3,0,12.08,1288,373,1,1227.07,1,0,0,0.576,0.4985790712255816,0,0.1,0.2,0,1,0
4987.09,6,5,1,45.35,765,464,1,4783.55,4,0,1,0.152,1.0423320897472073,0,0.1,0.8,0,0,1
1370.84,12,2,0,23.42,850,879,2,4352.12,0,1,1,0.392,0.3149097658690778,0,0.2,0.0,0,1,0
2195.15,5,1,0,11.31,770,885,5,2958.28,0,1,0,0.398,0.7417851639588008,1,0.5,0.0,1,0,0
4164.29,16,2,0,20.39,1158,325,4,731.26,0,1,0,0.352,5.686900827574905,0,0.4,0.0,0,0,1
1947.75,16,3,0,18.85,328,897,4,1125.44,0,0,0,0.556,1.7291200596569722,0,0.4,0.0,0,1,0
2938.07,16,2,0,4.41,108,663,2,802.09,0,0,0,0.293,3.6584567109539403,0,0.2,0.0,1,0,0
955.3,11,3,0,26.72,321,2080,5,3009.3,0,0,0,0.071,0.317343786333588,0,0.5,0.0,0,0,1
3662.72,12,0,0,87.91,837,814,2,1186.49,1,0,0,0.205,3.084421763551693,0,0.2,0.2,0,1,0
878.29,0,0,0,5.06,857,2476,4,1290.36,0,0,1,0.104,0.6801279271465742,1,0.4,0.0,0,1,0
2830.73,9,5,1,10.39,474,186,2,2928.23,0,0,0,0.425,0.9663734155392373,0,0.2,0.0,0,1,0
437.22,22,2,0,25.96,1185,2283,1,5367.04,0,0,0,0.36,0.08144872243872997,0,0.1,0.0,0,0,1
13876.72,17,4,0,22.66,972,2118,2,839.52,1,0,0,0.578,16.50968448103555,0,0.2,0.2,0,0,1
609.84,5,4,0,25.23,448,2480,1,1039.65,0,0,0,0.567,0.5860183539134195,1,0.1,0.0,1,0,0
441.21,1,0,0,33.32,951,2125,2,941.49,0,0,0,0.15,0.4681322878757334,1,0.2,0.0,0,1,0
886.05,17,3,0,13.59,1205,755,10,623.23,1,0,0,0.261,1.419428736203002,0,1.0,0.2,0,1,0
884.18,15,0,0,69.11,42,935,1,913.81,0,0,0,0.37,0.9665176375422219,0,0.1,0.0,0,0,1
1237.04,16,5,1,2.12,1419,2225,6,2869.74,1,0,0,0.261,0.43091328368295284,0,0.6,0.2,1,0,0
2396.14,11,5,1,1.31,1444,2349,2,2488.24,0,0,0,0.139,0.9625990262088027,0,0.2,0.0,0,0,1
5818.53,17,6,1,3.84,858,2416,5,2038.71,0,0,0,0.322,2.852626108613479,0,0.5,0.0,0,0,1
44261.38,10,6,1,28.57,573,1774,3,317.77,0,1,0,0.363,138.85051918311007,0,0.3,0.0,1,0,0
2388.02,12,5,1,27.23,1443,1589,3,1466.32,0,0,0,0.222,1.6274704904179047,0,0.3,0.0,0,0,1
1154.66,21,0,0,58.27,1320,293,4,1928.89,0,0,0,0.285,0.5983035302530196,0,0.4,0.0,1,0,0
3025.88,2,0,0,26.6,552,637,3,287.17,0,0,0,0.162,10.500329666516292,1,0.3,0.0,1,0,0
1008.15,22,3,0,43.83,1355,1733,2,869.88,1,0,0,0.558,1.1576221752709903,0,0.2,0.2,0,1,0
256.3,0,1,0,19.1,1084,270,2,1251.84,0,0,0,0.098,0.20457520513393573,1,0.2,0.0,0,0,1
3332.12,4,5,1,59.19,114,718,6,2219.37,1,0,0,0.047,1.5007048374820413,1,0.6,0.2,0,0,1
1875.0,14,2,0,3.06,575,2014,3,4927.8,0,0,0,0.312,0.3804171400746632,0,0.3,0.0,1,0,0
2180.68,3,3,0,18.26,939,127,3,877.67,1,0,0,0.441,2.4817963513036747,1,0.3,0.2,1,0,0
1900.42,21,2,0,10.26,571,1177,3,805.28,0,0,0,0.159,2.3570223743612644,0,0.3,0.0,0,1,0
1234.28,13,5,1,54.69,24,2191,3,1017.24,0,0,0,0.221,1.2121700188560653,0,0.3,0.0,0,1,0
15744.38,22,3,0,73.51,449,1669,3,2304.51,0,0,0,0.065,6.829022645748662,0,0.3,0.0,0,1,0
2144.09,2,4,0,11.73,38,1926,1,3442.42,0,0,0,0.356,0.6226629339435794,1,0.1,0.0,0,0,1
880.3,1,4,0,20.3,153,440,5,1249.06,0,1,0,0.357,0.7042061981024911,1,0.5,0.0,1,0,0
1003.25,22,2,0,25.21,483,2193,3,2442.58,0,0,0,0.483,0.41056564548735874,0,0.3,0.0,0,0,1
1693.17,6,1,0,20.93,824,1688,1,2759.78,0,0,0,0.148,0.6132940690674374,0,0.1,0.0,0,1,0
2443.04,5,2,0,11.85,1104,1390,3,1560.21,0,1,0,0.193,1.5648375298646562,1,0.3,0.0,0,1,0
3453.81,12,4,0,43.18,975,457,4,1040.94,0,0,0,0.131,3.3147877996813633,0,0.4,0.0,0,1,0
1453.3,10,6,1,1.96,543,1927,0,1054.17,1,0,0,0.555,1.3773136082337443,0,0.0,0.2,0,1,0
349.44,3,1,0,46.59,907,2454,2,3246.42,0,0,0,0.478,0.10760542215050717,1,0.2,0.0,0,0,1
12950.5,4,1,0,12.36,401,351,2,3674.97,0,0,0,0.108,3.52301569381687,1,0.2,0.0,0,1,0
694.03,6,5,1,1.33,196,2465,4,2105.62,0,0,0,0.12,0.3294519182386952,0,0.4,0.0,1,0,0
2705.64,6,6,1,17.59,1450,110,3,4305.46,0,0,0,0.5,0.6282747314499612,0,0.3,0.0,0,1,0
3287.94,15,4,0,38.49,46,2041,9,514.11,1,1,0,0.177,6.382986158296286,0,0.9,0.2,0,1,0
1091.62,14,1,0,42.05,322,2360,3,3506.56,1,0,0,0.56,0.31121919510999096,0,0.3,0.2,1,0,0
3015.21,18,2,0,32.76,1166,1298,4,3000.87,0,0,0,0.113,1.0044438966377625,0,0.4,0.0,0,0,1
1816.75,10,2,0,46.38,1447,878,4,2239.66,1,0,0,0.261,0.8108102077066579,0,0.4,0.2,0,1,0
1753.97,22,3,0,11.21,570,1958,3,852.39,1,0,0,0.256,2.055297109176344,0,0.3,0.2,0,1,0
4962.03,10,4,0,51.64,73,718,4,1196.08,0,0,0,0.285,4.145111437832058,0,0.4,0.0,0,0,1
2195.92,23,6,1,43.59,686,937,2,662.96,0,0,0,0.063,3.3073076691366947,1,0.2,0.0,0,1,0
1353.49,4,3,0,6.58,481,1640,2,4789.36,1,1,0,0.102,0.28254452692490756,1,0.2,0.2,0,0,1
810.81,7,2,0,12.56,1131,1060,1,2621.48,0,1,0,0.024,0.30917680973734785,0,0.1,0.0,0,1,0
2354.48,10,1,0,1.25,1319,96,1,852.07,0,1,0,0.098,2.7600079712098653,0,0.1,0.0,1,0,0
4732.4,6,2,0,43.76,700,1160,2,1867.41,0,1,1,0.294,2.532848785866057,0,0.2,0.0,0,1,0
211.59,8,4,0,100.64,744,313,9,5337.54,1,0,0,0.521,0.039634431885871416,0,0.9,0.2,1,0,0
344.86,12,5,1,40.88,569,2341,3,1479.86,0,1,0,0.042,0.23287819240171254,0,0.3,0.0,0,0,1
1202.51,17,0,0,5.19,1489,66,4,747.68,0,1,0,0.051,1.6061735320831332,0,0.4,0.0,1,0,0
723.55,2,4,0,60.8,1212,1695,3,2224.52,0,0,0,0.348,0.3251150292965239,1,0.3,0.0,0,1,0
2453.09,11,1,0,72.34,915,2332,5,927.82,0,0,1,0.582,2.6410822333713746,0,0.5,0.0,0,0,1
2533.87,20,5,1,2.67,840,84,1,4244.21,1,0,0,0.221,0.5968774218472113,0,0.1,0.2,0,0,1
330.39,21,3,0,25.43,1279,242,5,1131.53,0,0,0,0.409,0.29172737146035865,0,0.5,0.0,0,0,1
1848.45,22,0,0,1.45,984,1564,2,2206.2,0,0,0,0.322,0.8374637549836899,0,0.2,0.0,1,0,0
484.74,20,2,0,89.76,614,1021,4,508.55,0,0,0,0.188,0.9513099793935825,0,0.4,0.0,0,1,0
4556.05,15,4,0,11.56,1138,843,4,1396.06,0,0,0,0.226,3.2611698853306232,0,0.4,0.0,0,0,1
4587.43,1,4,0,25.35,1188,2430,4,1061.05,0,0,1,0.628,4.319410573890119,1,0.4,0.0,0,1,0
480.22,15,6,1,32.03,556,785,2,5001.49,0,1,0,0.286,0.09599619389544008,0,0.2,0.0,0,1,0
982.26,3,6,1,41.23,329,2258,1,2428.92,1,1,0,0.188,0.40423553038783167,1,0.1,0.2,1,0,0
3493.27,16,3,0,21.75,161,761,4,3353.33,1,0,0,0.517,1.0414210885631408,0,0.4,0.2,0,0,1
1271.79,7,3,0,60.13,789,1510,4,965.63,0,0,0,0.498,1.3156947332485025,0,0.4,0.0,1,0,0
829.57,4,2,0,7.23,1377,970,1,688.3,0,0,0,0.277,1.2034963005948065,1,0.1,0.0,1,0,0
5018.37,6,2,0,23.43,18,2012,4,3187.2,0,1,0,0.079,1.5740449156263723,0,0.4,0.0,0,0,1
5152.64,13,2,0,20.65,82,1070,3,3298.53,1,0,0,0.349,1.5616284743584692,0,0.3,0.2,0,1,0
2722.65,7,3,0,16.03,528,182,4,1194.62,0,0,0,0.072,2.2771867315702314,0,0.4,0.0,0,1,0
1760.72,13,2,0,19.2,720,2328,6,395.26,1,0,1,0.475,4.443345278352597,0,0.6,0.2,1,0,0
42718.3,10,0,0,58.23,401,1653,7,684.94,0,1,0,0.301,62.277021313817535,0,0.7,0.0,0,1,0
448.77,22,5,1,37.24,1452,2351,2,1987.88,0,0,0,0.152,0.2256395559309762,0,0.2,0.0,0,1,0
889.05,1,5,1,45.29,1486,1211,1,4959.64,0,1,0,0.19,0.17922082634498773,1,0.1,0.0,1,0,0
467.71,6,6,1,37.51,375,985,4,1626.67,0,0,0,0.179,0.28734940129141656,0,0.4,0.0,0,0,1
1108.07,6,1,0,63.58,1447,770,6,3139.65,0,0,1,0.172,0.35281549997611955,0,0.6,0.0,0,1,0
1779.82,3,1,0,6.48,454,295,2,1564.08,1,0,0,0.309,1.137207043729394,1,0.2,0.2,0,1,0
4806.83,2,3,0,1.03,1013,2069,4,535.81,0,0,0,0.132,8.954434529908163,1,0.4,0.0,0,0,1
1569.02,4,2,0,25.63,670,887,1,342.44,0,0,0,0.374,4.568541812252504,1,0.1,0.0,1,0,0
1573.9,19,1,0,3.76,1334,1617,9,2462.47,0,0,0,0.197,0.6388955416546579,0,0.9,0.0,1,0,0
3774.57,8,5,1,4.89,1037,405,1,936.97,0,0,0,0.383,4.024190539143043,0,0.1,0.0,0,1,0
1520.02,2,4,0,35.81,806,1450,3,2786.13,0,1,0,0.664,0.5453710447664802,1,0.3,0.0,0,0,1
655.67,19,6,1,62.45,752,1277,0,1394.22,0,0,0,0.251,0.46994022448072703,0,0.0,0.0,0,0,1
825.28,6,1,0,19.98,732,1026,2,867.56,1,0,1,0.181,0.9501703969789076,0,0.2,0.2,1,0,0
29512.17,3,2,0,8.59,726,1797,3,1183.98,1,0,1,0.419,24.90520515114179,1,0.3,0.2,0,1,0
925.42,20,2,0,7.39,521,34,3,2075.29,0,0,0,0.431,0.44570845113158564,0,0.3,0.0,0,1,0
908.7,8,2,0,26.5,1186,1779,1,1040.46,1,0,0,0.16,0.8725251089816219,0,0.1,0.2,0,0,1
436.66,19,1,0,39.36,108,1569,2,1075.14,0,0,0,0.182,0.4057650491571728,0,0.2,0.0,0,1,0
224.65,14,1,0,28.12,535,988,1,491.05,0,1,0,0.549,0.45655929275480134,0,0.1,0.0,0,1,0
2887.25,5,3,0,12.27,290,389,4,1462.73,0,0,0,0.621,1.972529086648494,1,0.4,0.0,0,0,1
2298.59,19,1,0,55.0,271,1606,3,1710.14,1,0,0,0.363,1.3433091389366154,0,0.3,0.2,1,0,0
791.81,16,2,0,43.42,1413,1028,3,669.33,0,0,0,0.678,1.1812241731684392,0,0.3,0.0,0,0,1
5839.65,14,4,0,10.68,1180,631,5,2401.77,0,0,0,0.579,2.4303824336078774,0,0.5,0.0,0,0,1
1292.09,1,2,0,20.41,62,1647,3,1569.46,1,0,0,0.215,0.8227462017498057,1,0.3,0.2,1,0,0
3815.6,18,1,0,31.5,1203,1525,1,3095.61,0,0,0,0.301,1.2321861648706165,0,0.1,0.0,1,0,0
1609.77,23,1,0,3.75,53,379,1,1741.19,0,0,0,0.217,0.9239922166927832,1,0.1,0.0,0,1,0
363.07,6,2,0,44.15,99,664,2,2253.94,0,0,0,0.334,0.16101093598942764,0,0.2,0.0,0,0,1
3035.9,15,1,0,88.22,352,564,1,506.39,2,1,0,0.435,5.983365852697137,0,0.1,0.4,1,0,0
601.21,20,0,0,38.22,782,1976,3,458.4,0,1,0,0.295,1.3086852416195038,0,0.3,0.0,0,0,1
2756.43,1,0,0,10.09,581,2354,3,853.71,0,0,0,0.248,3.2249885926220587,1,0.3,0.0,1,0,0
640.33,3,0,0,73.3,438,1217,5,1528.32,0,0,1,0.184,0.418702429838098,1,0.5,0.0,0,1,0
2419.27,19,0,0,3.25,1107,464,5,3595.87,2,0,0,0.34,0.6726042364611454,0,0.5,0.4,1,0,0
689.15,20,0,0,62.96,1120,1124,3,1162.24,0,0,1,0.281,0.5924400811526426,0,0.3,0.0,0,0,1
11945.5,13,3,0,22.48,231,222,3,2364.39,0,1,0,0.329,5.0501185850959045,0,0.3,0.0,0,0,1
3045.03,2,6,1,32.61,1489,1879,6,1137.94,0,0,0,0.344,2.6735648936730643,1,0.6,0.0,0,0,1
4324.29,2,3,0,23.71,758,622,4,1138.97,0,0,0,0.047,3.793336666754388,1,0.4,0.0,0,0,1
1045.96,2,3,0,19.8,88,2072,3,1895.47,0,0,0,0.253,0.5515299477450211,1,0.3,0.0,0,0,1
903.33,3,3,0,4.81,909,1033,5,1182.99,1,0,0,0.387,0.7629540790040457,1,0.5,0.2,1,0,0
657.14,2,4,0,33.85,402,1626,5,1277.69,1,0,0,0.245,0.5139165865065027,1,0.5,0.2,0,0,1
4384.8,21,5,1,44.91,1060,808,0,975.63,2,0,0,0.406,4.489724870216971,0,0.0,0.4,0,1,0
526.6,0,5,1,34.85,566,694,2,2660.95,0,0,0,0.159,0.1978249027968219,1,0.2,0.0,0,1,0
1421.67,17,3,0,20.95,1346,160,2,1420.41,0,1,0,0.113,1.000182916962734,0,0.2,0.0,0,0,1
7992.31,13,0,0,57.34,182,314,4,2028.08,1,0,0,0.388,3.938883631990853,0,0.4,0.2,1,0,0
945.52,12,2,0,13.2,1382,316,3,10147.57,2,0,0,0.215,0.09316780590763034,0,0.3,0.4,0,0,1
4874.16,18,6,1,21.6,1292,2187,3,1205.35,0,1,0,0.09,4.040419447092469,0,0.3,0.0,1,0,0
2385.72,17,5,1,22.97,312,328,3,1216.86,0,0,0,0.119,1.958944377843102,0,0.3,0.0,1,0,0
1015.32,20,4,0,18.75,1033,2458,2,501.73,2,0,0,0.43,2.019612913492332,0,0.2,0.4,0,1,0
692.92,0,1,0,9.89,535,492,2,1837.34,0,0,0,0.126,0.37692701023749686,1,0.2,0.0,0,0,1
1711.88,9,2,0,64.64,1025,2308,0,3934.96,0,0,1,0.637,0.4349332818422952,0,0.0,0.0,0,0,1
4143.36,18,2,0,35.32,1374,2035,2,637.78,1,0,0,0.165,6.486364632580857,0,0.2,0.2,1,0,0
1950.31,19,4,0,42.81,661,1988,4,1769.88,0,0,0,0.043,1.101322506324539,0,0.4,0.0,0,1,0
816.8,3,4,0,26.35,424,2129,1,792.4,0,0,0,0.175,1.029493319889085,1,0.1,0.0,1,0,0
1148.8,23,6,1,42.74,1452,503,6,2075.48,1,0,0,0.16,0.5532439513022037,1,0.6,0.2,0,0,1
7758.95,11,0,0,66.96,765,1312,1,2048.06,0,1,0,0.357,3.7865899485617796,0,0.1,0.0,0,1,0
1105.88,2,4,0,31.25,61,1673,2,1326.15,0,0,0,0.065,0.8332743096108202,1,0.2,0.0,0,1,0
815.91,0,5,1,1.15,1025,2169,0,501.9,1,0,0,0.355,1.6224100218731359,1,0.0,0.2,0,0,1
1476.27,18,2,0,51.17,1086,44,3,1352.35,0,0,0,0.261,1.0908264676543393,0,0.3,0.0,0,1,0
1413.84,2,3,0,35.89,597,1855,3,2773.28,0,0,0,0.544,0.5096241186902547,1,0.3,0.0,0,1,0
586.07,3,1,0,7.93,338,346,1,1640.5,1,0,0,0.213,0.35703320134023764,1,0.1,0.2,0,0,1
4892.94,21,6,1,70.55,156,735,2,562.94,0,1,0,0.329,8.67634854771784,0,0.2,0.0,0,1,0
1872.64,18,5,1,30.01,51,602,2,692.31,0,0,0,0.524,2.7010139764318994,0,0.2,0.0,0,0,1
872.19,5,1,0,46.56,354,2397,2,1001.45,1,0,0,0.484,0.8700583570252881,1,0.2,0.2,0,1,0
453.18,6,4,0,31.33,793,643,2,1776.51,0,0,0,0.471,0.2549521521679203,0,0.2,0.0,0,0,1
612.49,11,4,0,27.09,423,1351,1,772.85,1,0,1,0.314,0.7914841377527945,0,0.1,0.2,1,0,0
2030.77,6,0,0,1.21,292,1649,5,886.12,0,0,0,0.208,2.2891717016863558,0,0.5,0.0,0,0,1
573.56,5,5,1,6.1,913,1434,3,807.52,0,1,0,0.09,0.7093949438480186,1,0.3,0.0,1,0,0
6042.4,8,2,0,87.2,323,693,1,1709.0,0,0,1,0.162,3.5335672514619882,0,0.1,0.0,0,1,0
33636.17,9,2,0,10.4,19,446,1,930.85,0,0,0,0.384,36.0961206202715,0,0.1,0.0,1,0,0
2800.6,3,5,1,68.22,1494,2460,5,730.09,0,0,0,0.074,3.830718516188157,1,0.5,0.0,1,0,0
725.16,1,1,0,3.42,746,2038,1,991.36,0,0,0,0.205,0.7307428755693498,1,0.1,0.0,0,1,0
1625.91,17,0,0,26.94,163,37,2,697.27,2,0,0,0.235,2.3284832514643337,0,0.2,0.4,1,0,0
3035.02,11,3,0,80.98,638,509,3,1989.48,0,0,0,0.314,1.524767895181062,0,0.3,0.0,0,0,1
1723.94,7,1,0,37.6,324,272,3,895.92,0,0,0,0.402,1.9220666280158767,0,0.3,0.0,1,0,0
2439.1,18,6,1,22.68,681,2222,1,3019.42,1,0,0,0.501,0.8075367001940127,0,0.1,0.2,1,0,0
815.03,14,1,0,50.65,1274,2148,1,2451.39,0,0,0,0.477,0.3323411039842766,0,0.1,0.0,0,1,0
3455.99,12,0,0,52.2,805,1272,4,814.34,0,0,0,0.277,4.238710231314543,0,0.4,0.0,0,1,0
644.85,22,4,0,104.41,1219,159,2,575.55,0,0,0,0.623,1.118463272916486,0,0.2,0.0,0,1,0
194.82,8,0,0,4.76,253,57,2,1458.49,0,0,0,0.341,0.1334849844808803,0,0.2,0.0,1,0,0
2408.5,12,0,0,35.5,779,541,3,1447.37,0,0,1,0.036,1.662903816013864,0,0.3,0.0,1,0,0
2145.91,3,4,0,20.48,619,2117,4,994.74,1,0,0,0.306,2.155090686323739,1,0.4,0.2,0,1,0
2848.43,0,1,0,47.36,1454,47,4,536.58,0,0,1,0.207,5.298616019941218,1,0.4,0.0,1,0,0
2154.36,10,2,0,49.74,818,1067,5,1300.63,0,0,0,0.286,1.655124728225379,0,0.5,0.0,0,0,1
3513.08,10,3,0,71.95,1461,670,1,835.24,0,0,0,0.139,4.201042762843203,0,0.1,0.0,0,1,0
2304.95,6,5,1,3.5,249,268,4,873.34,1,0,0,0.273,2.6362170322757734,0,0.4,0.2,0,0,1
379.53,23,6,1,36.49,602,2311,3,1084.93,0,0,0,0.475,0.34949766559538825,1,0.3,0.0,0,1,0
2107.31,6,0,0,15.03,29,609,3,4063.88,1,0,0,0.454,0.5184187479089173,0,0.3,0.2,1,0,0
7428.03,20,4,0,11.34,814,1065,2,1406.31,0,0,0,0.264,5.2781760948191945,0,0.2,0.0,1,0,0
1619.27,14,3,0,46.69,316,2467,0,1807.02,0,0,0,0.404,0.8956040309288614,0,0.0,0.0,1,0,0
3892.76,19,4,0,0.02,766,1897,4,627.34,1,0,0,0.568,6.195308272591272,0,0.4,0.2,0,0,1
1926.85,0,1,0,6.88,1343,2029,4,1760.75,0,0,0,0.44,1.0937136370086562,1,0.4,0.0,0,1,0
927.74,6,1,0,3.66,692,1902,1,1501.43,0,0,0,0.563,0.6174929946819485,0,0.1,0.0,0,0,1
2560.32,15,5,1,39.93,779,1007,6,1855.96,1,0,0,0.115,1.3787696019300362,0,0.6,0.2,1,0,0
1706.34,7,4,0,28.2,1017,500,3,1007.42,0,1,0,0.169,1.6920925804724223,0,0.3,0.0,0,0,1
1245.3,3,6,1,43.73,1057,87,1,764.39,1,0,0,0.324,1.6270136793007486,1,0.1,0.2,0,1,0
8105.57,16,5,1,31.03,783,417,5,2535.04,0,0,1,0.22,3.196152268891658,0,0.5,0.0,0,0,1
2389.15,10,1,0,5.5,967,434,2,1322.94,1,0,0,0.512,1.8045757360605466,0,0.2,0.2,0,1,0
6262.48,5,2,0,84.07,54,999,3,949.86,0,0,0,0.329,6.586122036892918,1,0.3,0.0,1,0,0
446.17,3,6,1,23.74,1180,1682,2,3177.38,2,1,1,0.306,0.14037654402557279,1,0.2,0.4,0,0,1
990.3,22,3,0,50.22,1110,271,2,2259.27,0,0,0,0.392,0.43813349732554074,0,0.2,0.0,1,0,0
7694.53,11,5,1,60.38,759,458,5,3461.04,0,0,0,0.025,2.2225422005522755,0,0.5,0.0,1,0,0
505.43,11,6,1,7.6,1354,404,2,1509.97,0,0,0,0.113,0.33450697234227017,0,0.2,0.0,0,0,1
1858.6,8,4,0,17.3,29,2301,4,1365.86,0,0,0,0.194,1.3597588633803024,0,0.4,0.0,1,0,0
743.85,18,1,0,71.78,1041,2013,1,631.94,1,0,0,0.581,1.1752298796094416,0,0.1,0.2,0,0,1
2899.01,22,1,0,25.57,823,734,6,2476.49,0,0,0,0.293,1.1701399400199397,0,0.6,0.0,0,0,1
1429.59,14,4,0,3.02,508,382,3,755.87,0,0,1,0.53,1.8888184232430931,0,0.3,0.0,0,1,0
1228.17,14,3,0,29.2,1150,381,2,861.7,0,0,0,0.094,1.4236350991074533,0,0.2,0.0,0,1,0
1012.98,18,6,1,21.91,477,1807,7,4421.75,1,0,0,0.208,0.2290384941495676,0,0.7,0.2,0,1,0
2006.56,5,2,0,6.7,1177,585,4,2385.5,3,0,0,0.504,0.8407961449821915,1,0.4,0.6,0,1,0
614.49,0,5,1,2.97,729,528,4,895.91,1,0,1,0.316,0.6851189082516641,1,0.4,0.2,0,0,1
1176.36,23,1,0,13.06,762,1163,4,832.35,1,0,0,0.625,1.4116037679246414,1,0.4,0.2,1,0,0
124.65,8,6,1,71.33,579,656,5,3469.02,2,0,0,0.43,0.035921983158598514,0,0.5,0.4,1,0,0
3135.51,18,5,1,52.56,652,221,7,2093.38,0,0,0,0.435,1.497106542270266,0,0.7,0.0,0,0,1
1336.14,16,3,0,22.58,11,264,3,1860.01,0,0,1,0.222,0.7179649760076519,0,0.3,0.0,0,1,0
7180.3,5,4,0,35.09,1161,1175,2,555.35,0,0,0,0.114,12.906084299451784,1,0.2,0.0,0,1,0
2767.15,4,1,0,21.29,72,2262,3,4861.37,0,0,0,0.139,0.5690949063933843,1,0.3,0.0,0,0,1
1172.09,6,0,0,1.83,572,2140,4,1936.15,1,0,0,0.262,0.6050589783960972,0,0.4,0.2,0,0,1
1186.99,17,2,0,23.37,671,1265,7,2960.67,0,0,0,0.208,0.4007840171254731,0,0.7,0.0,0,1,0
2527.49,5,6,1,30.4,167,172,2,810.09,0,1,0,0.391,3.1161646672995595,1,0.2,0.0,1,0,0
4264.06,7,0,0,47.28,447,1653,0,4074.46,0,1,0,0.436,1.0462769846839377,0,0.0,0.0,0,0,1
2369.19,15,3,0,58.16,445,1264,1,1231.01,0,0,0,0.358,1.9230282221735213,0,0.1,0.0,0,0,1
855.37,18,2,0,26.13,1410,2376,5,2128.8,0,0,0,0.176,0.4016198704103671,0,0.5,0.0,0,1,0
2875.41,21,2,0,59.96,1042,687,3,969.37,1,0,0,0.283,2.963209909622103,0,0.3,0.2,0,1,0
2678.11,4,2,0,75.58,339,2072,4,1018.73,0,0,0,0.196,2.626293234483638,1,0.4,0.0,0,1,0
2878.68,15,5,1,91.39,635,2190,5,1662.43,0,0,0,0.613,1.730568764540738,0,0.5,0.0,0,0,1
6769.6,19,0,0,33.48,461,1010,2,236.65,1,0,0,0.137,28.48558804965285,0,0.2,0.2,0,1,0
1541.21,19,6,1,34.16,266,425,4,1686.07,0,0,0,0.272,0.9135424137706202,0,0.4,0.0,1,0,0
1210.23,12,6,1,22.98,61,1493,2,1807.0,0,1,1,0.237,0.669375,0,0.2,0.0,1,0,0
424.7,11,6,1,10.66,1010,1133,0,1157.0,0,0,0,0.638,0.3667530224525043,0,0.0,0.0,0,1,0
1249.08,8,5,1,13.55,782,1901,10,597.23,0,1,0,0.21,2.0879594804673784,0,1.0,0.0,0,1,0
7142.51,2,2,0,18.85,1444,2379,3,709.24,0,0,0,0.194,10.056473867988286,1,0.3,0.0,0,0,1
427.43,2,1,0,25.41,1141,1781,1,1862.0,0,1,0,0.305,0.2294310252281267,1,0.1,0.0,0,0,1
2120.8,19,4,0,37.01,626,1833,3,793.09,0,0,0,0.421,2.6707300180080344,0,0.3,0.0,1,0,0
690.47,6,2,0,39.12,1052,1223,2,2243.39,0,0,0,0.099,0.3076426111326463,0,0.2,0.0,0,0,1
453.79,14,0,0,31.04,799,1990,2,596.32,0,0,0,0.523,0.7597100381704949,0,0.2,0.0,1,0,0
6520.62,13,3,0,6.56,211,2067,0,4374.39,0,0,0,0.197,1.4902945794546314,0,0.0,0.0,0,0,1
864.15,4,6,1,21.91,943,479,3,971.35,0,0,0,0.49,0.8887231963799043,1,0.3,0.0,0,0,1
2705.75,14,4,0,5.75,1155,1307,6,328.42,1,0,0,0.489,8.213678586606763,0,0.6,0.2,0,0,1
4564.22,15,4,0,21.92,1082,2065,0,5315.7,0,0,0,0.357,0.8584685989429535,0,0.0,0.0,1,0,0
1353.08,11,4,0,35.77,432,186,1,1788.13,0,0,0,0.126,0.7562781910761095,0,0.1,0.0,0,0,1
1634.68,16,4,0,77.4,1427,1776,4,1357.6,1,0,0,0.051,1.2032091859266894,0,0.4,0.2,0,0,1
1513.12,14,3,0,123.26,1223,2075,2,1926.75,0,0,0,0.137,0.7849150564129166,0,0.2,0.0,0,1,0
1282.65,21,2,0,20.39,553,371,3,1278.62,0,0,1,0.129,1.0023678904674826,0,0.3,0.0,0,1,0
5763.13,16,5,1,5.76,1491,1823,4,784.67,0,1,0,0.243,7.3353061718024115,0,0.4,0.0,1,0,0
1344.51,7,6,1,44.13,984,2321,4,1335.06,1,0,0,0.065,1.0063245662619942,0,0.4,0.2,1,0,0
14901.76,13,2,0,3.12,952,1530,4,1848.85,0,0,0,0.37,8.05565856691083,0,0.4,0.0,0,0,1
2237.59,3,2,0,4.31,95,855,0,669.86,0,0,0,0.037,3.3354053006588558,1,0.0,0.0,1,0,0
113.75,4,3,0,62.95,299,1553,3,2089.49,1,1,0,0.434,0.054413080186941826,1,0.3,0.2,1,0,0
7132.74,12,6,1,56.98,694,559,3,2584.27,1,0,0,0.047,2.758992290940598,0,0.3,0.2,0,1,0
5672.94,23,4,0,25.34,573,417,4,1639.12,0,0,0,0.287,3.4588566690242177,1,0.4,0.0,1,0,0
960.05,9,3,0,22.75,201,348,3,1187.46,0,0,0,0.237,0.8078101071975498,0,0.3,0.0,0,1,0
7649.57,17,6,1,26.88,1033,1866,2,771.98,0,0,0,0.442,9.896206887629692,0,0.2,0.0,0,1,0
978.4,6,5,1,27.04,329,1798,5,512.55,0,0,0,0.262,1.9051698958231917,0,0.5,0.0,0,0,1
1684.52,6,0,0,48.38,170,514,3,2573.62,0,0,0,0.188,0.6542790780775416,0,0.3,0.0,0,0,1
25157.45,7,6,1,3.83,1490,1748,4,1781.14,0,0,0,0.107,14.116427441166238,0,0.4,0.0,1,0,0
4929.63,15,6,1,23.59,113,788,5,1649.21,0,0,0,0.54,2.9872743469013034,0,0.5,0.0,0,0,1
1600.67,5,2,0,3.26,1408,1713,1,3069.54,0,0,0,0.26,0.5212991851596136,1,0.1,0.0,1,0,0
3081.85,15,1,0,18.29,1417,427,3,1227.7,0,0,0,0.182,2.508220069992675,0,0.3,0.0,0,0,1
1216.86,10,2,0,43.49,940,133,4,1828.32,1,0,0,0.488,0.6651979970699494,0,0.4,0.2,0,0,1
437.68,15,2,0,2.09,951,626,4,2304.13,0,0,0,0.251,0.18987215471578608,0,0.4,0.0,0,0,1
7015.9,18,3,0,43.9,1409,755,2,1171.28,0,0,1,0.099,5.984832975057153,0,0.2,0.0,1,0,0
1562.06,14,1,0,2.13,895,2343,2,594.69,0,0,0,0.064,2.622269972636774,0,0.2,0.0,1,0,0
958.79,17,0,0,35.04,394,1748,4,2868.27,1,0,0,0.17,0.33415816566583134,0,0.4,0.2,0,0,1
1713.57,21,5,1,15.02,1469,280,3,1240.94,1,0,1,0.15,1.3797526450553166,0,0.3,0.2,0,1,0
761.34,16,4,0,56.67,31,1542,2,9201.04,1,0,0,0.405,0.08273600201694406,0,0.2,0.2,0,0,1
802.26,0,5,1,46.54,1043,542,4,2171.27,0,0,0,0.25,0.36931873109696306,1,0.4,0.0,0,1,0
1038.18,2,3,0,17.94,1279,1995,2,2298.26,0,0,0,0.116,0.4515278828840583,1,0.2,0.0,0,1,0
2812.25,6,6,1,23.51,1311,2087,2,2826.0,0,0,0,0.164,0.9947824548991864,0,0.2,0.0,0,0,1
391.53,18,6,1,58.05,1384,1926,3,4267.68,0,0,0,0.301,0.09172156263763036,0,0.3,0.0,0,0,1
1647.59,18,6,1,52.52,748,2207,1,2859.12,0,0,0,0.369,0.5760562493881376,0,0.1,0.0,1,0,0
3684.88,4,6,1,19.37,608,1649,4,1275.38,0,0,0,0.06,2.886977232485623,1,0.4,0.0,0,0,1
4269.24,4,5,1,9.95,149,1256,3,1123.37,0,0,0,0.27,3.7970063235411833,1,0.3,0.0,0,1,0
6279.38,12,4,0,49.61,1458,1721,4,3114.29,0,0,0,0.098,2.015664673272793,0,0.4,0.0,0,0,1
463.18,21,0,0,7.52,401,1182,4,1564.59,1,0,0,0.443,0.2958501267892616,0,0.4,0.2,1,0,0
3635.38,14,2,0,36.7,156,1748,4,1276.5,2,0,0,0.161,2.845698630136986,0,0.4,0.4,0,1,0
1317.15,9,6,1,14.13,847,2424,3,832.86,1,0,0,0.1,1.5795817043628428,0,0.3,0.2,0,1,0
18088.04,20,4,0,34.35,29,999,5,739.83,0,0,0,0.043,24.415911882618143,0,0.5,0.0,0,1,0
731.11,3,4,0,27.85,241,2269,6,1153.82,1,0,0,0.082,0.6330943350478863,1,0.6,0.2,1,0,0
341.89,15,1,0,26.55,1001,1018,3,1649.62,0,0,0,0.157,0.2071282306042578,0,0.3,0.0,1,0,0
6179.63,12,2,0,74.66,756,1031,2,2120.11,0,1,0,0.063,2.9133944019876385,0,0.2,0.0,0,1,0
648.86,1,0,0,15.76,449,1511,2,1673.1,0,0,0,0.318,0.3875873603727376,1,0.2,0.0,0,1,0
23024.71,17,3,0,73.2,1120,864,4,1079.03,0,0,0,0.168,21.318583743044176,0,0.4,0.0,0,1,0
3301.72,3,1,0,25.4,699,2023,3,1907.66,0,0,0,0.61,1.729862835706726,1,0.3,0.0,0,1,0
3120.24,17,6,1,62.48,1299,2245,4,1845.78,0,0,0,0.33,1.6895569585982086,0,0.4,0.0,0,0,1
6230.64,7,3,0,10.65,494,1755,6,1119.55,0,0,1,0.034,5.5603409040203475,0,0.6,0.0,0,0,1
558.88,19,1,0,2.75,1186,773,4,1436.64,1,0,0,0.409,0.3887482262597034,0,0.4,0.2,0,0,1
2186.12,17,1,0,15.31,789,257,6,898.97,1,0,0,0.194,2.429103192328633,0,0.6,0.2,1,0,0
2528.58,9,6,1,14.77,218,937,2,1071.79,0,0,0,0.504,2.357013022119893,0,0.2,0.0,0,1,0
2281.24,14,5,1,5.31,964,661,3,887.7,0,1,0,0.119,2.5669404748509055,0,0.3,0.0,0,1,0
545.38,8,3,0,14.79,268,2355,3,3317.0,0,0,0,0.542,0.1643701024713683,0,0.3,0.0,0,0,1
1697.11,14,3,0,9.5,1214,1653,2,2632.11,1,0,0,0.354,0.6445268142994405,0,0.2,0.2,1,0,0
1947.96,20,5,1,49.72,1242,941,2,1251.54,2,0,0,0.048,1.5552078177144044,0,0.2,0.4,0,0,1
2861.57,14,1,0,18.51,317,2482,1,1689.44,0,1,1,0.42,1.692795958448688,0,0.1,0.0,0,1,0
603.3,12,3,0,34.13,1490,848,4,3053.33,0,0,0,0.226,0.19752286098751606,0,0.4,0.0,0,1,0
2546.28,1,5,1,65.57,714,1503,3,4857.83,0,0,0,0.16,0.524052086613444,1,0.3,0.0,1,0,0
567.61,14,0,0,0.5,524,1774,2,1575.66,0,0,0,0.192,0.3600078647267007,0,0.2,0.0,0,0,1
2213.19,19,0,0,26.84,250,931,3,1104.09,1,0,0,0.419,2.0027237600557424,0,0.3,0.2,0,0,1
891.69,8,6,1,21.74,1349,673,2,1987.85,0,0,0,0.346,0.4483445207029188,0,0.2,0.0,1,0,0
755.24,10,1,0,43.19,137,2088,2,1736.89,1,0,0,0.244,0.43457295916312305,0,0.2,0.2,0,0,1
10131.35,18,5,1,74.55,473,1836,2,456.0,1,0,0,0.182,22.16925601750547,0,0.2,0.2,1,0,0
2074.27,14,5,1,23.04,4,1702,1,757.54,1,0,0,0.266,2.7345558573048225,0,0.1,0.2,0,0,1
1409.19,19,3,0,31.52,168,1739,3,1996.38,0,0,1,0.063,0.7055192301915509,0,0.3,0.0,0,0,1
860.83,21,6,1,69.51,357,900,2,624.57,1,0,0,0.179,1.3760730214044792,0,0.2,0.2,0,0,1
3784.88,3,4,0,34.03,838,887,3,4587.64,0,0,0,0.106,0.8248369887374036,1,0.3,0.0,1,0,0
1811.68,8,2,0,47.91,856,948,4,1990.08,0,0,0,0.648,0.9098981457299556,0,0.4,0.0,1,0,0
1228.27,6,1,0,9.14,561,1747,2,2108.41,0,0,0,0.256,0.5822813014065544,0,0.2,0.0,0,1,0
866.57,18,2,0,74.6,171,1644,8,918.28,1,1,0,0.525,0.9426616482464538,0,0.8,0.2,1,0,0
802.03,5,4,0,3.61,12,1361,4,2681.72,1,0,1,0.134,0.2989615017594084,1,0.4,0.2,0,0,1
563.06,9,1,0,31.91,310,691,4,3216.72,0,0,0,0.557,0.17498725805850104,0,0.4,0.0,0,0,1
338.79,15,4,0,4.8,883,2129,2,777.18,0,0,0,0.401,0.4353619985093424,0,0.2,0.0,1,0,0
1144.52,10,5,1,52.12,580,954,0,1284.48,1,0,0,0.312,0.8903444627687712,0,0.0,0.2,0,1,0
934.8,4,4,0,0.04,109,1079,0,2217.87,0,0,0,0.432,0.42129552429840417,1,0.0,0.0,0,0,1
4813.14,20,3,0,15.41,1372,1627,2,5312.63,1,0,0,0.47,0.9058101523817053,0,0.2,0.2,0,0,1
2546.49,1,3,0,20.24,486,769,5,5251.7,2,0,0,0.398,0.48479639042778,1,0.5,0.4,0,0,1
12618.61,0,1,0,59.97,1381,1979,1,2140.7,0,0,1,0.155,5.891866274454873,1,0.1,0.0,0,1,0
724.22,15,3,0,39.12,1272,1985,4,391.33,0,0,0,0.613,1.8459460148344506,0,0.4,0.0,0,0,1
5223.49,19,0,0,12.54,1306,567,2,5821.37,0,0,1,0.233,0.8971415420181129,0,0.2,0.0,1,0,0
1809.12,8,1,0,28.27,245,516,4,609.5,0,0,1,0.287,2.9633415233415232,0,0.4,0.0,0,0,1
519.92,1,2,0,2.07,803,1659,7,1845.88,1,0,0,0.298,0.28151260504201675,1,0.7,0.2,1,0,0
1815.97,18,5,1,34.17,1275,1246,3,4468.18,0,0,0,0.452,0.4063318103097212,0,0.3,0.0,0,1,0
2953.99,5,3,0,3.91,848,545,3,690.24,0,0,1,0.067,4.273465077252474,1,0.3,0.0,0,1,0
6280.77,6,1,0,6.23,86,1381,1,3628.68,0,0,0,0.329,1.7303922108836043,0,0.1,0.0,0,1,0
2298.22,5,5,1,54.73,409,271,3,793.57,0,0,0,0.197,2.8924072139647854,1,0.3,0.0,0,0,1
342.12,8,2,0,12.49,286,1022,5,955.83,0,0,1,0.482,0.3575556786471996,0,0.5,0.0,0,0,1
503.06,6,3,0,5.66,1244,2329,2,506.97,0,0,0,0.034,0.9903340748469397,0,0.2,0.0,1,0,0
1196.35,4,6,1,8.66,1430,580,2,668.03,0,0,0,0.162,1.7881858810516718,1,0.2,0.0,1,0,0
8523.32,6,0,0,47.13,1210,1098,3,1668.16,2,0,1,0.332,5.106352896067483,0,0.3,0.4,1,0,0
2049.85,14,5,1,20.87,429,187,2,1831.43,0,0,0,0.132,1.1186511899499572,0,0.2,0.0,0,0,1
2038.19,3,2,0,24.09,149,1555,2,262.57,0,1,0,0.412,7.7330121030466294,1,0.2,0.0,1,0,0
5611.04,5,3,0,64.41,1240,1155,1,1353.28,0,0,0,0.077,4.143190477596952,1,0.1,0.0,0,1,0
2715.77,8,4,0,39.35,564,2111,1,1419.88,1,0,0,0.292,1.9113295985586396,0,0.1,0.2,0,1,0
715.63,5,2,0,31.53,217,2369,3,2743.81,0,0,0,0.317,0.2607211428113421,1,0.3,0.0,0,0,1
1485.53,12,2,0,28.82,1063,2014,7,721.54,0,0,0,0.714,2.0559830597613975,0,0.7,0.0,0,1,0
2310.15,16,0,0,41.29,1098,1397,2,2086.75,0,0,0,0.005,1.106526164531194,0,0.2,0.0,0,0,1
1706.7,10,1,0,29.33,864,1772,5,1936.21,0,0,0,0.272,0.8810092865512773,0,0.5,0.0,0,0,1
11667.76,4,2,0,15.83,1290,1693,3,1555.42,0,1,0,0.079,7.496536924480538,1,0.3,0.0,0,1,0
767.06,7,3,0,9.44,837,1367,3,1397.92,1,0,0,0.343,0.5483229920224172,0,0.3,0.2,0,0,1
2587.56,11,1,0,22.38,1183,1854,2,2511.17,0,0,1,0.213,1.0300099117496029,0,0.2,0.0,0,0,1
1412.54,10,2,0,21.68,351,1593,5,2319.51,1,0,0,0.466,0.6087196349078434,0,0.5,0.2,1,0,0
1533.08,13,4,0,30.68,747,1560,3,959.05,0,0,0,0.343,1.59687516275194,0,0.3,0.0,1,0,0
523.5,18,4,0,16.71,1313,2371,1,5256.31,2,0,0,0.047,0.09957563849192837,0,0.1,0.4,0,0,1
2499.3,12,4,0,34.49,594,2237,0,1297.65,0,0,0,0.13,1.9245370192122588,0,0.0,0.0,1,0,0
207.86,8,5,1,6.38,949,2167,4,1540.28,1,0,0,0.237,0.13486193293885604,0,0.4,0.2,1,0,0
465.4,1,1,0,12.25,979,1379,3,1573.82,0,0,0,0.247,0.29552583787353476,1,0.3,0.0,0,1,0
461.63,9,0,0,74.28,48,65,3,2078.1,0,0,1,0.346,0.2220335722187485,0,0.3,0.0,0,1,0
4318.88,9,3,0,13.09,1306,2071,1,2945.49,1,0,0,0.338,1.4657711378623381,0,0.1,0.2,0,1,0
2094.91,15,5,1,37.27,559,1024,2,1642.25,0,0,0,0.166,1.274857751407272,0,0.2,0.0,0,1,0
1755.47,14,6,1,29.51,1445,255,1,962.75,0,0,0,0.568,1.8214993514915694,0,0.1,0.0,0,1,0
2577.0,12,1,0,20.32,916,370,4,2503.83,0,0,0,0.193,1.0288123345696116,0,0.4,0.0,0,0,1
1477.18,9,3,0,56.92,858,812,3,2605.97,0,0,0,0.376,0.5666271571978198,0,0.3,0.0,1,0,0
3837.0,11,2,0,3.87,478,778,2,524.27,0,1,0,0.489,7.304814666742819,0,0.2,0.0,0,1,0
11538.75,6,1,0,5.64,359,531,3,2135.32,0,0,1,0.164,5.4012273442180945,0,0.3,0.0,0,0,1
1734.72,18,6,1,56.23,1114,1723,3,2318.99,1,0,0,0.002,0.747727360893797,0,0.3,0.2,0,1,0
2195.08,23,0,0,27.44,524,1265,1,634.15,1,0,0,0.226,3.456002519089979,1,0.1,0.2,0,0,1
592.63,20,6,1,15.18,706,1618,3,3562.08,0,1,0,0.209,0.1663252017917083,0,0.3,0.0,1,0,0
242.03,2,6,1,2.4,634,165,1,844.41,1,0,0,0.108,0.28628712695615144,1,0.1,0.2,0,0,1
2380.94,12,5,1,41.98,215,1862,3,3137.31,0,0,0,0.19,0.7586694749721984,0,0.3,0.0,0,1,0
1037.57,3,2,0,17.97,1327,2166,6,1711.68,0,0,0,0.054,0.6058166148959525,1,0.6,0.0,0,1,0
1845.46,13,0,0,38.42,1476,2033,4,6292.75,0,0,0,0.261,0.29322105263157894,0,0.4,0.0,1,0,0
3907.48,4,0,0,8.37,31,1697,7,2009.59,0,0,0,0.173,1.9434494352404021,1,0.7,0.0,0,0,1
1756.82,20,0,0,0.81,1186,1412,3,1172.04,0,0,0,0.247,1.4976641887744664,0,0.3,0.0,0,1,0
832.25,12,0,0,21.08,414,933,1,2100.18,1,1,0,0.141,0.3960869606602005,0,0.1,0.2,1,0,0
3175.13,20,3,0,17.85,1371,2458,3,1831.58,0,0,1,0.195,1.7326010324242327,0,0.3,0.0,1,0,0
5314.76,8,2,0,10.08,1261,2328,1,5316.48,0,0,0,0.028,0.9994884795053297,0,0.1,0.0,0,1,0
630.46,18,2,0,28.28,762,881,1,703.15,0,0,0,0.411,0.8953490023432508,0,0.1,0.0,1,0,0
193.45,11,5,1,96.63,453,937,1,3174.05,0,0,1,0.214,0.0609281743594589,0,0.1,0.0,0,0,1
459.81,6,5,1,41.55,25,520,2,814.22,0,0,0,0.339,0.5640317950982556,0,0.2,0.0,0,1,0
15956.46,6,4,0,38.35,387,2034,1,1753.93,0,1,0,0.219,9.092362658339647,0,0.1,0.0,0,0,1
3532.42,21,4,0,13.06,285,875,2,1252.79,1,1,0,0.239,2.817393662415556,0,0.2,0.2,0,1,0
2333.91,8,6,1,8.09,31,1188,3,804.65,0,0,0,0.306,2.8969279463787005,0,0.3,0.0,0,0,1
1992.79,2,6,1,10.49,1063,939,3,694.04,0,0,0,0.355,2.8671587246777164,1,0.3,0.0,0,0,1
401.14,8,3,0,17.91,592,1844,1,1761.38,0,1,0,0.198,0.22761266015274798,0,0.1,0.0,0,0,1
1484.48,22,1,0,14.54,348,1968,2,4696.74,0,0,0,0.551,0.31599875684903805,0,0.2,0.0,0,1,0
1797.47,5,1,0,10.03,834,636,2,948.2,2,0,0,0.155,1.8936683522966709,1,0.2,0.4,0,0,1
5904.72,17,3,0,50.66,264,641,3,2006.86,0,0,0,0.372,2.940802645602781,0,0.3,0.0,0,1,0
975.45,13,3,0,38.4,323,1175,3,3388.26,1,0,0,0.121,0.2878061877814036,0,0.3,0.2,0,1,0
3002.9,14,2,0,22.64,563,1371,5,1044.65,1,0,0,0.287,2.8718022282790607,0,0.5,0.2,0,0,1
4964.59,3,1,0,12.41,1455,1090,2,836.06,1,0,0,0.194,5.9309846367046575,1,0.2,0.2,0,1,0
1428.58,21,0,0,11.29,509,298,4,1774.73,0,0,0,0.258,0.8045029368203499,0,0.4,0.0,0,1,0
488.93,21,1,0,46.85,1465,763,6,1702.66,0,0,0,0.498,0.2869880140403602,0,0.6,0.0,0,0,1
2467.88,7,3,0,29.85,531,566,1,1541.34,2,1,0,0.289,1.6000881777040084,0,0.1,0.4,1,0,0
4996.49,2,5,1,2.24,456,260,1,2908.64,0,0,0,0.568,1.717219312354793,1,0.1,0.0,0,0,1
4228.91,15,3,0,47.11,1032,1985,5,2772.6,0,0,0,0.074,1.5247007499278915,0,0.5,0.0,1,0,0
3165.51,12,5,1,25.48,731,1429,2,4407.45,0,0,0,0.181,0.7180550987308465,0,0.2,0.0,0,0,1
3212.28,8,5,1,5.96,839,1037,2,767.33,0,0,0,0.242,4.1808597868103545,0,0.2,0.0,1,0,0
1558.43,18,6,1,6.71,349,996,2,1584.01,0,0,0,0.421,0.9832303897136296,0,0.2,0.0,1,0,0
4490.33,19,4,0,52.72,482,2247,4,494.22,0,0,0,0.223,9.06734380679294,0,0.4,0.0,0,1,0
9497.2,17,0,0,20.67,283,94,3,2162.38,1,0,0,0.234,4.3899823424456175,0,0.3,0.2,0,0,1
14697.14,13,0,0,35.27,739,1767,2,1569.35,0,0,0,0.373,9.359149234247143,0,0.2,0.0,0,1,0
3686.13,9,2,0,34.33,1030,509,2,956.75,0,0,0,0.231,3.8487392325763508,0,0.2,0.0,0,1,0
5150.4,6,3,0,56.3,986,304,3,2608.1,0,1,1,0.06,1.974014027825687,0,0.3,0.0,1,0,0
4913.01,7,5,1,37.0,790,2458,5,704.21,0,0,0,0.22,6.9667333134810905,0,0.5,0.0,0,0,1
5359.44,8,2,0,26.16,281,1861,1,1523.44,0,0,0,0.177,3.5156778882737263,0,0.1,0.0,0,0,1
2463.35,17,2,0,1.96,122,313,4,1429.09,0,0,0,0.372,1.7225139676523855,0,0.4,0.0,0,1,0
1759.94,15,4,0,0.53,1176,916,0,1055.7,0,0,0,0.387,1.665505820005678,0,0.0,0.0,0,0,1
1778.89,9,4,0,4.87,1116,1303,4,603.59,0,0,0,0.524,2.9423080103872046,0,0.4,0.0,0,1,0
460.4,2,2,0,9.67,998,1760,2,2193.78,1,1,0,0.136,0.20977045535315608,1,0.2,0.2,0,0,1
100.76,19,0,0,55.52,1068,1763,2,1107.87,0,0,0,0.083,0.09086727930235286,0,0.2,0.0,0,0,1
1380.29,14,4,0,11.72,1484,1015,2,846.29,0,0,1,0.426,1.6290644289440452,0,0.2,0.0,0,0,1
299.06,20,6,1,4.22,415,1697,1,1513.68,0,0,0,0.037,0.19744104365278475,0,0.1,0.0,1,0,0
2929.93,11,3,0,24.66,908,358,3,768.29,0,0,0,0.524,3.8086157365882825,0,0.3,0.0,1,0,0
2429.03,22,5,1,18.42,644,2063,2,1622.32,1,0,1,0.242,1.4963346721533648,0,0.2,0.2,1,0,0
2377.56,14,4,0,37.63,381,1373,1,1814.52,0,0,1,0.136,1.3095752181193268,0,0.1,0.0,0,0,1
29940.84,17,6,1,44.38,344,991,4,760.7,1,0,1,0.462,39.30791650256006,0,0.4,0.2,1,0,0
1804.54,17,4,0,10.67,688,807,3,1400.57,0,0,0,0.696,1.2875132886691354,0,0.3,0.0,1,0,0
1788.85,9,3,0,71.5,1268,898,3,1398.67,0,0,0,0.125,1.278051254938664,0,0.3,0.0,0,0,1
1096.39,1,4,0,3.84,1302,511,3,1153.52,0,0,0,0.328,0.9496500710251881,1,0.3,0.0,0,0,1
728.5,0,0,0,57.23,706,2127,2,976.4,0,0,0,0.126,0.7453447923061183,1,0.2,0.0,0,0,1
9102.66,1,2,0,4.84,1000,351,2,1147.55,0,1,1,0.371,7.925349353532716,1,0.2,0.0,1,0,0
2061.81,17,6,1,25.58,576,1612,1,787.96,0,0,0,0.053,2.61332640438045,0,0.1,0.0,0,1,0
4867.79,12,1,0,32.21,742,211,3,4574.61,1,0,0,0.54,1.0638559667454177,0,0.3,0.2,0,0,1
5478.47,2,0,0,9.19,488,2033,4,1113.45,1,0,0,0.137,4.915850868141235,1,0.4,0.2,1,0,0
3223.87,0,0,0,26.38,308,1010,2,1447.46,1,0,0,0.119,2.225722491473703,1,0.2,0.2,0,1,0
1335.86,23,6,1,74.05,278,361,0,3417.14,0,0,1,0.235,0.3908148876289444,1,0.0,0.0,1,0,0
1189.21,12,1,0,18.26,1150,416,4,2788.63,0,0,0,0.27,0.4262966773371379,0,0.4,0.0,1,0,0
1842.19,2,0,0,63.28,120,750,1,2015.87,1,0,1,0.561,0.913390550704805,1,0.1,0.2,0,0,1
456.46,15,0,0,3.47,1485,1916,0,2282.31,0,0,0,0.435,0.19991153194266217,0,0.0,0.0,0,1,0
2333.91,23,5,1,30.88,801,853,4,2736.42,2,0,0,0.199,0.8525947790255057,1,0.4,0.4,0,0,1
272.41,12,5,1,75.91,1183,2466,5,5663.21,0,0,0,0.206,0.048093202759078496,0,0.5,0.0,0,1,0
395.42,11,5,1,29.23,115,2446,2,878.32,0,0,0,0.166,0.4496883955784015,0,0.2,0.0,0,0,1
2570.58,4,2,0,28.39,1182,1124,2,1236.07,0,1,0,0.133,2.07795840170726,1,0.2,0.0,0,0,1
1391.65,20,1,0,29.95,296,582,3,1920.59,0,0,0,0.073,0.7242179653307939,0,0.3,0.0,1,0,0
5898.51,12,6,1,8.68,877,1413,5,575.38,1,0,0,0.078,10.233717339255353,0,0.5,0.2,1,0,0
10787.26,16,6,1,10.66,135,1625,3,1460.71,0,0,0,0.112,7.379890675989081,0,0.3,0.0,1,0,0
5505.54,0,0,0,13.57,1160,475,5,1911.43,0,1,0,0.192,2.8788190940322,1,0.5,0.0,0,0,1
1793.09,8,3,0,4.18,1416,2349,7,1417.97,0,0,0,0.449,1.2636560321923649,0,0.7,0.0,0,0,1
8352.79,9,2,0,52.79,845,381,2,1079.47,0,0,0,0.273,7.7307005284737205,0,0.2,0.0,0,1,0
1720.92,2,3,0,46.33,881,1335,2,937.65,0,0,0,0.081,1.8333990305225591,1,0.2,0.0,0,0,1
3251.1,19,6,1,30.13,728,1439,3,1667.09,0,0,0,0.452,1.9489955577936442,0,0.3,0.0,0,1,0
2321.07,18,4,0,73.57,1008,1190,3,653.19,0,0,0,0.599,3.5480059309986394,0,0.3,0.0,0,1,0
12419.6,0,4,0,22.0,801,1846,4,2401.58,1,0,0,0.145,5.169276361244996,1,0.4,0.2,0,1,0
3603.9,20,6,1,69.25,1289,1365,3,3493.61,1,0,1,0.429,1.0312738760548388,0,0.3,0.2,1,0,0
191.28,0,6,1,8.55,869,1986,0,1584.38,0,0,0,0.388,0.12065246187034023,1,0.0,0.0,1,0,0
1235.34,12,2,0,91.59,764,90,2,3342.81,0,0,0,0.195,0.3694408474165697,0,0.2,0.0,1,0,0
3298.01,9,2,0,69.04,935,1314,3,4481.05,0,0,0,0.317,0.7358262402248971,0,0.3,0.0,0,1,0
494.68,20,2,0,39.19,903,1439,3,441.9,0,0,0,0.397,1.1169112666516143,0,0.3,0.0,0,1,0
230.09,4,0,0,49.52,521,44,4,738.23,0,0,1,0.096,0.31125630723861314,1,0.4,0.0,0,1,0
2737.49,10,2,0,11.77,308,1883,3,1378.6,1,0,0,0.191,1.9842635546535228,0,0.3,0.2,0,0,1
460.84,3,3,0,21.62,851,866,3,1239.95,0,1,0,0.109,0.3713606511140658,1,0.3,0.0,0,1,0
195.86,18,0,0,39.87,923,1335,0,667.54,0,0,0,0.158,0.2929667633948605,0,0.0,0.0,0,1,0
204.53,5,2,0,5.47,237,1008,4,2258.94,0,0,0,0.482,0.09050240271865624,1,0.4,0.0,0,0,1
3029.13,8,4,0,12.0,535,1591,4,1775.13,0,0,0,0.488,1.7054663791501747,0,0.4,0.0,1,0,0
282.5,16,6,1,59.56,587,309,4,675.73,1,0,0,0.124,0.4174486131839877,0,0.4,0.2,0,1,0
526.69,12,6,1,9.04,16,1774,1,527.28,0,0,0,0.419,0.9969902324524875,0,0.1,0.0,1,0,0
1248.95,0,4,0,25.36,1426,1331,2,708.08,0,0,0,0.12,1.7613668415411519,1,0.2,0.0,1,0,0
1294.09,17,6,1,59.3,694,1154,2,1666.5,0,0,1,0.289,0.7760659670164917,0,0.2,0.0,0,0,1
648.2,7,6,1,4.39,1413,340,3,1697.55,2,1,0,0.126,0.38161961673191847,0,0.3,0.4,0,1,0
933.04,1,2,0,9.06,452,845,2,909.8,0,1,0,0.411,1.0244180939833114,1,0.2,0.0,0,0,1
3088.35,17,0,0,44.14,779,657,6,1546.7,1,0,0,0.625,1.9954448536538087,0,0.6,0.2,1,0,0
1739.03,21,0,0,88.69,1143,1526,3,772.83,0,0,0,0.228,2.2473023790755073,0,0.3,0.0,0,1,0
11052.39,18,6,1,5.37,522,2078,3,2667.14,0,0,0,0.126,4.142357597427421,0,0.3,0.0,0,1,0
620.48,21,3,0,78.7,642,945,3,1175.6,0,0,0,0.317,0.527349991500935,0,0.3,0.0,0,1,0
3477.66,3,0,0,65.74,557,602,1,4125.73,0,0,0,0.178,0.8427156610682066,1,0.1,0.0,1,0,0
1285.11,22,5,1,65.54,540,430,0,2087.8,0,0,0,0.668,0.6152384144006127,0,0.0,0.0,0,1,0
7605.52,1,6,1,29.08,873,526,4,4994.96,0,0,0,0.378,1.5223340459090946,1,0.4,0.0,1,0,0
474.57,20,0,0,28.96,149,1208,4,3658.55,0,0,0,0.182,0.1296798786736074,0,0.4,0.0,0,1,0
2179.44,10,4,0,50.1,649,710,1,4330.58,0,0,1,0.074,0.5031512750543682,0,0.1,0.0,0,1,0
1955.88,6,2,0,1.18,862,832,2,1187.59,0,0,0,0.173,1.6455464037220575,0,0.2,0.0,0,1,0
12792.8,6,0,0,4.38,839,1817,6,1309.95,0,0,0,0.374,9.758419466798886,0,0.6,0.0,0,1,0
558.87,5,5,1,3.35,77,1862,6,890.65,0,0,0,0.433,0.6267818090057758,1,0.6,0.0,0,1,0
1056.78,23,6,1,25.17,483,1910,3,422.59,0,0,0,0.291,2.4948181024103495,1,0.3,0.0,1,0,0
4434.83,5,0,0,32.91,480,2222,1,1212.1,1,0,0,0.202,3.655782705465337,1,0.1,0.2,1,0,0
2738.96,3,5,1,0.61,965,2404,2,2118.55,0,0,0,0.073,1.2922365596470948,1,0.2,0.0,0,0,1
6236.45,8,1,0,10.36,996,155,0,1327.81,0,0,0,0.364,4.693259382454978,0,0.0,0.0,0,0,1
2127.76,6,6,1,50.52,681,443,2,385.01,0,0,0,0.348,5.512188803398876,0,0.2,0.0,0,1,0
1454.38,16,0,0,18.75,1420,2021,2,419.7,2,0,0,0.236,3.457047777513668,0,0.2,0.4,1,0,0
1029.37,17,5,1,16.49,283,1231,5,3476.69,0,0,0,0.208,0.2959924547616377,0,0.5,0.0,0,0,1
2413.64,11,4,0,30.04,1457,1230,1,450.91,1,0,0,0.067,5.340974972892832,0,0.1,0.2,0,0,1
4497.4,16,2,0,33.18,1343,925,4,669.78,1,0,0,0.342,6.704731804764602,0,0.4,0.2,0,1,0
5166.28,19,5,1,10.55,643,1000,3,1494.91,0,1,0,0.264,3.4536034921887007,0,0.3,0.0,0,1,0
7128.72,22,6,1,29.34,1466,284,2,3300.13,1,0,0,0.529,2.1594787239521014,0,0.2,0.2,0,0,1
1289.45,21,5,1,29.15,745,2350,2,1521.21,1,0,0,0.104,0.8470907430643604,0,0.2,0.2,0,0,1
2344.59,8,0,0,34.74,687,2074,2,2278.0,0,0,0,0.284,1.0287801667397982,0,0.2,0.0,0,1,0
2861.37,19,6,1,24.33,577,718,3,2350.62,0,0,0,0.161,1.2167654638079282,0,0.3,0.0,0,0,1
3201.99,10,1,0,10.1,1331,791,0,474.73,0,0,0,0.306,6.730687574884913,0,0.0,0.0,0,1,0
11860.83,7,4,0,76.55,633,1336,2,599.29,1,0,0,0.171,19.758500058305152,0,0.2,0.2,0,0,1
1624.02,11,2,0,64.17,1206,1338,5,2704.47,0,0,0,0.062,0.6002727806998415,0,0.5,0.0,1,0,0
3582.07,7,0,0,9.37,1267,813,1,3034.06,0,0,0,0.148,1.1802303743583324,0,0.1,0.0,0,0,1
1380.47,9,5,1,70.03,869,1866,2,1025.59,0,0,0,0.186,1.3447140533221638,0,0.2,0.0,0,0,1
1064.76,6,6,1,7.98,286,2237,2,1197.64,2,0,0,0.111,0.8883067476473335,0,0.2,0.4,0,0,1
9027.79,6,2,0,38.03,499,643,3,1590.45,1,0,0,0.371,5.672682145213485,0,0.3,0.2,1,0,0
867.6,0,1,0,62.53,1281,102,2,2474.71,0,0,0,0.364,0.35044492287061085,1,0.2,0.0,0,1,0
3222.8,22,3,0,35.53,953,2284,1,448.34,1,0,0,0.283,7.172297146926605,0,0.1,0.2,1,0,0
4336.65,23,1,0,16.65,726,2383,3,560.03,0,0,0,0.526,7.729800545425378,1,0.3,0.0,0,1,0
141.26,0,6,1,4.26,661,334,3,1706.37,0,0,0,0.193,0.08273543520150875,1,0.3,0.0,0,1,0
677.15,4,2,0,23.54,944,462,6,4086.6,0,0,0,0.338,0.16565955572952343,1,0.6,0.0,0,0,1
307.16,20,0,0,17.48,1314,1439,2,691.66,0,0,0,0.233,0.4434498888343488,0,0.2,0.0,0,0,1
2690.25,5,0,0,39.93,264,36,4,2068.02,0,0,0,0.503,1.3002532599974868,1,0.4,0.0,1,0,0
2815.79,6,0,0,26.97,25,2256,5,2897.26,0,0,0,0.224,0.971544995963095,0,0.5,0.0,0,1,0
972.07,23,3,0,14.1,1271,2149,3,1356.28,0,0,0,0.204,0.7161897324059885,1,0.3,0.0,0,1,0
558.67,5,4,0,43.58,580,1924,2,811.13,2,0,0,0.354,0.6879071084678561,1,0.2,0.4,0,0,1
10594.23,19,6,1,21.28,397,1098,1,827.21,0,0,1,0.158,12.791719491433332,0,0.1,0.0,0,1,0
402.56,20,0,0,82.06,547,1426,6,2766.3,0,0,0,0.319,0.14547031402450042,0,0.6,0.0,0,1,0
1333.9,17,4,0,17.8,1260,1470,2,1461.32,0,0,0,0.265,0.912180644455386,0,0.2,0.0,0,1,0
8995.0,1,2,0,43.3,924,365,4,1297.24,1,0,1,0.246,6.928611042642347,1,0.4,0.2,0,1,0
760.93,21,1,0,15.37,299,210,3,936.3,0,1,0,0.594,0.8118318574629254,0,0.3,0.0,0,0,1
1781.09,18,0,0,37.19,1459,1635,3,755.04,1,0,1,0.181,2.3558145071689327,0,0.3,0.2,0,0,1
317.06,18,0,0,41.29,1416,1632,5,880.3,0,0,0,0.143,0.3597639850221264,0,0.5,0.0,0,1,0
5743.03,20,0,0,64.36,426,1261,3,1360.74,0,0,0,0.062,4.217420359246258,0,0.3,0.0,1,0,0
6368.28,17,5,1,4.67,1365,2201,4,1913.4,0,0,0,0.271,3.3265148349352276,0,0.4,0.0,0,0,1
6326.51,21,0,0,0.02,19,109,3,1918.6,0,1,0,0.156,3.2957439049802044,0,0.3,0.0,1,0,0
2470.33,15,2,0,54.99,924,78,2,739.88,1,0,1,0.155,3.334318648094158,0,0.2,0.2,0,0,1
253.88,12,5,1,3.37,168,490,3,781.13,1,0,0,0.376,0.32460076969301777,0,0.3,0.2,0,0,1
1842.74,21,1,0,3.06,879,2441,0,2970.14,1,1,0,0.326,0.6202131168507711,0,0.0,0.2,0,1,0
519.24,20,2,0,39.72,406,2341,5,615.04,0,0,0,0.142,0.8428673462762158,0,0.5,0.0,0,1,0
1117.76,13,3,0,2.06,180,1188,3,1682.55,0,0,0,0.048,0.6639303851979448,0,0.3,0.0,0,1,0
909.86,6,6,1,18.14,1382,2089,1,1365.72,0,0,0,0.321,0.6657252399906345,0,0.1,0.0,0,0,1
1948.69,21,0,0,16.17,243,1971,0,2772.83,1,1,0,0.425,0.7025268311324054,0,0.0,0.2,1,0,0
580.53,23,3,0,3.53,227,1448,4,3070.43,1,0,0,0.216,0.1890096795303816,1,0.4,0.2,0,1,0
3987.01,18,2,0,3.83,845,1679,4,1055.74,0,0,0,0.411,3.7729337396142855,0,0.4,0.0,0,0,1
691.23,10,5,1,49.08,395,468,2,1547.98,0,0,0,0.285,0.4462484990122532,0,0.2,0.0,0,0,1
286.14,6,3,0,70.4,1302,937,3,3140.09,0,0,0,0.334,0.0910957661194044,0,0.3,0.0,1,0,0
508.56,8,2,0,18.54,1371,2320,1,1159.2,0,0,0,0.31,0.4383382175486985,0,0.1,0.0,1,0,0
1242.98,22,4,0,20.22,832,376,3,2335.18,1,0,0,0.294,0.532056605227337,0,0.3,0.2,0,0,1
2095.09,9,6,1,30.84,29,761,4,1098.74,0,0,1,0.349,1.9050775637878046,0,0.4,0.0,0,0,1
11121.02,17,5,1,32.46,940,1256,4,2371.34,0,0,0,0.134,4.687785056104943,0,0.4,0.0,0,1,0
437.3,17,6,1,16.51,178,835,5,715.21,0,1,1,0.16,0.6105751106519037,0,0.5,0.0,0,1,0
20443.83,11,0,0,84.95,1012,519,1,749.42,1,0,0,0.42,27.243183817062448,0,0.1,0.2,0,1,0
2851.51,14,6,1,60.33,1088,1492,4,1216.36,0,0,0,0.377,2.3423720181376098,0,0.4,0.0,0,0,1
2182.13,0,4,0,12.27,1047,88,2,1024.12,1,0,0,0.259,2.1286581083190264,1,0.2,0.2,1,0,0
2506.26,21,5,1,25.74,1080,1653,0,3195.79,0,0,0,0.216,0.7839926926698345,0,0.0,0.0,0,1,0
17330.75,9,1,0,5.32,1345,816,3,528.07,0,0,0,0.079,32.757007579337326,0,0.3,0.0,1,0,0
2346.62,5,2,0,36.48,1299,2300,2,3639.82,0,0,0,0.448,0.6445306277157343,1,0.2,0.0,0,1,0
10942.81,22,0,0,0.77,729,1066,2,505.11,0,1,0,0.356,21.621406413625493,0,0.2,0.0,0,0,1
2567.05,9,6,1,75.56,335,1509,4,649.46,0,0,0,0.552,3.946514774159825,0,0.4,0.0,0,1,0
653.29,17,0,0,29.66,1340,716,3,3016.39,0,0,0,0.224,0.21650830684797126,0,0.3,0.0,0,1,0
8794.04,19,5,1,16.18,1087,1579,2,1232.17,1,0,0,0.356,7.131247111103903,0,0.2,0.2,0,0,1
2269.3,20,5,1,52.03,291,1766,3,393.12,1,0,0,0.294,5.757890997665686,0,0.3,0.2,0,1,0
654.64,11,5,1,5.86,1128,426,6,1307.4,0,0,0,0.348,0.5003362885967594,0,0.6,0.0,1,0,0
427.45,10,3,0,33.92,729,1020,2,1879.41,0,0,0,0.177,0.22731744672704354,0,0.2,0.0,0,0,1
485.45,3,1,0,18.18,1248,954,1,1579.27,0,0,0,0.248,0.30719434020768605,1,0.1,0.0,1,0,0
1410.49,5,6,1,17.24,321,1686,2,5700.16,0,0,0,0.332,0.24740403707315706,1,0.2,0.0,0,1,0
1171.25,15,3,0,47.8,34,1998,4,750.99,0,0,0,0.407,1.5575340097607682,0,0.4,0.0,0,1,0
617.74,19,0,0,37.19,214,663,2,591.15,1,0,1,0.422,1.0432154015029975,0,0.2,0.2,1,0,0
2247.34,3,5,1,56.12,793,559,3,1075.38,0,0,0,0.361,2.0878685965922816,1,0.3,0.0,1,0,0
1281.18,22,4,0,14.57,569,1440,3,749.39,0,0,0,0.083,1.7073521768680286,0,0.3,0.0,1,0,0
1726.4,11,4,0,39.57,381,1943,5,2299.86,0,0,0,0.307,0.7503281381744218,0,0.5,0.0,0,1,0
1391.2,20,0,0,21.52,232,1629,3,809.5,0,0,0,0.114,1.7164713140037016,0,0.3,0.0,1,0,0
6366.47,11,6,1,50.1,7,1974,2,914.51,0,0,0,0.011,6.954014702187852,0,0.2,0.0,0,0,1
1458.02,5,6,1,77.58,686,1945,1,757.13,2,0,0,0.044,1.9231794019495336,1,0.1,0.4,0,1,0
2364.86,7,1,0,2.98,1334,1991,2,753.36,0,0,0,0.497,3.1349223182565353,0,0.2,0.0,0,1,0
6940.59,8,5,1,52.96,548,1129,4,1330.37,0,0,1,0.384,5.213118817458708,0,0.4,0.0,0,0,1
3397.48,14,0,0,25.38,37,1485,6,1431.77,0,1,0,0.3,2.3712668467374387,0,0.6,0.0,1,0,0
2711.78,17,5,1,0.28,685,1527,3,691.1,2,0,0,0.429,3.9181910128594137,0,0.3,0.4,0,0,1
900.49,17,5,1,51.62,781,219,1,4154.62,0,0,1,0.356,0.21669209407982443,0,0.1,0.0,0,1,0
1716.15,12,3,0,50.49,340,1063,5,6277.11,0,1,0,0.488,0.27335456052856677,0,0.5,0.0,0,0,1
1359.33,7,5,1,21.37,1485,2086,1,873.26,0,0,0,0.362,1.5548349461258664,0,0.1,0.0,0,0,1
10516.09,4,2,0,27.06,711,125,3,1711.73,0,0,0,0.308,6.139957845077741,1,0.3,0.0,0,1,0
117.69,23,1,0,40.74,1333,1693,0,1171.54,0,0,0,0.233,0.10037184232520853,1,0.0,0.0,0,1,0
383.83,23,6,1,37.27,354,393,4,1797.66,0,0,0,0.027,0.21339775165956879,1,0.4,0.0,0,0,1
520.56,4,3,0,33.83,39,1889,4,458.27,0,0,0,0.078,1.133450911228689,1,0.4,0.0,1,0,0
1848.94,17,1,0,5.07,1150,986,3,1628.46,0,0,0,0.181,1.134694929608582,0,0.3,0.0,0,1,0
2824.59,23,6,1,4.43,278,230,5,3010.97,0,1,0,0.051,0.9377882249823206,1,0.5,0.0,0,1,0
590.29,8,1,0,3.08,632,281,3,1775.55,1,0,0,0.126,0.33226759730939176,0,0.3,0.2,1,0,0
1345.92,9,2,0,3.33,554,634,9,1605.6,1,0,0,0.313,0.8377443047429355,0,0.9,0.2,0,1,0
3107.14,13,6,1,103.6,936,2186,3,536.21,1,0,0,0.008,5.783846168165149,0,0.3,0.2,0,1,0
8285.04,11,6,1,30.55,1274,1839,6,610.13,0,0,0,0.476,13.556919149771735,0,0.6,0.0,0,1,0
3009.45,21,0,0,22.83,137,139,4,1377.12,0,0,0,0.207,2.1837358140074885,0,0.4,0.0,0,0,1
8795.37,19,6,1,46.46,227,679,1,1024.68,0,0,1,0.169,8.575159893924031,0,0.1,0.0,1,0,0
1432.9,0,4,0,43.13,1409,761,2,924.64,0,0,0,0.327,1.5480100254958733,1,0.2,0.0,0,0,1
3363.29,0,3,0,27.96,291,111,1,893.42,0,0,0,0.448,3.760302766038327,1,0.1,0.0,0,1,0
3180.69,21,4,0,64.56,1307,1167,2,6004.4,1,0,1,0.506,0.5296383255070437,0,0.2,0.2,0,0,1
9484.12,12,6,1,38.38,1256,260,2,430.9,0,0,0,0.473,21.959064598286645,0,0.2,0.0,0,1,0
5391.49,9,2,0,15.74,408,47,6,1170.14,1,0,0,0.182,4.6036255272640325,0,0.6,0.2,0,1,0
2473.37,1,5,1,4.41,875,1790,7,627.04,0,0,0,0.273,3.938236418062544,1,0.7,0.0,0,1,0
1664.54,15,3,0,31.5,549,768,3,1540.85,1,0,0,0.569,1.0795732399390343,0,0.3,0.2,0,0,1
1259.81,3,2,0,15.77,197,573,2,1702.4,0,0,0,0.047,0.7395855348127274,1,0.2,0.0,1,0,0
1167.82,2,6,1,10.29,471,2443,2,2381.27,0,1,0,0.438,0.49021311606157153,1,0.2,0.0,0,1,0
788.85,16,5,1,1.71,910,948,3,4821.58,0,0,0,0.141,0.16357426937448422,0,0.3,0.0,0,0,1
1746.83,0,1,0,80.69,144,811,1,1698.54,0,0,0,0.213,1.0278251762241548,1,0.1,0.0,0,0,1
3985.69,16,1,0,2.36,559,1513,2,1934.56,0,0,0,0.214,2.059192171774577,0,0.2,0.0,1,0,0
3473.44,9,3,0,25.47,1443,1793,1,2668.49,0,0,0,0.333,1.301162394315019,0,0.1,0.0,0,0,1
1295.76,16,3,0,30.01,38,40,7,865.89,0,0,0,0.516,1.494722513813748,0,0.7,0.0,0,0,1
2864.02,4,3,0,48.35,773,1266,0,968.27,0,0,0,0.156,2.954821669916535,1,0.0,0.0,0,1,0
1194.04,3,3,0,68.61,1233,2459,10,1566.27,0,1,0,0.277,0.7618597944195958,1,1.0,0.0,0,1,0
1110.54,9,5,1,90.91,63,65,3,1549.74,0,0,1,0.266,0.7161355223957594,0,0.3,0.0,1,0,0
1206.09,2,5,1,76.88,1458,477,5,542.49,0,0,0,0.134,2.21915766619441,1,0.5,0.0,0,1,0
1179.29,7,4,0,45.11,444,1047,1,447.56,0,0,0,0.482,2.6290574282147317,0,0.1,0.0,0,0,1
1237.76,10,4,0,1.77,101,2100,3,981.82,0,0,0,0.167,1.2593964306790664,0,0.3,0.0,1,0,0
5007.03,12,6,1,17.13,342,1843,2,2322.76,2,0,0,0.203,2.1547104692395083,0,0.2,0.4,0,0,1
1540.77,14,0,0,17.98,371,615,3,715.54,0,1,0,0.055,2.1502916794596256,0,0.3,0.0,0,1,0
3201.64,4,5,1,50.91,1026,1995,3,967.04,0,0,0,0.168,3.3073426717904217,1,0.3,0.0,1,0,0
1624.56,6,1,0,26.77,1264,1290,6,2054.69,0,0,0,0.393,0.7902747982429257,0,0.6,0.0,0,1,0
2746.58,14,4,0,15.2,1476,290,5,2135.01,0,0,0,0.526,1.2858460400466287,0,0.5,0.0,0,1,0
4774.21,16,6,1,60.57,1211,85,4,643.88,1,0,0,0.081,7.4032533184468425,0,0.4,0.2,0,0,1
5958.5,20,2,0,9.69,1122,514,2,2934.32,2,0,0,0.417,2.0299320005995938,0,0.2,0.4,1,0,0
1621.3,12,4,0,30.56,1337,713,2,1387.73,1,0,0,0.186,1.1674695585174943,0,0.2,0.2,0,1,0
376.55,12,4,0,22.04,418,314,4,1054.8,0,0,0,0.219,0.35664898655048305,0,0.4,0.0,0,0,1
4113.91,20,4,0,80.55,781,82,3,1020.31,0,1,0,0.096,4.028071790151864,0,0.3,0.0,0,1,0
981.27,1,4,0,8.01,377,1976,5,1290.28,0,0,0,0.201,0.7599203890713091,1,0.5,0.0,1,0,0
6630.46,12,6,1,33.28,393,499,2,594.75,0,0,0,0.248,11.129601342845152,0,0.2,0.0,0,0,1
1212.69,16,4,0,34.43,2,1673,4,1022.41,0,0,0,0.53,1.1849503131687205,0,0.4,0.0,1,0,0
3924.4,20,6,1,47.52,996,84,5,1556.98,0,0,0,0.147,2.518902681677557,0,0.5,0.0,0,0,1
937.45,3,5,1,17.32,150,839,5,1757.71,0,0,1,0.563,0.5330327342199681,1,0.5,0.0,0,0,1
2232.24,3,0,0,48.06,940,1625,6,1393.93,1,0,0,0.419,1.600252342411447,1,0.6,0.2,1,0,0
1712.71,22,0,0,20.97,1135,597,3,4742.68,0,0,0,0.158,0.3610509140582838,0,0.3,0.0,0,1,0
4978.5,22,2,0,2.45,138,1875,1,1014.78,1,0,0,0.362,4.901159699935025,0,0.1,0.2,0,0,1
4928.25,1,4,0,15.32,208,1702,0,1203.03,0,1,0,0.134,4.093128908748121,1,0.0,0.0,0,0,1
7092.6,17,0,0,13.53,1089,1507,4,1942.54,0,0,0,0.207,3.6493203124196056,0,0.4,0.0,0,0,1
1902.68,15,4,0,24.39,63,647,3,1304.53,0,0,0,0.232,1.4574004427320706,0,0.3,0.0,0,0,1
3992.54,16,2,0,22.53,1481,1762,1,1778.4,1,0,0,0.087,2.2437563223558503,0,0.1,0.2,0,0,1
752.43,23,4,0,18.15,873,617,8,2555.98,2,0,0,0.173,0.2942651096215066,1,0.8,0.4,0,1,0
1654.83,9,5,1,30.62,1050,1461,2,1966.94,1,0,0,0.365,0.8408945394676667,0,0.2,0.2,0,1,0
1893.09,14,6,1,68.58,724,130,2,1075.08,0,0,1,0.093,1.7592465244219762,0,0.2,0.0,0,1,0
3537.1,17,5,1,6.91,650,1953,4,935.2,0,0,0,0.361,3.778145695364238,0,0.4,0.0,0,1,0
3024.14,5,4,0,9.51,629,2477,5,1220.87,0,0,0,0.438,2.4750096164076374,1,0.5,0.0,0,0,1
4871.72,2,6,1,32.54,969,464,1,3440.28,0,0,0,0.287,1.4156709131485958,1,0.1,0.0,1,0,0
484.11,14,4,0,37.87,586,2258,4,3167.95,1,0,1,0.268,0.15276668928193882,0,0.4,0.2,0,1,0
1438.8,18,0,0,2.89,1105,2314,4,1123.18,0,0,0,0.055,1.2798662135956873,0,0.4,0.0,1,0,0
2476.64,4,5,1,7.12,1083,282,3,2856.65,0,0,0,0.655,0.8666701660455268,1,0.3,0.0,0,0,1
1935.53,4,3,0,30.32,199,89,3,1862.55,0,0,0,0.156,1.0386252045826514,1,0.3,0.0,0,0,1
3600.62,5,5,1,55.34,427,1686,0,2168.82,0,0,0,0.267,1.6594095362748982,1,0.0,0.0,0,0,1
1892.96,15,0,0,20.16,1455,1607,3,2133.43,0,0,0,0.212,0.8868690938564395,0,0.3,0.0,1,0,0
1257.03,6,6,1,25.39,1415,504,2,2015.38,0,1,0,0.397,0.6234092780130729,0,0.2,0.0,0,0,1
2356.22,16,5,1,18.02,89,984,0,2067.35,0,0,1,0.377,1.1391785722919234,0,0.0,0.0,0,1,0
2281.43,22,1,0,18.29,735,1845,3,2525.94,1,0,0,0.119,0.9028429642175911,0,0.3,0.2,0,0,1
1086.2,14,4,0,34.54,831,351,6,623.07,0,0,0,0.129,1.7405098786995048,0,0.6,0.0,0,1,0
4552.27,16,0,0,11.98,419,1798,3,2839.66,0,0,0,0.178,1.6025395506678028,0,0.3,0.0,0,0,1
1539.84,10,5,1,2.03,185,2366,4,896.52,1,0,0,0.21,1.7156609323469114,0,0.4,0.2,0,0,1
958.12,14,5,1,4.08,542,2107,1,1647.19,0,0,1,0.084,0.581316474435593,0,0.1,0.0,0,0,1
757.06,14,6,1,2.41,447,1611,3,2921.3,1,0,0,0.089,0.2590630667624816,0,0.3,0.2,0,1,0
715.99,7,1,0,36.92,1223,1278,2,4322.67,1,0,0,0.353,0.16559774450871598,0,0.2,0.2,0,1,0
2830.58,6,1,0,69.9,786,1841,2,1158.2,0,0,0,0.044,2.441839199447895,0,0.2,0.0,0,1,0
83.49,6,3,0,34.26,1265,674,5,3454.36,0,0,0,0.371,0.024162460640859414,0,0.5,0.0,0,0,1
6068.01,12,0,0,72.86,120,264,2,1276.73,0,0,0,0.467,4.749054964663896,0,0.2,0.0,1,0,0
2848.48,6,3,0,65.31,905,2291,1,1510.97,0,0,0,0.367,1.8839527239297076,0,0.1,0.0,0,1,0
560.92,14,0,0,12.04,586,988,3,494.68,0,1,0,0.031,1.1316171723692705,0,0.3,0.0,0,1,0
28242.1,20,2,0,49.12,295,1714,6,1764.39,0,0,0,0.288,15.997654909113566,0,0.6,0.0,0,1,0
6441.96,18,3,0,45.34,616,1510,6,1443.8,0,0,0,0.298,4.458720930232558,0,0.6,0.0,0,1,0
7241.95,20,4,0,15.61,302,1379,4,1340.73,0,0,0,0.226,5.397471920580147,0,0.4,0.0,0,1,0
909.67,15,2,0,32.89,834,381,2,526.2,0,0,0,0.312,1.7254742033383912,0,0.2,0.0,1,0,0
635.98,6,0,0,48.69,463,408,3,2924.02,0,0,0,0.475,0.21742757314479902,0,0.3,0.0,0,0,1
957.73,0,6,1,24.96,136,107,4,1739.27,1,0,0,0.109,0.5503341435524373,1,0.4,0.2,0,1,0
12400.18,9,0,0,12.39,492,499,2,2541.79,1,0,0,0.115,4.87660404516299,0,0.2,0.2,1,0,0
865.06,16,5,1,26.32,958,2383,6,2361.18,0,0,0,0.14,0.36621256635819455,0,0.6,0.0,1,0,0
3030.0,4,0,0,34.72,1336,1651,5,3195.1,0,0,0,0.337,0.9480304120647038,1,0.5,0.0,1,0,0
501.7,2,5,1,51.93,603,1977,4,344.75,0,0,0,0.177,1.4510484454085322,1,0.4,0.0,0,0,1
1371.78,14,6,1,76.33,646,1159,2,352.06,1,0,0,0.387,3.8854019146887215,0,0.2,0.2,1,0,0
3299.03,7,4,0,69.63,1287,244,3,2454.67,2,0,0,0.24,1.3434337675664891,0,0.3,0.4,0,0,1
2396.86,6,5,1,21.44,679,1521,4,877.08,0,0,0,0.064,2.729660167638484,0,0.4,0.0,0,1,0
915.34,13,0,0,21.58,1144,919,6,1922.41,0,0,0,0.517,0.47589437509423366,0,0.6,0.0,0,0,1
372.33,22,3,0,47.97,1178,1580,1,1443.07,0,0,0,0.088,0.2578337615212559,0,0.1,0.0,0,1,0
1477.64,5,4,0,3.75,571,378,2,1148.16,1,0,0,0.039,1.2858435726965785,1,0.2,0.2,0,0,1
1169.2,22,2,0,16.6,415,1200,2,4791.76,0,0,0,0.039,0.24395129320057754,0,0.2,0.0,0,0,1
649.08,13,0,0,5.76,684,343,1,665.43,1,0,0,0.275,0.9739657578440347,0,0.1,0.2,1,0,0
900.13,20,0,0,123.58,808,1929,1,619.19,0,0,0,0.341,1.4513778035763232,0,0.1,0.0,1,0,0
975.98,14,5,1,3.78,725,2398,6,1124.62,0,0,0,0.486,0.8670599314155755,0,0.6,0.0,1,0,0
13224.62,4,2,0,14.53,848,1037,4,2114.56,1,1,0,0.284,6.2511202707557345,1,0.4,0.2,0,1,0
2889.58,1,3,0,35.77,844,1563,4,1252.4,0,0,0,0.099,2.3053933301420133,1,0.4,0.0,0,0,1
1863.91,14,5,1,51.71,1210,2275,3,2735.03,0,0,0,0.288,0.6812461851660983,0,0.3,0.0,0,0,1
4439.33,6,5,1,2.53,473,463,5,4924.41,0,0,0,0.199,0.9013117689694868,0,0.5,0.0,1,0,0
786.58,15,4,0,3.55,518,2379,4,6521.76,0,0,0,0.243,0.120590056969749,0,0.4,0.0,0,0,1
773.19,15,1,0,16.56,1362,1901,0,479.7,0,0,0,0.306,1.6084668192219682,0,0.0,0.0,1,0,0
1480.51,5,5,1,17.09,642,646,1,1287.27,2,0,0,0.39,1.1492233770871012,1,0.1,0.4,0,1,0
6817.9,20,3,0,115.03,414,1462,2,2600.4,0,0,0,0.345,2.6208579995387096,0,0.2,0.0,0,0,1
4741.08,8,6,1,89.13,801,144,4,2827.22,1,0,0,0.191,1.6763476674374695,0,0.4,0.2,0,1,0
1511.55,23,6,1,85.02,919,460,1,822.9,1,0,0,0.296,1.8346279888335963,1,0.1,0.2,1,0,0
1480.41,20,4,0,34.55,1061,1148,3,1128.85,0,1,0,0.265,1.310271274948002,0,0.3,0.0,0,0,1
2382.84,19,5,1,19.96,1470,727,5,1028.32,0,1,0,0.317,2.3149652197567328,0,0.5,0.0,0,1,0
1132.76,21,6,1,36.15,1313,1332,7,931.94,1,0,0,0.344,1.214183120029155,0,0.7,0.2,1,0,0
870.17,6,3,0,1.04,1138,448,3,1645.06,0,0,0,0.171,0.5286380812364069,0,0.3,0.0,0,1,0
522.06,9,1,0,7.32,1311,1931,4,736.69,0,1,0,0.093,0.7076956445119222,0,0.4,0.0,0,0,1
4780.97,13,6,1,5.39,1085,789,2,876.31,0,0,0,0.211,5.449578826184587,0,0.2,0.0,0,1,0
866.36,17,3,0,27.92,857,328,3,1613.01,1,0,0,0.226,0.5367748650875769,0,0.3,0.2,0,1,0
1515.9,13,3,0,38.93,1103,597,1,1563.59,1,0,0,0.341,0.9688800260771193,0,0.1,0.2,1,0,0
1700.16,16,4,0,30.99,981,1696,2,839.94,0,0,0,0.539,2.021737579375461,0,0.2,0.0,0,1,0
5891.9,11,0,0,45.92,1026,294,2,1057.45,0,0,0,0.425,5.566535972412489,0,0.2,0.0,0,0,1
2475.18,23,1,0,13.62,661,1111,2,334.02,0,0,0,0.479,7.388155930989194,1,0.2,0.0,0,0,1
2516.0,15,0,0,6.84,407,1446,3,2388.54,0,0,0,0.206,1.0529223197770283,0,0.3,0.0,0,1,0
1788.27,3,3,0,24.13,340,81,2,1274.3,1,0,1,0.255,1.4022347682898142,1,0.2,0.2,0,1,0
866.78,8,2,0,7.57,64,1297,5,2095.93,1,0,0,0.08,0.4133566690352086,0,0.5,0.2,0,1,0
1207.62,7,5,1,0.5,62,1403,3,409.0,0,0,0,0.125,2.945414634146341,0,0.3,0.0,0,0,1
791.15,21,6,1,21.13,446,276,2,2331.27,1,0,0,0.129,0.33921887260051364,0,0.2,0.2,1,0,0
1724.3,8,4,0,35.28,982,632,1,649.33,0,0,0,0.39,2.6514231236449186,0,0.1,0.0,0,1,0
917.06,23,6,1,7.88,342,1877,2,1306.41,0,0,0,0.184,0.701432603391438,1,0.2,0.0,0,0,1
11365.8,20,1,0,1.66,50,1122,5,1188.48,1,0,0,0.019,9.555267848135319,0,0.5,0.2,0,0,1
2108.94,19,5,1,6.75,165,1392,4,594.24,1,0,0,0.325,3.5430078623748402,0,0.4,0.2,0,0,1
3448.65,6,6,1,47.49,721,357,4,1142.86,0,0,0,0.231,3.014923154931548,0,0.4,0.0,0,0,1
4172.98,5,1,0,35.42,589,2127,4,359.48,1,0,1,0.739,11.576176209498446,1,0.4,0.2,0,1,0
1002.32,0,2,0,4.4,112,515,5,1408.58,0,0,0,0.123,0.7110770584145633,1,0.5,0.0,1,0,0
403.01,5,6,1,64.46,551,1671,4,899.05,1,0,0,0.225,0.4477640131103828,1,0.4,0.2,1,0,0
476.82,3,6,1,34.76,112,1610,3,1107.11,0,0,0,0.48,0.43030024095080815,1,0.3,0.0,1,0,0
857.57,8,6,1,78.68,712,966,3,1517.29,0,0,1,0.236,0.5648262189700255,0,0.3,0.0,0,0,1
719.76,5,5,1,92.27,978,1593,4,2473.43,0,0,0,0.484,0.29087911155296375,1,0.4,0.0,0,0,1
1239.28,6,0,0,5.09,1023,2484,4,2222.73,0,0,0,0.313,0.5572978733929029,0,0.4,0.0,0,1,0
2697.44,14,4,0,54.23,1251,2079,4,2709.76,0,0,0,0.154,0.9950862488748542,0,0.4,0.0,1,0,0
2217.17,19,3,0,13.87,366,1440,3,1465.39,1,0,0,0.708,1.5119920348611215,0,0.3,0.2,0,0,1
902.33,21,1,0,12.54,759,690,3,402.04,0,0,1,0.305,2.2388100436681224,0,0.3,0.0,0,0,1
512.74,8,1,0,33.11,1244,684,0,575.78,0,0,0,0.057,0.8889697978431985,0,0.0,0.0,0,1,0
146.93,15,6,1,19.76,1181,1987,5,1147.01,0,1,0,0.084,0.12798669001141105,0,0.5,0.0,1,0,0
4568.97,6,4,0,2.1,1471,35,1,1767.78,0,1,0,0.178,2.583119438256878,0,0.1,0.0,0,1,0
1914.86,18,1,0,23.05,119,904,3,1302.84,1,0,0,0.067,1.468631120382869,0,0.3,0.2,0,0,1
1653.72,21,3,0,84.83,955,1058,1,615.5,0,0,0,0.089,2.6824330900243307,0,0.1,0.0,1,0,0
4590.36,22,2,0,5.62,254,1435,2,1489.68,2,0,0,0.17,3.0793731719752055,0,0.2,0.4,1,0,0
3764.73,9,4,0,18.39,753,1024,5,1133.32,0,0,0,0.114,3.3189311658085905,0,0.5,0.0,0,1,0
2377.16,13,6,1,28.46,690,2038,3,1665.05,0,0,0,0.179,1.4268239248521952,0,0.3,0.0,1,0,0
1453.45,22,1,0,35.6,1028,1996,2,2069.95,0,0,0,0.071,0.7018276636326325,0,0.2,0.0,0,1,0
608.77,1,0,0,73.49,28,1899,6,1871.9,0,0,0,0.419,0.32504137967857333,1,0.6,0.0,1,0,0
6452.97,14,5,1,27.4,687,1434,4,1487.89,0,0,0,0.216,4.334081093969333,0,0.4,0.0,0,1,0
3891.75,9,1,0,11.46,701,2365,4,3497.59,0,0,1,0.384,1.1123767003278464,0,0.4,0.0,0,1,0
6767.61,9,2,0,56.81,1242,1161,7,542.78,1,0,1,0.605,12.445492662473795,0,0.7,0.2,0,0,1
1588.69,15,3,0,8.26,1439,2171,2,1943.86,2,0,0,0.273,0.8168659954958198,0,0.2,0.4,0,1,0
960.4,12,6,1,1.29,1174,1525,3,2350.31,0,0,0,0.2,0.40845316015327626,0,0.3,0.0,1,0,0
479.05,9,2,0,33.61,1172,1475,1,2451.08,0,0,0,0.222,0.1953647515578611,0,0.1,0.0,0,0,1
1180.85,13,5,1,18.12,733,1504,3,1535.82,0,0,0,0.47,0.7683723533009721,0,0.3,0.0,0,0,1
320.18,3,1,0,14.01,372,1150,2,802.56,0,0,0,0.018,0.3984518890935338,1,0.2,0.0,0,0,1
1925.56,8,2,0,39.15,220,451,0,1413.03,1,0,0,0.455,1.361753286705374,0,0.0,0.2,1,0,0
513.72,14,1,0,11.11,995,59,2,1166.06,0,0,0,0.341,0.4401830240090484,0,0.2,0.0,1,0,0
2231.12,17,2,0,5.4,939,1625,5,2620.45,0,0,0,0.306,0.8511014896335998,0,0.5,0.0,0,1,0
1816.89,23,6,1,15.64,1023,2367,2,849.77,1,0,0,0.16,2.135583060051483,1,0.2,0.2,0,0,1
897.64,6,1,0,28.69,1016,400,3,2122.09,0,0,0,0.392,0.4227988450795774,0,0.3,0.0,1,0,0
26847.06,5,5,1,47.19,176,527,3,1620.47,0,0,0,0.38,16.55723510148199,1,0.3,0.0,0,1,0
1073.91,1,2,0,7.7,1429,1647,5,1312.55,0,0,0,0.161,0.8175630923832363,1,0.5,0.0,0,1,0
3592.96,12,2,0,13.98,1031,1266,6,3653.51,0,0,1,0.233,0.9831577968044963,0,0.6,0.0,0,1,0
403.02,13,4,0,50.86,615,282,4,782.26,1,0,1,0.134,0.5145417868906876,0,0.4,0.2,1,0,0
1408.13,17,2,0,11.22,483,1219,5,1394.97,0,0,0,0.086,1.0087107889138018,0,0.5,0.0,0,1,0
2933.37,20,3,0,33.69,1334,1773,2,2949.89,0,0,0,0.561,0.9940628081697386,0,0.2,0.0,1,0,0
1468.39,3,6,1,23.12,1413,234,0,156.9,0,0,0,0.171,9.29949335022166,1,0.0,0.0,0,1,0
1658.28,10,4,0,88.42,479,592,1,1251.28,0,0,0,0.338,1.3242086434343756,0,0.1,0.0,1,0,0
1069.59,5,6,1,18.19,376,1079,1,1955.49,0,1,0,0.493,0.5466882018308297,1,0.1,0.0,0,0,1
637.19,6,1,0,66.2,866,1651,2,1086.4,3,1,0,0.298,0.5859757219054625,0,0.2,0.6,0,1,0
364.47,3,4,0,37.52,1475,224,3,919.68,1,0,0,0.191,0.3958704435851762,1,0.3,0.2,0,1,0
2700.72,7,0,0,12.25,1341,586,5,1427.88,0,0,0,0.107,1.8900957393203066,0,0.5,0.0,0,0,1
1097.45,23,1,0,26.84,1172,152,1,2097.06,0,0,1,0.283,0.5230784629610211,1,0.1,0.0,0,1,0
8212.98,5,1,0,79.22,1154,1365,5,1480.8,1,0,0,0.064,5.542569847482791,1,0.5,0.2,0,0,1
125.04,17,4,0,40.03,1433,1613,6,3200.78,0,0,0,0.379,0.03905327661488297,0,0.6,0.0,1,0,0
2426.16,2,5,1,21.14,925,169,1,788.68,1,0,0,0.783,3.0723330969506635,1,0.1,0.2,0,0,1
2133.34,8,6,1,25.83,179,523,9,4066.38,0,0,0,0.67,0.5244998008546042,0,0.9,0.0,1,0,0
1848.2,13,1,0,4.82,264,1419,1,254.44,1,0,0,0.274,7.235358596930786,0,0.1,0.2,1,0,0
2728.64,22,4,0,3.66,954,686,2,4804.28,0,0,0,0.466,0.5678420404222022,0,0.2,0.0,0,0,1
573.45,20,2,0,65.01,671,1825,6,992.02,0,0,0,0.172,0.5774808160963526,0,0.6,0.0,0,1,0
863.88,19,4,0,14.5,1283,1873,5,5383.23,1,0,0,0.583,0.160446340516657,0,0.5,0.2,0,1,0
1596.67,16,4,0,69.31,88,939,3,1124.81,2,0,0,0.237,1.4182410886384027,0,0.3,0.4,1,0,0
7280.1,13,2,0,0.73,822,1068,1,3362.78,1,0,1,0.343,2.1642616342329166,0,0.1,0.2,0,0,1
708.84,21,0,0,62.89,725,1145,4,1311.83,0,1,0,0.154,0.539932816891753,0,0.4,0.0,1,0,0
28949.75,10,1,0,35.77,1484,2238,5,1379.08,0,0,1,0.494,20.97686366007768,0,0.5,0.0,0,0,1
4767.49,8,2,0,60.48,601,1018,3,272.09,0,0,0,0.181,17.457578087809882,0,0.3,0.0,0,0,1
875.01,14,2,0,14.17,117,499,1,1924.1,0,0,0,0.282,0.4545270375564906,0,0.1,0.0,0,1,0
4622.32,13,4,0,6.4,786,381,4,1010.51,0,0,0,0.293,4.569722494092989,0,0.4,0.0,0,0,1
3364.56,7,3,0,15.74,594,1508,4,2551.03,0,0,0,0.236,1.3183857556533425,0,0.4,0.0,0,0,1
1616.89,23,2,0,28.92,352,1206,3,2554.8,0,0,0,0.381,0.632635573988575,1,0.3,0.0,0,0,1
4164.96,1,3,0,19.07,1043,970,1,2539.05,0,0,0,0.067,1.639715753626897,1,0.1,0.0,1,0,0
1509.38,7,6,1,7.82,1054,249,7,1282.18,0,1,0,0.225,1.1762808023815834,0,0.7,0.0,0,1,0
1085.48,13,1,0,34.86,66,1660,3,6655.57,0,1,0,0.213,0.16306896795196327,0,0.3,0.0,1,0,0
1693.72,9,2,0,28.47,1029,599,1,1341.61,2,0,0,0.047,1.2615130231414933,0,0.1,0.4,0,1,0
7815.82,10,3,0,52.74,1118,1915,1,1271.13,0,0,0,0.107,6.143884665875342,0,0.1,0.0,0,1,0
2325.64,23,1,0,52.94,161,721,5,989.83,0,0,0,0.464,2.3471634891959265,1,0.5,0.0,0,1,0
8498.79,16,3,0,6.57,1103,1760,6,1319.15,2,0,0,0.443,6.437745710714692,0,0.6,0.4,1,0,0
1590.82,4,3,0,37.69,84,1536,2,3434.83,0,0,0,0.136,0.4630089381605027,1,0.2,0.0,1,0,0
4020.87,4,0,0,19.14,1060,1234,3,2648.57,0,0,0,0.466,1.5175556788460014,1,0.3,0.0,1,0,0
481.42,20,0,0,58.98,586,71,2,2101.51,0,0,0,0.424,0.22897394067091237,0,0.2,0.0,1,0,0
1994.1,22,5,1,0.68,29,1576,3,874.79,0,0,0,0.334,2.276915698968931,0,0.3,0.0,0,0,1
3101.32,19,1,0,50.37,284,1212,2,1380.29,0,0,0,0.576,2.2452345271449152,0,0.2,0.0,1,0,0
870.49,4,2,0,94.48,575,514,3,1013.33,1,0,0,0.352,0.8581921071051827,1,0.3,0.2,1,0,0
3660.44,7,3,0,14.3,871,1129,4,3477.64,0,0,0,0.044,1.0522618034634226,0,0.4,0.0,0,1,0
617.36,9,0,0,8.32,496,1729,2,2681.49,0,0,0,0.286,0.23014438078054347,0,0.2,0.0,1,0,0
306.46,3,0,0,10.38,1336,733,3,1373.83,1,0,0,0.532,0.22290755948008117,1,0.3,0.2,0,0,1
3354.09,6,6,1,66.16,303,1726,1,1213.01,0,0,1,0.684,2.762819087157437,0,0.1,0.0,0,0,1
790.34,19,2,0,70.05,596,1488,3,1073.71,0,1,0,0.357,0.7353983865414856,0,0.3,0.0,1,0,0
2189.47,7,6,1,68.39,772,1225,3,2726.13,0,0,0,0.386,0.8028476823620435,0,0.3,0.0,0,1,0
624.2,17,4,0,48.18,752,2474,6,609.66,1,0,0,0.434,1.0221727311433533,0,0.6,0.2,0,0,1
1342.4,15,2,0,34.24,933,964,4,1496.67,0,0,0,0.171,0.8963256258054177,0,0.4,0.0,0,0,1
3234.69,12,3,0,29.27,1199,1262,5,1896.31,0,1,0,0.18,1.7048821752902794,0,0.5,0.0,0,0,1
587.35,15,0,0,73.13,969,1351,3,1299.68,0,0,0,0.113,0.45157148568441124,0,0.3,0.0,0,0,1
5271.55,13,2,0,10.71,49,2101,2,2775.0,0,0,0,0.19,1.8989733429394813,0,0.2,0.0,0,1,0
642.3,13,5,1,37.99,539,947,5,1444.2,0,0,0,0.412,0.4444367561583171,0,0.5,0.0,1,0,0
5179.76,23,6,1,54.71,1381,761,2,1701.3,0,0,0,0.336,3.042800916407214,1,0.2,0.0,1,0,0
1310.58,18,5,1,35.88,675,511,5,809.1,0,1,0,0.409,1.6178002715714108,0,0.5,0.0,1,0,0
5219.95,12,6,1,58.04,1366,1429,8,1111.28,1,0,1,0.366,4.693017945121732,0,0.8,0.2,0,1,0
10904.14,15,6,1,37.78,525,623,2,3247.46,1,0,0,0.371,3.356710564390511,0,0.2,0.2,0,0,1
929.23,19,3,0,1.55,1204,843,2,901.77,1,0,0,0.074,1.0293097909766609,0,0.2,0.2,0,0,1
2288.08,17,4,0,64.11,230,141,7,1496.94,0,0,0,0.569,1.5274844119257112,0,0.7,0.0,0,1,0
318.75,4,0,0,6.46,253,1425,7,824.47,0,0,0,0.117,0.3861436514955116,1,0.7,0.0,0,1,0
1155.89,9,1,0,21.93,1209,351,3,1121.69,0,1,0,0.507,1.0295718319393599,0,0.3,0.0,1,0,0
2755.62,4,6,1,69.15,36,1672,0,739.02,0,0,0,0.345,3.7237101699954054,1,0.0,0.0,0,1,0
607.49,6,0,0,14.62,614,1740,1,3506.31,1,0,0,0.432,0.17320681662014478,0,0.1,0.2,0,0,1
4166.38,7,4,0,46.41,1289,161,1,5203.04,0,0,0,0.071,0.8006049146432388,0,0.1,0.0,1,0,0
2548.47,12,2,0,1.68,981,2000,2,4936.84,0,0,0,0.067,0.5161102830387375,0,0.2,0.0,0,1,0
1971.74,9,2,0,11.75,1165,1980,3,5402.89,0,0,0,0.211,0.3648741924798617,0,0.3,0.0,1,0,0
2026.81,14,1,0,16.32,1163,1285,6,2802.96,0,0,0,0.084,0.7228384142427139,0,0.6,0.0,0,0,1
3428.65,18,3,0,64.22,805,2030,1,1028.55,1,0,0,0.38,3.330241367587781,0,0.1,0.2,0,0,1
9957.86,10,4,0,40.67,1237,2488,5,768.63,0,0,0,0.112,12.938502916986085,0,0.5,0.0,0,0,1
1101.76,21,4,0,10.75,1319,635,3,1960.71,0,0,0,0.398,0.5616324533187882,0,0.3,0.0,0,1,0
1074.26,10,3,0,41.8,995,400,0,638.24,0,0,0,0.259,1.680526875664852,0,0.0,0.0,0,1,0
3400.77,4,1,0,1.59,1179,1415,2,3564.96,0,0,0,0.378,0.9536758684898317,1,0.2,0.0,0,0,1
321.43,2,3,0,91.82,1111,691,2,1892.04,0,0,0,0.156,0.16979567256898956,1,0.2,0.0,1,0,0
10493.25,22,3,0,4.06,607,436,3,870.65,0,0,0,0.512,12.038375494751334,0,0.3,0.0,1,0,0
1802.25,22,2,0,21.33,1159,127,3,1524.56,0,0,0,0.067,1.1813694643278534,0,0.3,0.0,1,0,0
2474.66,3,6,1,22.49,1081,812,2,1235.03,1,0,0,0.418,2.002103508814511,1,0.2,0.2,0,1,0
739.43,9,2,0,5.65,1014,996,0,311.0,0,0,0,0.474,2.3699679487179486,0,0.0,0.0,0,0,1
3445.67,1,5,1,21.66,731,344,4,1734.69,1,1,0,0.242,1.9851874470671607,1,0.4,0.2,0,0,1
7551.56,10,6,1,35.94,850,637,2,2996.07,0,0,0,0.13,2.5196475224135573,0,0.2,0.0,1,0,0
5344.44,10,5,1,20.38,207,1430,2,946.4,0,0,0,0.246,5.641165294490183,0,0.2,0.0,0,1,0
1571.24,0,5,1,21.45,434,1840,5,1345.48,0,0,0,0.252,1.166924128096964,1,0.5,0.0,1,0,0
4994.51,13,3,0,13.09,97,1402,1,4830.9,1,0,1,0.308,1.0336534282580352,0,0.1,0.2,1,0,0
2180.7,12,6,1,5.25,959,343,2,1868.59,1,0,0,0.315,1.1664054685786722,0,0.2,0.2,0,1,0
1114.02,21,5,1,43.26,860,2244,2,1472.23,1,0,0,0.399,0.7561752068583996,0,0.2,0.2,0,0,1
902.11,21,1,0,41.75,2,677,3,1354.02,0,0,0,0.276,0.6657540110109076,0,0.3,0.0,0,0,1
49071.81,11,3,0,47.45,1340,190,3,2133.21,0,0,0,0.147,22.992962267068375,0,0.3,0.0,0,1,0
5383.82,6,1,0,26.95,1495,2460,5,4853.25,0,0,0,0.092,1.1090940928052737,0,0.5,0.0,0,1,0
4361.84,14,2,0,28.09,481,1557,5,4504.65,1,0,0,0.209,0.9680822966719564,0,0.5,0.2,1,0,0
3509.83,15,1,0,29.36,509,105,5,1776.95,0,0,0,0.059,1.9740881352119013,0,0.5,0.0,0,1,0
1194.88,5,0,0,66.33,667,401,2,4872.76,0,0,0,0.187,0.24516594990315488,1,0.2,0.0,1,0,0
14445.21,23,2,0,54.25,1242,665,1,1022.4,0,0,0,0.541,14.114920852061754,1,0.1,0.0,0,1,0
1046.19,6,6,1,8.92,231,674,3,1748.98,0,0,1,0.271,0.5978296894821655,0,0.3,0.0,0,0,1
4548.85,9,3,0,8.94,1351,2092,5,1100.26,0,0,0,0.141,4.130586782412873,0,0.5,0.0,0,1,0
421.11,12,5,1,17.87,1259,296,5,570.49,0,0,0,0.547,0.7368632871966264,0,0.5,0.0,1,0,0
2184.93,15,1,0,7.73,11,350,2,459.83,0,0,0,0.54,4.741292884577827,0,0.2,0.0,0,1,0
1864.58,7,3,0,18.31,157,370,1,1318.31,0,0,0,0.293,1.4132993761890684,0,0.1,0.0,1,0,0
622.88,17,6,1,10.39,640,581,2,1825.79,0,0,0,0.059,0.3409696790545164,0,0.2,0.0,0,0,1
121.79,14,5,1,27.32,264,1942,2,2393.01,0,0,0,0.271,0.050872803371748654,0,0.2,0.0,0,0,1
7290.69,17,1,0,7.69,70,235,1,735.39,0,1,0,0.144,9.900582571735086,0,0.1,0.0,0,1,0
4005.68,12,6,1,45.7,1338,291,5,1302.31,1,0,0,0.492,3.0734667884079765,0,0.5,0.2,0,0,1
1670.89,10,1,0,2.28,323,2253,2,2696.03,0,0,0,0.209,0.6195296307419643,0,0.2,0.0,1,0,0
5905.27,10,6,1,2.49,402,1112,4,1428.6,0,0,0,0.261,4.130714885282597,0,0.4,0.0,1,0,0
5497.38,5,6,1,79.69,1208,1748,2,1546.87,0,0,0,0.199,3.551577328845446,1,0.2,0.0,0,1,0
1050.5,13,3,0,0.8,310,1778,4,828.72,0,0,0,0.314,1.2660897652220027,0,0.4,0.0,0,1,0
795.5,16,2,0,33.18,242,2420,0,1042.02,1,0,0,0.469,0.7626891143026979,0,0.0,0.2,0,0,1
1540.83,9,2,0,9.98,808,251,2,3560.7,0,0,0,0.118,0.43261083190611227,0,0.2,0.0,0,0,1
604.05,15,5,1,35.92,1285,899,0,296.97,0,0,0,0.059,2.0272175051179646,0,0.0,0.0,0,1,0
2247.38,17,4,0,21.23,1467,1785,2,1046.18,0,0,0,0.289,2.146125785442808,0,0.2,0.0,0,0,1
930.79,2,2,0,16.95,1289,1856,2,1612.27,0,0,1,0.148,0.5769585996144476,1,0.2,0.0,0,0,1
2677.31,22,3,0,40.6,1449,1728,1,1195.04,0,0,0,0.193,2.2384786461991237,0,0.1,0.0,0,0,1
3439.61,0,1,0,55.3,308,1546,4,966.38,0,0,0,0.244,3.5555934586201907,1,0.4,0.0,0,0,1
2536.08,20,0,0,26.46,159,1531,2,993.08,0,1,0,0.372,2.5511830033800096,0,0.2,0.0,0,1,0
1320.87,20,6,1,95.5,913,692,3,659.24,0,1,0,0.116,2.0005906942929843,0,0.3,0.0,1,0,0
5567.65,19,1,0,9.45,473,2429,6,5269.99,0,0,0,0.425,1.0562816472806815,0,0.6,0.0,0,1,0
2402.3,14,0,0,50.81,1473,2170,0,1087.77,0,0,0,0.267,2.206434784206031,0,0.0,0.0,0,1,0
2874.37,11,1,0,47.5,767,627,2,2771.45,0,0,0,0.437,1.036761708957781,0,0.2,0.0,0,1,0
619.93,23,3,0,33.02,677,996,6,1129.49,1,0,0,0.12,0.5483728294810215,1,0.6,0.2,1,0,0
2524.47,23,1,0,15.72,2,1344,4,2211.9,0,0,0,0.435,1.1407971440191602,1,0.4,0.0,1,0,0
3253.59,17,2,0,5.42,201,1406,3,671.04,0,0,1,0.19,4.84136360930897,0,0.3,0.0,0,1,0
3672.95,0,5,1,93.16,398,1168,2,4182.0,0,0,0,0.247,0.8780659813530958,1,0.2,0.0,0,0,1
157.76,9,5,1,48.8,1449,118,2,850.37,0,0,0,0.369,0.18530133784371072,0,0.2,0.0,0,1,0
995.3,21,3,0,26.15,1472,1599,4,890.46,0,0,0,0.681,1.11648307271218,0,0.4,0.0,0,0,1
5493.74,2,5,1,38.82,1283,1866,5,4738.14,0,0,0,0.129,1.1592272015597764,1,0.5,0.0,0,1,0
2616.46,11,0,0,28.48,1312,111,3,1906.09,0,1,0,0.399,1.3719646162477912,0,0.3,0.0,0,0,1
1138.97,18,4,0,38.43,1496,735,0,9708.4,1,1,0,0.134,0.11730590973695594,0,0.0,0.2,0,0,1
80.22,19,1,0,49.12,1111,508,4,2354.8,0,0,0,0.033,0.034052126666100684,0,0.4,0.0,0,0,1
2078.02,21,3,0,15.35,1041,1659,1,2227.46,0,0,1,0.226,0.9324914963696903,0,0.1,0.0,0,1,0
3472.75,10,6,1,12.94,1185,119,1,2984.32,0,1,0,0.156,1.1632756287433172,0,0.1,0.0,1,0,0
1445.74,14,2,0,28.55,320,535,3,4040.07,1,0,0,0.503,0.35776168193077573,0,0.3,0.2,1,0,0
6488.16,20,5,1,6.08,117,2423,2,2543.94,1,1,0,0.344,2.5494353501457794,0,0.2,0.2,1,0,0
18823.2,10,3,0,32.41,1024,2017,2,1996.51,3,1,0,0.45,9.423332048400258,0,0.2,0.6,0,0,1
4444.87,5,6,1,58.14,442,2450,4,585.81,1,0,0,0.379,7.574632334145635,1,0.4,0.2,1,0,0
664.46,21,5,1,24.28,558,2410,2,1146.33,0,0,0,0.473,0.579135906844587,0,0.2,0.0,0,0,1
4408.05,18,6,1,16.73,1031,1044,3,1609.81,1,0,0,0.363,2.7365424848368214,0,0.3,0.2,0,0,1
11568.57,0,1,0,8.54,1341,1712,3,1412.5,0,0,0,0.016,8.184343827378846,1,0.3,0.0,0,1,0
2407.61,16,1,0,2.59,1051,1733,4,2109.96,0,0,0,0.59,1.1405284799333004,0,0.4,0.0,0,1,0
4783.7,0,0,0,8.25,484,832,0,802.62,1,0,0,0.499,5.952689081904382,1,0.0,0.2,0,0,1
1856.74,14,0,0,3.96,458,2189,3,5033.43,0,0,0,0.349,0.368808385457738,0,0.3,0.0,0,1,0
1745.49,20,0,0,4.27,1469,1977,2,1074.32,1,1,0,0.553,1.6232284343265262,0,0.2,0.2,0,1,0
1012.06,19,5,1,29.78,1000,234,3,2560.87,1,0,1,0.238,0.3950473677430939,0,0.3,0.2,0,1,0
1722.5,5,2,0,51.4,435,207,2,602.13,2,0,0,0.479,2.8559348730787724,1,0.2,0.4,1,0,0
549.73,23,2,0,16.92,1484,1788,2,3588.91,2,0,0,0.254,0.15313197266783848,1,0.2,0.4,1,0,0
948.59,23,6,1,56.37,117,203,3,589.5,1,0,0,0.257,1.6064182895850974,1,0.3,0.2,0,0,1
376.67,1,6,1,35.3,270,2494,7,2716.82,0,1,0,0.182,0.13859269561633955,1,0.7,0.0,0,1,0
636.26,22,4,0,91.74,398,919,2,2875.85,1,0,0,0.303,0.22116551088864558,0,0.2,0.2,0,1,0
5249.02,16,0,0,75.49,1165,1801,4,1188.99,0,1,0,0.381,4.410978243514652,0,0.4,0.0,1,0,0
624.08,16,1,0,26.2,182,2061,2,2447.24,0,0,0,0.109,0.2549096493807797,0,0.2,0.0,1,0,0
7390.38,17,4,0,27.92,1200,798,2,1648.05,0,0,0,0.45,4.4815984961038176,0,0.2,0.0,0,1,0
4572.53,20,5,1,7.02,163,1242,2,1867.09,0,0,0,0.173,2.447703269114443,0,0.2,0.0,0,1,0
68.21,9,4,0,29.73,727,832,5,4379.14,0,0,0,0.023,0.015572561607619845,0,0.5,0.0,1,0,0
598.31,15,6,1,10.92,798,348,5,6538.36,0,0,0,0.163,0.091493662988427,0,0.5,0.0,0,0,1
566.72,19,6,1,11.91,1102,831,5,978.89,0,0,0,0.503,0.5783506311932972,0,0.5,0.0,1,0,0
1198.25,21,5,1,35.73,753,2486,3,2290.84,0,0,0,0.054,0.5228331820720469,0,0.3,0.0,1,0,0
3785.38,22,4,0,4.23,1364,460,1,356.09,1,0,0,0.215,10.600632893668264,0,0.1,0.2,0,1,0
1993.9,7,5,1,31.29,577,1239,2,1728.26,0,1,0,0.114,1.153036558990551,0,0.2,0.0,0,0,1
5056.11,9,1,0,82.65,172,1127,2,2133.89,0,0,0,0.527,2.368323426499726,0,0.2,0.0,0,0,1
1453.11,13,2,0,7.56,395,1442,1,2745.91,0,0,0,0.279,0.5289980377951953,0,0.1,0.0,0,0,1
1111.94,0,5,1,12.98,799,1722,0,1717.83,1,1,0,0.12,0.6469167980544906,1,0.0,0.2,0,1,0
1647.14,11,1,0,5.41,599,587,3,539.63,1,0,0,0.349,3.0467047703605057,0,0.3,0.2,0,0,1
12132.92,3,6,1,74.93,625,1445,4,479.08,1,1,0,0.16,25.272704549241794,1,0.4,0.2,0,0,1
2546.88,20,1,0,9.88,432,1194,3,3510.31,1,0,0,0.26,0.7253361281117304,0,0.3,0.2,0,0,1
840.66,22,6,1,6.47,1422,1813,1,1724.8,0,0,0,0.338,0.48711322285316955,0,0.1,0.0,1,0,0
11865.78,11,5,1,32.65,60,1199,3,961.31,1,0,0,0.181,12.330517193004335,0,0.3,0.2,0,0,1
1084.3,5,3,0,58.18,753,2065,3,467.75,0,0,0,0.287,2.3131733333333333,1,0.3,0.0,1,0,0
2364.2,21,4,0,7.78,864,51,3,2432.13,1,0,0,0.362,0.9716702354580313,0,0.3,0.2,0,1,0
3846.83,14,3,0,17.44,419,1971,2,4256.29,0,0,0,0.335,0.9035865538875669,0,0.2,0.0,1,0,0
1999.71,3,3,0,32.24,78,1851,4,1762.58,0,0,0,0.297,1.1338924233661076,1,0.4,0.0,0,0,1
4309.14,1,0,0,134.76,715,1540,0,1938.09,0,1,0,0.567,2.2222485805197287,1,0.0,0.0,1,0,0
979.63,4,4,0,40.84,246,542,4,1365.72,0,0,0,0.247,0.71677446733786,1,0.4,0.0,0,0,1
1706.6,12,4,0,20.73,198,1694,2,2237.49,1,0,1,0.215,0.7623889318245782,0,0.2,0.2,1,0,0
650.16,11,0,0,9.29,1106,1698,3,1360.57,0,0,0,0.161,0.4775075831576783,0,0.3,0.0,0,0,1
985.46,19,4,0,7.37,15,2003,1,3356.93,0,1,0,0.07,0.2934724666684535,0,0.1,0.0,1,0,0
1010.58,0,1,0,106.62,812,1837,1,2777.03,1,0,0,0.424,0.36377576916016024,1,0.1,0.2,0,0,1
3032.57,20,1,0,25.67,427,409,4,2069.08,1,1,1,0.252,1.4649530452929356,0,0.4,0.2,0,0,1
685.29,11,4,0,16.98,760,907,5,853.42,0,0,0,0.243,0.802052854568011,0,0.5,0.0,0,1,0
594.23,1,0,0,7.54,1456,1158,6,1360.24,0,1,0,0.248,0.4365358055890218,1,0.6,0.0,1,0,0
1454.66,22,1,0,19.96,83,1219,3,3986.9,0,0,1,0.508,0.3647684244840643,0,0.3,0.0,1,0,0
1004.16,9,6,1,12.16,44,879,4,541.67,1,0,0,0.251,1.8504063242854774,0,0.4,0.2,1,0,0
2084.86,5,5,1,51.61,1006,1149,1,408.98,0,0,0,0.114,5.085272452314747,1,0.1,0.0,0,0,1
2777.37,16,0,0,34.36,640,169,5,1370.78,0,0,0,0.35,2.0246468092551284,0,0.5,0.0,1,0,0
310.84,21,1,0,19.09,1006,402,6,1323.09,0,0,0,0.206,0.23475745606416482,0,0.6,0.0,0,0,1
278.15,4,4,0,22.98,1178,1564,4,525.92,0,0,0,0.256,0.5278789949138389,1,0.4,0.0,1,0,0
535.66,13,4,0,55.11,936,2388,2,540.6,0,0,0,0.597,0.9890324963072377,0,0.2,0.0,0,1,0
1827.38,0,2,0,2.02,334,2116,8,1852.36,0,1,0,0.057,0.9859822160832219,1,0.8,0.0,1,0,0
1118.85,0,3,0,32.01,1346,1702,5,1148.36,1,1,0,0.256,0.9734547922321988,1,0.5,0.2,0,0,1
5753.91,6,1,0,7.02,557,1823,4,1556.23,1,0,0,0.092,3.694964777200542,0,0.4,0.2,0,0,1
4243.17,11,0,0,36.3,1107,1177,4,1708.39,1,0,0,0.059,2.482271453559457,0,0.4,0.2,0,0,1
957.17,17,3,0,26.63,310,1170,3,3013.82,0,0,0,0.157,0.3174882745901911,0,0.3,0.0,0,0,1
4087.85,1,3,0,30.16,653,474,0,1459.12,0,0,0,0.12,2.7996671506451527,1,0.0,0.0,1,0,0
1651.29,11,3,0,31.23,1141,1618,3,1764.94,0,0,0,0.317,0.9350770694361076,0,0.3,0.0,0,1,0
1137.43,10,6,1,1.19,517,1993,2,659.03,0,0,0,0.294,1.7233004560398772,0,0.2,0.0,0,0,1
259.01,9,4,0,104.74,362,2228,4,4539.08,0,0,0,0.378,0.05704965551267819,0,0.4,0.0,0,0,1
1230.31,13,1,0,15.99,222,1445,3,538.76,1,0,1,0.284,2.279364902919816,0,0.3,0.2,1,0,0
3016.85,23,2,0,80.57,1376,2234,5,1606.65,2,1,0,0.235,1.8765589525083195,1,0.5,0.4,1,0,0
867.52,22,3,0,28.52,570,1711,5,2249.2,2,1,0,0.306,0.3855301750955471,0,0.5,0.4,1,0,0
3937.11,16,6,1,9.44,28,2148,4,925.81,2,0,0,0.094,4.248022787842169,0,0.4,0.4,0,1,0
592.51,19,1,0,13.51,1371,1447,3,1004.12,1,0,0,0.116,0.5894918019738936,0,0.3,0.2,0,1,0
919.94,4,4,0,40.04,1346,1987,4,1980.22,0,0,0,0.144,0.4643300592564178,1,0.4,0.0,0,1,0
3357.84,5,6,1,113.04,538,1177,8,642.48,0,0,0,0.169,5.218250761484429,1,0.8,0.0,1,0,0
2179.89,20,6,1,5.47,767,1139,3,2251.63,1,0,0,0.701,0.9677088558706932,0,0.3,0.2,0,0,1
8323.0,13,0,0,21.08,214,959,3,965.92,2,0,0,0.078,8.607744177387994,0,0.3,0.4,1,0,0
14993.88,8,6,1,60.02,1209,1115,4,704.49,0,0,0,0.269,21.253143205431684,0,0.4,0.0,0,1,0
2037.52,0,0,0,9.76,359,2370,1,1489.18,0,0,0,0.492,1.3672979103195586,1,0.1,0.0,0,0,1
10265.05,17,6,1,66.19,1338,1328,1,2106.03,0,1,0,0.406,4.871810083387516,0,0.1,0.0,1,0,0
2461.25,7,4,0,20.21,359,1517,4,722.3,1,0,0,0.402,3.402806580948431,0,0.4,0.2,0,1,0
2304.26,23,3,0,2.01,428,426,3,4366.21,0,0,0,0.232,0.5276274784129914,1,0.3,0.0,0,1,0
207.68,4,6,1,30.29,796,1221,6,1502.62,0,1,0,0.474,0.13812000372434527,1,0.6,0.0,1,0,0
2535.3,7,6,1,8.48,1397,1647,2,953.87,0,0,0,0.314,2.6551258286468316,0,0.2,0.0,1,0,0
3781.81,3,4,0,51.63,360,903,2,2071.14,0,0,0,0.192,1.8250745605991874,1,0.2,0.0,1,0,0
1797.36,13,5,1,74.02,449,1861,2,837.97,1,0,0,0.276,2.142341204095498,0,0.2,0.2,0,0,1
1713.67,21,0,0,93.33,1499,1905,4,1452.26,0,0,0,0.617,1.1791902343696241,0,0.4,0.0,0,0,1
2573.88,20,2,0,36.15,1217,824,3,1153.03,1,0,1,0.441,2.230340632392572,0,0.3,0.2,0,1,0
792.54,5,6,1,34.42,154,2159,3,3744.15,0,0,0,0.188,0.21161769221526505,1,0.3,0.0,1,0,0
2705.21,12,0,0,31.1,806,2193,3,717.47,0,0,0,0.283,3.765237240246635,0,0.3,0.0,0,0,1
6396.24,0,2,0,8.21,1418,117,5,2510.12,0,0,0,0.122,2.547166204721399,1,0.5,0.0,1,0,0
6210.22,21,1,0,4.43,844,430,3,4249.37,0,0,0,0.117,1.4611010335570787,0,0.3,0.0,1,0,0
742.27,0,1,0,3.35,390,1682,4,2998.15,0,0,0,0.533,0.2474934564793358,1,0.4,0.0,0,0,1
2751.65,18,4,0,36.33,1112,1175,0,1737.41,0,0,0,0.489,1.5828544474548583,0,0.0,0.0,0,0,1
3475.74,15,1,0,36.35,1092,1950,3,690.45,1,0,1,0.273,5.026740906790078,0,0.3,0.2,1,0,0
998.76,21,2,0,21.3,23,2332,4,2418.5,0,0,0,0.617,0.4127960322380657,0,0.4,0.0,0,0,1
6020.21,10,0,0,30.2,929,2411,1,559.36,0,0,0,0.11,10.74346848454565,0,0.1,0.0,0,1,0
3414.98,1,2,0,24.69,1493,415,3,1727.18,0,0,0,0.202,1.9760557349350183,1,0.3,0.0,1,0,0
2120.99,13,0,0,27.76,878,1222,4,902.84,0,1,0,0.44,2.3466432111878204,0,0.4,0.0,0,0,1
1883.55,16,5,1,12.11,1162,713,1,2001.95,1,0,0,0.288,0.9403879278064854,0,0.1,0.2,0,1,0
1760.04,13,4,0,42.62,44,1617,2,3922.14,0,0,0,0.086,0.4486304337851823,0,0.2,0.0,0,1,0
720.89,16,1,0,11.3,626,1397,1,642.23,0,0,0,0.116,1.120734418481725,0,0.1,0.0,0,0,1
604.93,14,3,0,14.66,499,1826,0,751.09,0,0,0,0.262,0.8043319283596377,0,0.0,0.0,1,0,0
1297.58,1,3,0,17.64,1474,1726,6,2554.93,1,1,0,0.096,0.5076743103293127,1,0.6,0.2,0,0,1
737.79,4,6,1,49.08,351,2062,4,2625.38,0,0,0,0.429,0.28091517602174854,1,0.4,0.0,0,0,1
483.03,9,3,0,27.79,1211,1905,5,6706.66,0,0,0,0.531,0.07201170005635348,0,0.5,0.0,0,0,1
238.08,17,3,0,12.83,719,1159,1,2799.22,0,0,0,0.299,0.08502189113712495,0,0.1,0.0,0,1,0
2035.74,0,5,1,2.79,602,1963,0,874.25,0,0,0,0.233,2.3258954584404457,1,0.0,0.0,0,0,1
2274.12,2,3,0,5.0,1259,1616,5,657.01,1,0,0,0.246,3.4560568988313247,1,0.5,0.2,1,0,0
970.78,17,0,0,21.4,897,55,2,1007.34,1,1,0,0.367,0.9627506594997719,0,0.2,0.2,1,0,0
3340.17,15,5,1,80.13,1173,128,6,1518.21,0,1,0,0.727,2.1986229685165317,0,0.6,0.0,1,0,0
858.74,0,0,0,49.69,323,1778,3,3791.19,0,0,0,0.054,0.22644962409583907,1,0.3,0.0,0,1,0
1286.78,5,0,0,2.13,882,1756,4,317.06,0,0,0,0.398,4.0457146450355275,1,0.4,0.0,0,1,0
5157.32,0,2,0,47.9,61,1918,3,640.47,0,0,0,0.388,8.039845978767518,1,0.3,0.0,0,1,0
19829.05,6,2,0,19.01,210,777,6,1055.84,0,1,0,0.401,18.76258468642368,0,0.6,0.0,1,0,0
3152.57,8,4,0,18.5,1009,2437,2,2464.15,0,0,0,0.063,1.2788552420745187,0,0.2,0.0,0,1,0
1272.99,19,4,0,17.81,208,1954,3,620.82,0,0,0,0.264,2.0472001543855134,0,0.3,0.0,1,0,0
5588.2,15,0,0,25.95,1242,1567,1,1228.65,1,1,0,0.329,4.544545195787419,0,0.1,0.2,1,0,0
508.14,8,3,0,62.66,546,774,4,1655.94,1,0,0,0.144,0.30667374799328884,0,0.4,0.2,0,1,0
758.17,14,0,0,27.13,1469,413,3,723.87,0,0,0,0.047,1.0459392718694387,0,0.3,0.0,0,1,0
26749.18,22,2,0,9.71,479,80,0,1487.71,0,0,0,0.333,17.968026009095123,0,0.0,0.0,0,1,0
5502.0,21,1,0,43.71,991,1836,2,2813.33,1,0,0,0.119,1.9549946168359789,0,0.2,0.2,0,1,0
2418.32,4,2,0,37.3,105,1200,7,1678.77,0,0,0,0.266,1.4396732886049877,1,0.7,0.0,0,0,1
1957.03,17,6,1,0.89,1476,625,6,2364.69,0,1,0,0.504,0.8272554730332377,0,0.6,0.0,0,0,1
1436.12,14,5,1,75.51,1495,895,3,3321.96,2,0,0,0.545,0.4321809471073982,0,0.3,0.4,0,1,0
8420.86,14,2,0,26.54,1122,1310,0,1347.92,0,0,0,0.141,6.242668208640987,0,0.0,0.0,0,1,0
2996.57,19,0,0,4.95,946,844,4,675.18,2,0,0,0.423,4.43161584193558,0,0.4,0.4,1,0,0
1185.25,7,1,0,4.44,164,2473,5,1947.66,0,0,0,0.396,0.6082384818285386,0,0.5,0.0,1,0,0
695.44,16,6,1,23.16,1084,713,0,2025.39,0,1,0,0.286,0.3431915870094108,0,0.0,0.0,0,0,1
468.48,22,6,1,22.37,688,2118,3,1482.71,1,0,0,0.593,0.31574903451483105,0,0.3,0.2,0,1,0
948.86,21,6,1,14.44,503,585,3,2613.31,0,0,0,0.397,0.3629485409151937,0,0.3,0.0,1,0,0
995.3,1,1,0,6.25,730,1593,5,1926.79,0,1,1,0.163,0.5162906748141655,1,0.5,0.0,0,0,1
1134.78,8,6,1,45.75,678,1759,3,588.05,0,0,0,0.237,1.9264578558696206,0,0.3,0.0,0,0,1
1520.95,21,3,0,51.29,185,2059,5,1858.69,0,0,1,0.294,0.8178513623238282,0,0.5,0.0,1,0,0
283.29,3,3,0,8.96,730,1393,2,2646.86,0,0,0,0.109,0.10698828487910993,1,0.2,0.0,0,0,1
18827.78,3,2,0,54.66,354,1971,3,718.1,0,0,0,0.518,26.182422472535112,1,0.3,0.0,0,1,0
2340.95,7,4,0,24.0,1291,1532,3,8754.36,0,0,1,0.167,0.2673733575775296,0,0.3,0.0,0,0,1
3627.25,2,2,0,29.38,107,1827,1,1332.99,0,0,0,0.464,2.719098344065548,1,0.1,0.0,0,0,1
4129.96,16,4,0,18.14,1197,344,2,515.01,1,0,0,0.048,8.003643340245345,0,0.2,0.2,0,1,0
1603.61,6,3,0,56.53,84,594,3,813.33,0,0,0,0.272,1.9692385150983014,0,0.3,0.0,1,0,0
5998.9,0,6,1,24.96,1405,539,4,1370.88,1,0,0,0.221,4.372758550310522,1,0.4,0.2,0,1,0
1433.41,17,0,0,0.56,301,535,3,5138.68,0,0,0,0.106,0.2788909037138499,0,0.3,0.0,0,0,1
2223.76,12,3,0,20.02,1310,1036,9,751.07,0,0,0,0.038,2.956852420652333,0,0.9,0.0,1,0,0
778.23,21,4,0,11.97,729,2046,2,3674.87,0,1,0,0.247,0.21171314545944225,0,0.2,0.0,1,0,0
995.97,7,1,0,0.77,1292,1053,3,2412.05,0,0,0,0.135,0.41274320880213833,0,0.3,0.0,1,0,0
1209.71,10,3,0,18.73,1423,284,3,2805.65,1,0,0,0.417,0.4310156236082162,0,0.3,0.2,0,1,0
192.55,13,3,0,1.8,180,621,2,1868.32,1,1,0,0.139,0.10300537093702523,0,0.2,0.2,0,0,1
679.07,13,3,0,11.12,384,2448,4,1279.83,1,0,0,0.216,0.5301796491337649,0,0.4,0.2,0,1,0
7445.4,18,5,1,31.43,1228,489,4,1347.02,0,0,0,0.137,5.523211821783059,0,0.4,0.0,0,0,1
1242.35,9,5,1,70.69,247,2439,6,1428.53,0,0,0,0.225,0.8690618594922807,0,0.6,0.0,0,1,0
3664.87,7,6,1,1.3,1022,1618,1,1515.98,0,0,0,0.02,2.4158986934567364,0,0.1,0.0,0,1,0
1549.84,7,2,0,86.51,1463,1478,2,636.63,0,0,0,0.341,2.430625911578815,0,0.2,0.0,0,0,1
4022.42,10,2,0,26.29,63,298,6,794.59,1,0,0,0.585,5.055895624630777,0,0.6,0.2,0,0,1
861.6,9,1,0,30.83,423,2250,4,868.58,0,1,0,0.509,0.9908231560063478,0,0.4,0.0,0,1,0
617.96,22,5,1,21.49,446,694,6,1323.3,0,1,0,0.363,0.4666314279241864,0,0.6,0.0,0,1,0
1588.53,14,0,0,75.34,1129,1865,4,2086.89,1,0,0,0.51,0.7608303119417211,0,0.4,0.2,0,1,0
8181.18,12,6,1,16.53,926,1904,3,1481.26,1,0,0,0.051,5.519396057371852,0,0.3,0.2,0,1,0
841.09,21,0,0,22.16,145,1076,4,342.92,0,0,0,0.29,2.445597813444987,0,0.4,0.0,0,1,0
3362.63,12,6,1,59.25,1295,1434,2,514.94,0,0,0,0.551,6.517482653021669,0,0.2,0.0,0,0,1
696.19,0,3,0,36.08,692,1471,4,2218.17,1,1,0,0.508,0.3137163894609246,1,0.4,0.2,0,1,0
3115.5,0,0,0,19.57,919,1002,2,580.17,0,0,0,0.226,5.3607378219798,1,0.2,0.0,1,0,0
1224.3,19,2,0,16.33,961,905,3,1332.6,0,0,0,0.491,0.9180413917216557,0,0.3,0.0,1,0,0
218.55,22,3,0,81.93,426,892,2,2264.72,0,0,0,0.21,0.09645940363328215,0,0.2,0.0,1,0,0
896.96,17,3,0,77.97,482,1603,1,3103.26,1,0,0,0.19,0.2889448693086275,0,0.1,0.2,0,0,1
1575.36,3,2,0,46.19,1291,2451,3,828.22,0,0,1,0.519,1.8998094594920525,1,0.3,0.0,0,0,1
1800.66,1,3,0,51.46,444,1007,3,1523.88,1,0,0,0.461,1.1808535753633072,1,0.3,0.2,0,0,1
1602.39,2,4,0,21.22,943,1088,2,4870.59,0,0,0,0.583,0.3289254637602918,1,0.2,0.0,0,1,0
487.85,13,3,0,11.13,1480,1615,6,2242.23,0,0,0,0.629,0.21747658510273135,0,0.6,0.0,0,0,1
3746.62,16,5,1,0.85,934,1974,2,966.27,0,0,0,0.182,3.87339625957592,0,0.2,0.0,0,1,0
424.0,1,2,0,17.16,137,1317,3,1183.76,0,0,0,0.188,0.35787838887200785,1,0.3,0.0,0,1,0
1936.82,6,4,0,23.92,1093,1302,3,1458.55,0,0,0,0.096,1.3269980473433594,0,0.3,0.0,0,0,1
4527.98,14,4,0,57.07,108,418,4,2638.64,0,0,0,0.649,1.7153778545559242,0,0.4,0.0,0,1,0
2882.5,16,3,0,16.24,1046,673,3,838.55,0,0,0,0.104,3.4333869334762674,0,0.3,0.0,0,1,0
1247.53,23,0,0,18.57,1192,1609,3,7171.31,0,0,0,0.179,0.17393698822276224,1,0.3,0.0,1,0,0
498.16,8,4,0,37.06,1348,471,2,1197.5,0,0,0,0.307,0.41565289945765543,0,0.2,0.0,0,1,0
433.81,19,5,1,10.79,1403,270,2,1535.84,1,0,0,0.171,0.28227401681372166,0,0.2,0.2,0,1,0
497.16,12,1,0,65.84,1440,132,4,1611.25,0,0,0,0.196,0.30836408745541943,0,0.4,0.0,0,0,1
708.29,6,1,0,0.52,316,1013,0,860.35,0,0,0,0.457,0.822302200034829,0,0.0,0.0,0,1,0
923.83,1,6,1,35.2,448,1792,4,1740.65,0,0,0,0.169,0.5304337840553498,1,0.4,0.0,1,0,0
350.92,2,0,0,16.46,800,2331,2,1172.78,0,0,0,0.048,0.2989657346351105,1,0.2,0.0,0,0,1
1664.24,0,3,0,1.62,1145,626,1,2263.22,0,0,0,0.348,0.7350169153174162,1,0.1,0.0,1,0,0
11906.01,6,5,1,38.19,986,1647,2,1636.13,0,0,0,0.284,7.272489050961133,0,0.2,0.0,1,0,0
430.45,4,5,1,27.2,97,1414,1,1227.9,0,0,0,0.346,0.35027260151354866,1,0.1,0.0,0,0,1
783.51,23,4,0,52.86,1200,2186,4,1931.8,0,0,0,0.301,0.40537562086092715,1,0.4,0.0,1,0,0
2475.61,18,1,0,15.19,1482,1332,4,3097.23,0,1,0,0.083,0.7990400970876921,0,0.4,0.0,0,1,0
2441.9,0,0,0,50.49,1277,59,3,1226.98,0,0,1,0.513,1.9885503021221844,1,0.3,0.0,1,0,0
1426.69,13,5,1,17.09,994,1525,7,3058.09,0,1,0,0.295,0.46637725598135393,0,0.7,0.0,0,1,0
5475.69,6,3,0,8.38,210,654,4,836.5,0,0,0,0.381,6.538137313432835,0,0.4,0.0,1,0,0
6764.57,1,2,0,31.39,1184,1211,2,1109.7,0,0,0,0.132,6.090366435581164,1,0.2,0.0,0,0,1
3133.11,23,5,1,50.06,695,603,2,1823.15,0,0,0,0.616,1.717572568045391,1,0.2,0.0,0,0,1
2573.59,0,2,0,10.01,580,1749,4,4301.3,1,0,0,0.212,0.5981893405852684,1,0.4,0.2,0,0,1
9075.65,2,4,0,21.95,694,429,0,976.11,0,0,0,0.651,9.288258230905425,1,0.0,0.0,0,0,1
3667.96,20,0,0,57.67,560,1532,3,3539.32,0,0,0,0.265,1.036053238125367,0,0.3,0.0,1,0,0
4122.3,1,6,1,75.38,394,1890,4,4572.45,0,0,0,0.151,0.9013545572817021,1,0.4,0.0,1,0,0
1817.35,4,1,0,55.2,63,714,3,1176.66,2,0,0,0.475,1.5431873376016845,1,0.3,0.4,1,0,0
907.0,3,2,0,4.49,146,171,1,550.23,0,0,0,0.233,1.6454111713803674,1,0.1,0.0,0,0,1
7971.75,2,2,0,5.48,339,728,1,1894.81,0,0,0,0.412,4.204930873874492,1,0.1,0.0,0,1,0
7551.59,20,5,1,72.93,1368,1723,4,1167.64,0,0,0,0.14,6.461861651150055,0,0.4,0.0,1,0,0
1034.17,21,2,0,22.62,1293,1383,2,1109.12,1,0,0,0.095,0.9315839729038303,0,0.2,0.2,1,0,0
2152.56,2,6,1,32.49,451,328,3,3882.38,0,0,0,0.067,0.5543006350138281,1,0.3,0.0,0,1,0
735.71,11,3,0,26.33,679,108,4,2468.98,0,1,0,0.142,0.29786071142276455,0,0.4,0.0,0,1,0
1449.09,4,6,1,1.09,909,827,7,3712.96,0,0,0,0.083,0.3901738306282243,1,0.7,0.0,0,0,1
1330.39,11,0,0,44.76,787,858,2,2822.81,1,0,0,0.205,0.471132972827492,0,0.2,0.2,1,0,0
2357.17,7,3,0,16.99,1123,1092,2,3012.16,1,0,0,0.108,0.7822916804948958,0,0.2,0.2,0,0,1
861.27,5,6,1,2.07,125,194,2,7084.03,0,0,1,0.152,0.1215619411632696,1,0.2,0.0,0,1,0
1723.24,12,3,0,19.7,1456,2119,1,1991.77,2,0,0,0.104,0.8647460569960407,0,0.1,0.4,1,0,0
414.24,7,5,1,3.0,603,2295,3,2862.98,1,0,0,0.147,0.14463788154945217,0,0.3,0.2,1,0,0
782.27,8,3,0,25.6,227,315,5,855.68,0,0,0,0.204,0.9131414297053743,0,0.5,0.0,1,0,0
743.67,19,5,1,6.24,573,365,2,5578.9,0,0,0,0.362,0.13327658201759887,0,0.2,0.0,1,0,0
3050.3,7,3,0,26.17,747,2238,7,3808.16,0,0,0,0.337,0.8007802245114409,0,0.7,0.0,0,1,0
322.5,3,3,0,33.42,517,1279,3,553.72,0,0,0,0.39,0.5813743870781656,1,0.3,0.0,1,0,0
493.89,9,6,1,66.5,1379,1977,2,3548.84,2,0,0,0.525,0.1391302143195186,0,0.2,0.4,0,0,1
2257.85,15,2,0,18.04,466,1412,1,1018.38,2,0,0,0.567,2.2149247581863483,0,0.1,0.4,0,0,1
183.84,12,6,1,0.5,390,1378,3,2527.19,0,0,0,0.777,0.07271605377760373,0,0.3,0.0,0,1,0
1642.23,14,5,1,45.59,1478,1025,2,6113.49,0,0,0,0.233,0.2685800451059696,0,0.2,0.0,0,1,0
395.04,14,5,1,38.28,1433,1953,3,1027.68,0,0,0,0.239,0.384026130575106,0,0.3,0.0,0,0,1
1958.24,19,3,0,2.12,487,1178,3,2050.52,2,1,0,0.125,0.9545312743721729,0,0.3,0.4,1,0,0
1545.4,3,4,0,47.32,1142,2253,3,696.92,1,0,0,0.258,2.2142939018798717,1,0.3,0.2,0,1,0
2545.86,16,2,0,5.9,1467,119,2,738.82,0,0,1,0.195,3.441188397177692,0,0.2,0.0,0,0,1
15007.27,21,6,1,48.45,1488,2334,2,926.08,0,0,0,0.596,16.187675281529103,0,0.2,0.0,0,0,1
650.41,2,0,0,21.68,131,1687,1,880.61,1,0,0,0.044,0.7377525209559782,1,0.1,0.2,0,0,1
1199.73,12,4,0,42.84,275,1341,1,2594.7,0,0,0,0.33,0.4621990214585661,0,0.1,0.0,0,1,0
809.19,19,0,0,42.0,293,561,4,1194.16,0,0,0,0.004,0.6770557916931624,0,0.4,0.0,0,1,0
1798.33,11,5,1,35.73,1050,203,4,4635.93,0,0,1,0.492,0.3878277222213835,0,0.4,0.0,1,0,0
1900.12,5,1,0,41.77,404,1642,2,3028.04,0,0,0,0.266,0.6273010590814251,1,0.2,0.0,1,0,0
9034.57,16,5,1,11.84,97,602,4,1407.55,0,0,0,0.145,6.414092506478293,0,0.4,0.0,1,0,0
3811.3,13,6,1,42.63,1179,95,1,1499.28,0,0,0,0.442,2.5403924600741195,0,0.1,0.0,0,1,0
2255.91,11,5,1,44.51,146,1790,2,1777.39,1,0,0,0.467,1.2685125309971377,0,0.2,0.2,0,1,0
3514.16,8,3,0,3.58,602,1445,4,1409.19,0,0,0,0.268,2.4919762585183554,0,0.4,0.0,0,0,1
3763.0,11,4,0,38.44,1196,1589,4,799.45,2,0,0,0.39,4.7011056280842025,0,0.4,0.4,1,0,0
577.31,2,5,1,67.75,8,1499,6,2883.63,0,0,0,0.3,0.2001331193255287,1,0.6,0.0,0,0,1
131.22,14,3,0,24.66,344,1773,5,480.9,0,0,0,0.196,0.27229715708653246,0,0.5,0.0,0,0,1
6585.67,19,1,0,5.33,1140,2094,1,2791.08,0,0,0,0.455,2.35869674221369,0,0.1,0.0,0,1,0
2654.81,4,3,0,33.29,1337,2161,0,3111.85,0,0,0,0.312,0.8528551006312544,1,0.0,0.0,1,0,0
506.13,14,0,0,60.85,624,1367,5,769.08,0,1,0,0.214,0.6572434032827758,0,0.5,0.0,0,1,0
166.97,11,0,0,32.84,1086,2192,3,5454.64,1,0,0,0.182,0.03060502525826484,0,0.3,0.2,0,1,0
167.23,21,2,0,41.71,11,1182,5,1724.41,0,0,0,0.494,0.09692189102879895,0,0.5,0.0,1,0,0
8322.35,11,2,0,26.63,710,289,3,2844.49,1,0,0,0.128,2.9247510973505446,0,0.3,0.2,1,0,0
795.12,21,3,0,13.31,325,174,0,4651.05,0,0,0,0.33,0.17091819735385474,0,0.0,0.0,1,0,0
6417.43,23,5,1,55.09,406,1507,5,1401.85,0,0,0,0.433,4.574566061945326,1,0.5,0.0,0,1,0
21323.63,14,6,1,61.11,1128,1627,2,1554.81,1,0,0,0.672,13.70580597887917,0,0.2,0.2,1,0,0
1897.39,14,3,0,2.28,137,772,4,2386.82,0,0,0,0.247,0.7946118216615993,0,0.4,0.0,1,0,0
6538.55,1,0,0,1.61,1186,1101,5,2457.12,0,0,0,0.115,2.6599799847037575,1,0.5,0.0,0,0,1
2700.9,11,3,0,42.7,718,1250,5,987.26,0,0,0,0.25,2.7329852467974014,0,0.5,0.0,0,0,1
880.47,8,5,1,7.98,1481,1235,2,1695.07,1,0,0,0.387,0.5191236210769603,0,0.2,0.2,0,1,0
346.29,16,4,0,33.45,140,873,4,3273.9,0,0,1,0.375,0.10574063330178021,0,0.4,0.0,1,0,0
2603.27,17,2,0,67.46,1140,322,3,1475.87,3,0,0,0.654,1.7626940759850225,0,0.3,0.6,1,0,0
1222.81,16,4,0,9.45,525,1650,3,667.78,1,0,0,0.257,1.8284189120488052,0,0.3,0.2,0,0,1
561.92,11,5,1,0.54,532,2077,1,1557.04,1,0,0,0.179,0.3606582629457523,0,0.1,0.2,0,1,0
3485.62,10,4,0,2.84,319,687,4,405.12,1,0,0,0.262,8.58273416724121,0,0.4,0.2,0,1,0
2730.88,3,3,0,1.43,847,1333,4,3433.44,0,1,0,0.148,0.7951456423754674,1,0.4,0.0,0,1,0
8544.17,2,3,0,16.48,1035,883,5,751.89,0,0,0,0.281,11.348497124413925,1,0.5,0.0,0,1,0
1124.87,3,2,0,14.11,111,1734,3,524.66,0,0,0,0.419,2.139919339497013,1,0.3,0.0,1,0,0
1064.46,2,0,0,15.79,1367,2171,1,1555.6,0,0,0,0.346,0.6838365668765258,1,0.1,0.0,0,0,1
1275.9,22,4,0,9.08,166,2064,4,1429.96,0,0,1,0.132,0.8916391792922235,0,0.4,0.0,0,0,1
3566.02,13,4,0,14.33,269,776,4,3406.15,1,0,0,0.403,1.0466284137769102,0,0.4,0.2,1,0,0
286.36,14,5,1,0.46,1018,43,3,924.56,0,1,0,0.367,0.3093910713513981,0,0.3,0.0,0,0,1
1064.54,12,6,1,29.02,501,1348,2,1018.12,0,0,0,0.129,1.0445678624695816,0,0.2,0.0,1,0,0
1287.2,4,1,0,14.72,305,1968,3,4802.77,0,0,0,0.609,0.2679562093938719,1,0.3,0.0,0,1,0
480.76,18,0,0,35.45,155,2490,8,860.88,0,1,0,0.11,0.5578038706084374,0,0.8,0.0,0,0,1
6531.07,22,6,1,8.0,479,1091,2,774.53,0,0,0,0.284,8.421427926708187,0,0.2,0.0,1,0,0
2659.96,8,2,0,27.16,477,1937,5,903.21,0,0,0,0.094,2.9417502571305336,0,0.5,0.0,0,0,1
22010.79,6,0,0,57.67,418,1620,6,1035.61,0,1,0,0.124,21.233433981921845,0,0.6,0.0,0,1,0
3631.04,9,4,0,71.36,22,585,4,781.67,1,0,0,0.25,4.639298810482068,0,0.4,0.2,0,1,0
295.65,11,6,1,41.22,555,886,4,1133.54,0,0,0,0.338,0.26059019514516896,0,0.4,0.0,0,1,0
1663.47,16,6,1,37.91,140,1305,4,465.28,1,0,0,0.149,3.5675345286094196,0,0.4,0.2,0,0,1
872.94,1,5,1,17.92,184,1530,6,1443.73,0,0,0,0.044,0.6042236265599801,1,0.6,0.0,0,1,0
3825.03,2,5,1,17.15,605,1762,3,1389.96,0,0,0,0.27,2.749920917927187,1,0.3,0.0,0,0,1
3106.48,10,0,0,6.3,17,280,0,1100.69,0,0,0,0.501,2.8197405803810507,0,0.0,0.0,0,1,0
1796.08,12,4,0,12.32,745,1260,2,1101.18,1,0,0,0.184,1.6295704875791612,0,0.2,0.2,1,0,0
626.25,8,4,0,33.8,632,1479,5,834.37,0,0,0,0.184,0.7496678118677951,0,0.5,0.0,1,0,0
2955.66,2,6,1,7.0,248,2247,2,1743.68,0,1,0,0.494,1.694098631267625,1,0.2,0.0,1,0,0
4590.66,15,0,0,52.48,190,1614,2,1989.4,1,0,0,0.394,2.3064007234726684,0,0.2,0.2,0,0,1
9680.59,4,2,0,34.47,635,831,0,1138.46,0,0,0,0.261,8.495769926105348,1,0.0,0.0,0,0,1
14123.74,18,4,0,24.77,692,1374,4,2867.5,0,0,1,0.168,4.923737144849224,0,0.4,0.0,1,0,0
1442.99,21,3,0,65.18,1476,896,3,5630.44,1,0,0,0.306,0.25623819129743014,0,0.3,0.2,1,0,0
2835.31,15,3,0,0.08,705,2443,4,2313.89,1,0,0,0.182,1.2248141380367965,0,0.4,0.2,0,0,1
665.46,8,0,0,75.1,805,1553,2,2513.32,1,0,0,0.347,0.2646679818002482,0,0.2,0.2,0,0,1
617.54,23,6,1,23.98,924,1584,4,2370.67,1,0,1,0.168,0.2603819249726985,1,0.4,0.2,0,1,0
952.88,13,5,1,15.43,1009,1021,5,1776.01,0,0,0,0.491,0.5362265828554708,0,0.5,0.0,0,0,1
814.46,10,0,0,65.18,1047,630,4,2214.66,2,0,0,0.335,0.36759250065443255,0,0.4,0.4,0,1,0
534.45,18,0,0,20.83,120,2462,6,1609.26,0,0,0,0.225,0.33190292250940845,0,0.6,0.0,0,1,0
6276.44,19,5,1,7.52,804,1915,3,1012.24,1,0,0,0.329,6.194425802376534,0,0.3,0.2,0,1,0
1507.55,10,3,0,25.99,142,649,5,1291.94,0,1,0,0.551,1.1659860473030457,0,0.5,0.0,0,1,0
817.26,15,4,0,11.38,946,224,3,1138.28,0,0,0,0.249,0.7173477986096483,0,0.3,0.0,0,1,0
275.73,1,3,0,16.03,262,1225,2,1391.72,0,0,0,0.297,0.1979794933655006,1,0.2,0.0,0,1,0
1662.32,20,2,0,12.21,435,123,3,3656.26,0,0,1,0.092,0.4545260659619496,0,0.3,0.0,0,0,1
1261.4,19,0,0,26.84,63,802,4,1288.56,1,0,0,0.208,0.9781630943887839,0,0.4,0.2,0,0,1
1872.33,20,3,0,4.94,432,130,4,1314.8,0,0,0,0.056,1.4229594163246695,0,0.4,0.0,0,0,1
433.04,0,5,1,41.87,25,1788,2,1816.41,0,0,0,0.315,0.23827314695088064,1,0.2,0.0,0,1,0
784.84,14,1,0,65.56,1395,1533,2,3242.8,1,0,0,0.253,0.2419507984462667,0,0.2,0.2,0,0,1
366.38,9,6,1,8.72,1086,1588,3,1540.93,2,0,0,0.045,0.2376113053121737,0,0.3,0.4,0,1,0
6827.83,22,3,0,17.4,616,1479,1,1018.47,1,0,0,0.171,6.697431018078021,0,0.1,0.2,0,1,0
715.62,3,0,0,25.96,742,965,3,2538.58,1,0,0,0.098,0.28178675214011767,1,0.3,0.2,0,1,0
2542.27,7,2,0,6.98,564,1265,2,1253.6,0,0,0,0.408,2.0263589988841066,0,0.2,0.0,1,0,0
3050.32,19,4,0,42.39,1394,1229,3,2068.19,1,0,0,0.503,1.4741613868228631,0,0.3,0.2,1,0,0
5910.06,14,2,0,14.64,945,984,1,1049.2,1,1,0,0.533,5.627556655875072,0,0.1,0.2,0,0,1
2056.17,10,1,0,22.19,982,2446,4,563.93,0,0,0,0.403,3.6396898730816214,0,0.4,0.0,0,0,1
2886.1,9,1,0,44.72,655,71,8,1683.7,0,0,0,0.33,1.713123998337983,0,0.8,0.0,1,0,0
2436.44,6,0,0,42.33,97,559,7,681.08,0,1,0,0.242,3.5720736570490264,0,0.7,0.0,0,1,0
934.11,16,4,0,22.15,836,125,3,744.2,0,0,0,0.073,1.2535024154589371,0,0.3,0.0,0,1,0
3136.46,2,4,0,63.87,44,1272,1,1343.53,0,0,0,0.08,2.332755684142414,1,0.1,0.0,1,0,0
17169.36,19,1,0,22.83,887,1101,4,1057.93,0,0,0,0.077,16.213876271330495,0,0.4,0.0,1,0,0
313.09,10,0,0,35.72,646,834,2,5902.1,0,0,0,0.678,0.05303823414815943,0,0.2,0.0,0,1,0
11361.36,12,2,0,25.98,721,887,4,811.59,0,0,0,0.095,13.981663569573833,0,0.4,0.0,1,0,0
1688.57,21,4,0,55.55,114,817,1,5657.32,0,0,0,0.262,0.2984224999646538,0,0.1,0.0,0,1,0
2607.85,9,2,0,11.14,290,2478,4,498.31,1,0,0,0.412,5.222907612505257,0,0.4,0.2,0,0,1
758.94,12,6,1,41.23,326,1002,2,1762.69,1,0,0,0.169,0.4303137172632379,0,0.2,0.2,0,1,0
7522.47,8,0,0,62.79,1419,2335,4,579.61,2,0,0,0.332,12.956149566834881,0,0.4,0.4,0,1,0
2977.03,11,6,1,32.33,750,745,3,1524.63,0,0,0,0.464,1.9513446903901994,0,0.3,0.0,1,0,0
6333.71,3,4,0,14.66,1221,1538,2,3497.74,0,0,1,0.028,1.8102831304984082,1,0.2,0.0,1,0,0
918.48,7,1,0,16.67,1468,1562,2,1152.78,0,1,0,0.205,0.7960616408674097,0,0.2,0.0,1,0,0
436.13,1,2,0,9.6,279,94,1,11409.73,0,0,0,0.281,0.03822104282548093,1,0.1,0.0,1,0,0
3800.92,15,1,0,36.62,590,268,4,1167.15,0,0,0,0.256,3.25379446132774,0,0.4,0.0,0,1,0
453.5,9,4,0,34.92,973,66,1,2020.12,0,0,0,0.472,0.2243805414819506,0,0.1,0.0,1,0,0
3171.77,12,1,0,55.73,904,1299,3,2620.49,1,0,0,0.401,1.209911157395222,0,0.3,0.2,0,0,1
635.26,22,3,0,41.38,715,1858,2,3313.67,0,0,0,0.542,0.19165105425276122,0,0.2,0.0,1,0,0
3061.96,11,5,1,38.91,358,853,6,1694.71,2,0,0,0.273,1.8057097027203943,0,0.6,0.4,0,1,0
610.64,19,2,0,57.83,830,713,4,1409.79,0,1,0,0.21,0.43283550351221656,0,0.4,0.0,1,0,0
244.8,16,4,0,4.61,31,2194,5,3210.61,1,0,1,0.099,0.07622345178897812,0,0.5,0.2,0,1,0
3726.97,9,2,0,1.93,1111,1374,8,1907.51,0,0,0,0.267,1.9528165951449035,0,0.8,0.0,1,0,0
3650.92,17,6,1,6.51,925,613,5,1297.84,1,0,0,0.27,2.8109081950047736,0,0.5,0.2,1,0,0
2044.17,23,6,1,19.55,1361,1934,7,2901.47,1,0,0,0.157,0.7042863492129119,1,0.7,0.2,0,1,0
450.31,7,2,0,58.81,695,1461,2,2836.94,0,0,0,0.366,0.15867495436830942,0,0.2,0.0,1,0,0
1206.49,22,1,0,26.44,790,1115,4,1739.29,1,0,0,0.442,0.6932695125525057,0,0.4,0.2,0,1,0
1104.21,6,4,0,78.37,183,337,3,3982.75,1,0,0,0.243,0.2771785378098525,0,0.3,0.2,1,0,0
340.67,10,0,0,21.64,45,811,1,664.65,0,0,0,0.091,0.5117854728460903,0,0.1,0.0,0,0,1
1908.07,9,2,0,7.67,994,2372,2,527.72,0,0,0,0.314,3.6088477833257677,0,0.2,0.0,0,0,1
479.94,0,2,0,84.62,1275,2357,3,666.22,0,0,0,0.221,0.7193129702347052,1,0.3,0.0,0,0,1
6199.1,23,6,1,33.06,1022,2002,1,1375.7,1,0,0,0.27,4.502869179923004,1,0.1,0.2,1,0,0
506.81,4,6,1,41.16,1090,796,3,5395.21,0,0,0,0.197,0.09391962136388317,1,0.3,0.0,0,1,0
2636.59,2,5,1,65.27,1244,83,4,800.2,0,1,0,0.477,3.2908012980529207,1,0.4,0.0,0,0,1
1010.68,18,2,0,14.66,419,432,3,969.04,0,0,0,0.176,1.0418951795802234,0,0.3,0.0,0,0,1
11405.83,10,2,0,11.33,1269,1236,1,1194.74,0,0,0,0.208,9.53872079214545,0,0.1,0.0,1,0,0
2910.71,8,4,0,37.99,1250,2178,6,2058.04,0,0,0,0.347,1.413624796021447,0,0.6,0.0,0,0,1
651.03,10,5,1,13.37,1298,1306,2,1401.06,0,0,0,0.278,0.4643381880946607,0,0.2,0.0,1,0,0
2297.45,10,6,1,105.01,611,1882,4,1064.62,0,0,0,0.067,2.1559749253955443,0,0.4,0.0,1,0,0
1178.34,8,0,0,4.6,328,2439,0,1806.41,0,0,1,0.088,0.6519494746626388,0,0.0,0.0,0,1,0
1021.87,10,4,0,0.44,1032,392,3,2543.98,0,0,0,0.501,0.4015237840768886,0,0.3,0.0,0,0,1
2701.99,12,2,0,58.66,1187,1237,5,2411.76,0,0,0,0.313,1.119875163712926,0,0.5,0.0,0,0,1
562.59,7,3,0,21.94,918,1385,5,1488.25,2,1,0,0.264,0.37776733254994127,0,0.5,0.4,1,0,0
490.87,13,3,0,60.68,461,2210,5,549.0,0,0,0,0.085,0.8924909090909091,0,0.5,0.0,0,1,0
2174.62,3,2,0,43.88,53,2156,0,694.24,0,0,1,0.396,3.1278695126862663,1,0.0,0.0,0,1,0
7856.79,13,1,0,0.7,4,2427,2,1909.4,0,0,0,0.318,4.112641331658291,0,0.2,0.0,0,1,0
756.46,16,2,0,18.39,950,1833,4,7522.59,0,0,0,0.131,0.10054508552433081,0,0.4,0.0,1,0,0
1772.46,15,3,0,46.43,740,1180,7,1233.85,1,0,0,0.062,1.4353646191845164,0,0.7,0.2,1,0,0
477.05,12,3,0,0.13,540,78,3,544.53,1,0,0,0.115,0.8744706982200796,0,0.3,0.2,0,0,1
1594.2,20,0,0,3.98,586,1828,3,2864.08,0,0,0,0.383,0.5564242534239882,0,0.3,0.0,0,1,0
1462.61,4,0,0,5.15,1304,57,3,1245.74,1,0,0,0.337,1.1731475688595858,1,0.3,0.2,0,1,0
2132.81,20,3,0,12.85,1152,1317,6,3553.77,0,1,0,0.305,0.599985371768075,0,0.6,0.0,0,0,1
6932.63,20,3,0,102.0,1425,509,3,3334.87,0,0,0,0.127,2.0782074841045963,0,0.3,0.0,1,0,0
1709.8,6,2,0,15.12,473,603,3,907.12,0,0,0,0.253,1.8827908205963968,0,0.3,0.0,1,0,0
2960.87,1,2,0,35.08,1360,1918,2,2591.91,1,0,0,0.366,1.1419100547261571,1,0.2,0.2,0,1,0
1800.56,8,2,0,31.68,1409,1671,2,1784.52,1,0,0,0.212,1.0084233164568306,0,0.2,0.2,1,0,0
628.16,0,5,1,24.21,1461,1803,2,622.7,0,0,0,0.222,1.0071508738175403,1,0.2,0.0,0,0,1
1103.27,18,0,0,61.15,439,1872,1,613.82,0,0,0,0.227,1.794460167203409,0,0.1,0.0,0,1,0
50162.06,6,6,1,0.88,249,2294,3,3161.27,1,0,0,0.139,15.86267459767825,0,0.3,0.2,0,1,0
420.8,10,1,0,42.72,317,1328,3,3919.47,0,0,0,0.327,0.10733406963960955,0,0.3,0.0,0,1,0
1987.14,15,6,1,40.62,314,1876,4,5191.8,1,0,0,0.404,0.38267216145432137,0,0.4,0.2,0,1,0
754.34,20,5,1,4.7,352,2011,3,1489.68,0,0,0,0.153,0.5060375130812783,0,0.3,0.0,0,0,1
1582.06,3,5,1,37.1,1061,400,2,313.89,0,0,0,0.171,5.024167169487757,1,0.2,0.0,0,1,0
1239.73,8,0,0,90.99,336,2261,3,884.88,0,0,1,0.432,1.3994333318282386,0,0.3,0.0,0,0,1
767.35,15,0,0,6.2,581,1826,3,2272.29,0,0,0,0.439,0.3375504225153852,0,0.3,0.0,1,0,0
1963.82,10,1,0,34.92,1380,1464,3,2929.75,0,0,0,0.199,0.6700742130853877,0,0.3,0.0,0,0,1
1466.45,17,4,0,53.9,146,752,1,920.81,0,0,0,0.102,1.590837591260672,0,0.1,0.0,0,0,1
516.13,17,5,1,87.91,661,2351,1,2289.12,0,1,0,0.111,0.22537246956491364,0,0.1,0.0,0,0,1
2954.97,9,3,0,10.51,728,2130,4,1556.64,1,1,0,0.253,1.8970814822423665,0,0.4,0.2,1,0,0
1146.48,17,2,0,51.52,838,40,5,3591.95,0,1,0,0.202,0.3190915542938254,0,0.5,0.0,1,0,0
1274.55,19,3,0,19.63,1423,1681,1,1475.71,1,0,0,0.182,0.8631010828124682,0,0.1,0.2,0,1,0
327.13,10,6,1,19.6,1394,956,6,1686.1,0,0,0,0.045,0.1939007764803509,0,0.6,0.0,0,1,0
854.57,20,3,0,7.75,923,1427,3,3255.22,0,0,0,0.22,0.2624423411194576,0,0.3,0.0,1,0,0
1054.24,10,2,0,22.71,485,720,3,979.51,1,0,0,0.714,1.0751955614935085,0,0.3,0.2,0,1,0
1019.03,23,6,1,61.97,735,1089,4,2823.63,0,0,0,0.158,0.36076583481730345,1,0.4,0.0,0,1,0
1338.72,12,6,1,73.2,952,2157,0,2332.78,4,0,1,0.415,0.5736273341960253,0,0.0,0.8,0,0,1
2654.87,12,1,0,16.3,1189,2079,0,1526.5,0,0,0,0.217,1.7380490998363338,0,0.0,0.0,0,1,0
2042.93,19,6,1,59.19,1385,2177,6,1047.11,0,1,0,0.611,1.9491561000276691,0,0.6,0.0,1,0,0
3520.09,12,4,0,46.8,213,2315,3,861.42,1,0,0,0.383,4.081642355232949,0,0.3,0.2,1,0,0
379.82,22,6,1,1.77,755,2418,2,838.74,0,0,0,0.404,0.45230666634910804,0,0.2,0.0,0,1,0
5540.66,11,0,0,27.98,249,2231,2,3315.26,1,0,0,0.387,1.6707556102356267,0,0.2,0.2,0,1,0
4553.41,10,2,0,40.46,528,1362,2,960.89,0,0,0,0.222,4.733815716973874,0,0.2,0.0,0,1,0
2368.01,6,4,0,14.92,1266,1268,1,953.41,0,0,0,0.398,2.481124464328748,0,0.1,0.0,0,1,0
869.49,7,4,0,37.39,285,436,2,1529.39,0,0,0,0.529,0.5681492952776743,0,0.2,0.0,0,1,0
1084.7,21,4,0,14.28,460,583,4,518.47,0,0,0,0.25,2.0880897838181225,0,0.4,0.0,0,0,1
2242.03,2,5,1,62.74,965,887,1,1804.62,0,0,0,0.383,1.2416953733343674,1,0.1,0.0,1,0,0
1200.73,16,1,0,38.55,451,2304,6,5281.37,0,0,0,0.182,0.2273089541247584,0,0.6,0.0,1,0,0
1281.98,17,1,0,7.29,1174,1497,3,1945.83,0,0,0,0.305,0.6584961193324533,0,0.3,0.0,0,1,0
1629.34,10,1,0,23.94,127,1857,3,6115.6,0,1,0,0.32,0.26638001504103587,0,0.3,0.0,0,0,1
4834.2,18,6,1,10.72,1041,2472,5,808.7,0,0,0,0.32,5.970359392367543,0,0.5,0.0,1,0,0
1135.34,17,3,0,28.38,1403,343,1,1216.32,1,1,0,0.04,0.9326553412414156,0,0.1,0.2,0,0,1
8501.64,20,0,0,31.66,108,2003,5,5444.1,0,0,0,0.453,1.561337716479036,0,0.5,0.0,1,0,0
20130.46,19,1,0,24.37,169,1057,2,1433.68,0,0,0,0.683,14.031324058326595,0,0.2,0.0,0,0,1
1380.78,2,3,0,15.62,435,1255,4,4157.27,0,0,0,0.517,0.33205635997662486,1,0.4,0.0,0,1,0
1746.13,21,2,0,17.27,682,471,2,2028.87,1,0,0,0.42,0.8602176494061197,0,0.2,0.2,1,0,0
1001.04,20,3,0,10.49,684,1397,2,868.17,0,0,0,0.185,1.151719456492976,0,0.2,0.0,0,1,0
1845.35,4,5,1,29.75,1132,1782,2,3593.11,0,0,0,0.429,0.5134372626324737,1,0.2,0.0,1,0,0
2304.04,21,2,0,19.44,880,2278,3,1055.2,0,0,0,0.451,2.181442908540049,0,0.3,0.0,1,0,0
1399.75,23,3,0,13.3,424,690,7,2936.21,0,1,0,0.13,0.4765576856949282,1,0.7,0.0,0,0,1
4361.27,17,1,0,9.22,1249,614,0,833.96,0,0,1,0.616,5.223328063619815,0,0.0,0.0,1,0,0
4768.04,3,5,1,17.18,1037,2380,1,799.85,0,0,0,0.301,5.953724168071424,1,0.1,0.0,0,1,0
1288.63,23,2,0,4.39,932,1963,4,1767.75,0,0,0,0.357,0.7285540636042404,1,0.4,0.0,0,1,0
2009.02,3,2,0,11.22,827,2444,5,1552.92,0,0,0,0.307,1.292872219934102,1,0.5,0.0,1,0,0
277.14,19,1,0,50.47,983,1017,3,1905.84,0,0,0,0.169,0.14533993413186214,0,0.3,0.0,0,0,1
1183.03,0,5,1,1.33,1031,2479,4,640.47,0,0,0,0.163,1.8442483670319734,1,0.4,0.0,0,1,0
438.0,3,5,1,9.7,955,943,0,1488.26,0,0,1,0.219,0.29410579751017285,1,0.0,0.0,0,0,1
3552.48,23,2,0,16.8,959,1836,5,355.26,1,0,0,0.318,9.971593779823724,1,0.5,0.2,0,1,0
835.95,0,1,0,4.25,1048,2453,1,2835.68,0,1,0,0.239,0.2946930919243623,1,0.1,0.0,0,1,0
1627.86,0,3,0,7.63,647,808,4,1713.65,0,0,0,0.239,0.9493832560580876,1,0.4,0.0,0,1,0
2530.66,5,5,1,52.38,1388,594,4,447.58,0,0,0,0.048,5.641490926924963,1,0.4,0.0,0,1,0
1434.21,12,1,0,5.73,1324,2071,3,1814.46,0,0,0,0.39,0.789998127196413,0,0.3,0.0,0,0,1
242.74,14,1,0,74.27,1254,865,1,3226.31,0,0,0,0.212,0.07521434259491651,0,0.1,0.0,0,0,1
4588.56,6,0,0,94.1,214,1217,4,592.26,0,0,0,0.466,7.734484037352932,0,0.4,0.0,1,0,0
867.05,3,0,0,57.93,873,225,2,604.1,0,0,0,0.17,1.4329036522888778,1,0.2,0.0,0,0,1
3235.51,0,4,0,3.24,333,716,3,2064.42,0,0,0,0.119,1.5665143167007196,1,0.3,0.0,0,0,1
1415.91,4,1,0,5.22,1118,2296,4,4028.01,0,0,0,0.535,0.35142876289708885,1,0.4,0.0,1,0,0
4451.0,0,4,0,1.67,397,735,1,1061.56,0,0,0,0.161,4.188939918686945,1,0.1,0.0,1,0,0
383.2,15,0,0,73.64,1146,1730,3,2866.81,0,0,0,0.234,0.1336211255278418,0,0.3,0.0,0,1,0
4290.0,21,3,0,2.81,353,1080,2,1409.09,1,0,0,0.428,3.0423589983618067,0,0.2,0.2,0,0,1
1584.0,23,3,0,57.78,169,1305,5,767.49,0,0,0,0.303,2.061184921078999,1,0.5,0.0,0,0,1
2472.25,16,6,1,5.0,59,2137,2,480.14,0,0,1,0.35,5.138317329675354,0,0.2,0.0,0,0,1
499.79,17,3,0,41.81,72,985,1,1207.65,0,0,0,0.227,0.41351094196003807,0,0.1,0.0,0,1,0
698.49,18,1,0,31.98,936,1445,3,3283.64,0,0,0,0.46,0.21265344147303816,0,0.3,0.0,1,0,0
602.4,6,6,1,2.75,152,1649,5,1926.82,0,0,0,0.112,0.3124773059725493,0,0.5,0.0,0,1,0
4863.27,4,0,0,37.92,311,925,3,1527.63,0,0,0,0.032,3.181456598392024,1,0.3,0.0,0,1,0
3716.54,19,1,0,56.05,740,522,1,1106.31,0,0,0,0.21,3.356368135391173,0,0.1,0.0,1,0,0
1269.43,19,1,0,22.81,143,159,4,1762.69,0,0,0,0.155,0.71975800735957,0,0.4,0.0,1,0,0
4649.12,15,0,0,3.38,266,656,4,2093.67,1,0,0,0.453,2.219499968968859,0,0.4,0.2,0,0,1
6828.76,10,4,0,39.7,942,1054,4,1912.81,1,0,0,0.129,3.5681493983206276,0,0.4,0.2,0,0,1
4138.57,8,5,1,21.53,711,1337,3,2931.17,1,0,0,0.344,1.411435899009948,0,0.3,0.2,1,0,0
406.81,15,5,1,83.53,1110,896,2,2115.23,0,0,0,0.069,0.1922333583778701,0,0.2,0.0,0,1,0
1978.79,11,2,0,19.16,1312,1463,5,1661.86,1,0,0,0.207,1.189991941594602,0,0.5,0.2,0,1,0
4178.06,2,5,1,22.4,161,976,5,730.0,0,0,0,0.593,5.715540355677155,1,0.5,0.0,0,0,1
778.09,21,4,0,54.0,149,2271,1,1725.45,0,0,0,0.235,0.45068782762315734,0,0.1,0.0,0,0,1
5774.78,13,5,1,28.7,1032,286,5,703.16,1,0,0,0.191,8.200948648034538,0,0.5,0.2,0,0,1
1410.01,14,1,0,1.76,1113,219,4,1585.73,2,0,0,0.259,0.8886262943285878,0,0.4,0.4,0,0,1
3588.79,8,0,0,27.86,1351,166,3,1375.84,0,0,0,0.042,2.6065410650475003,0,0.3,0.0,1,0,0
1318.91,10,3,0,52.75,599,1481,5,2802.17,0,0,0,0.12,0.47050660502217134,0,0.5,0.0,0,1,0
1275.58,13,1,0,13.39,242,2032,3,3089.79,0,0,0,0.228,0.4127035482837721,0,0.3,0.0,1,0,0
564.82,19,5,1,13.31,767,2123,2,638.08,0,0,0,0.292,0.8838017149652626,0,0.2,0.0,1,0,0
6558.31,11,0,0,0.68,170,952,2,2721.87,0,0,0,0.148,2.408601953086266,0,0.2,0.0,0,0,1
5561.56,13,6,1,23.89,1368,918,1,1733.89,0,0,0,0.21,3.20571333052816,0,0.1,0.0,0,1,0
7302.51,13,4,0,12.73,1148,2317,1,1444.7,1,0,0,0.424,5.051193193608633,0,0.1,0.2,1,0,0
7177.61,6,2,0,48.9,319,1660,2,1577.21,1,0,0,0.113,4.5479435563074615,0,0.2,0.2,0,0,1
1629.73,21,4,0,8.03,109,914,1,3744.13,0,1,1,0.635,0.4351597941860496,0,0.1,0.0,0,1,0
5692.94,13,6,1,13.78,1195,234,0,1988.58,0,0,0,0.208,2.8613777782245498,0,0.0,0.0,0,0,1
1621.9,8,2,0,35.48,807,1036,0,1612.8,1,0,0,0.103,1.0050192093196184,0,0.0,0.2,0,1,0
2996.29,9,1,0,19.18,696,1700,1,865.34,0,0,0,0.174,3.4585613038760763,0,0.1,0.0,1,0,0
2093.3,20,4,0,6.65,894,1470,1,2337.82,0,0,0,0.137,0.8950239864547079,0,0.1,0.0,0,0,1
1781.27,14,3,0,12.23,231,2159,3,1027.25,0,0,0,0.367,1.7323316314125943,0,0.3,0.0,0,1,0
1727.03,15,6,1,23.1,1459,2296,4,997.86,0,0,0,0.46,1.729001061209779,0,0.4,0.0,0,0,1
1508.14,22,0,0,50.53,797,152,1,3725.27,0,0,1,0.388,0.40473180955754684,0,0.1,0.0,0,0,1
126.61,1,2,0,47.2,1090,1139,3,1428.3,0,0,0,0.175,0.08858182327013224,1,0.3,0.0,0,1,0
9810.7,4,6,1,42.94,178,699,1,562.23,1,0,0,0.093,17.418638921932427,1,0.1,0.2,1,0,0
1191.03,8,3,0,6.99,75,284,1,706.58,0,0,0,0.488,1.6832442974645976,0,0.1,0.0,1,0,0
2811.17,4,4,0,2.64,1169,1692,3,1911.91,1,0,0,0.289,1.4695777637212415,1,0.3,0.2,0,0,1
2178.47,13,5,1,16.98,1248,1719,7,2957.4,1,0,0,0.248,0.7363676311519739,0,0.7,0.2,1,0,0
609.34,10,4,0,43.63,1394,829,3,842.53,1,0,0,0.183,0.722369091792823,0,0.3,0.2,0,1,0
1045.71,22,4,0,3.23,32,1984,6,948.01,0,1,0,0.294,1.1018956596874638,0,0.6,0.0,1,0,0
483.56,13,0,0,12.64,175,441,3,2809.16,0,0,1,0.587,0.1720756113530902,0,0.3,0.0,0,0,1
2153.47,9,2,0,34.74,1320,633,1,789.42,0,0,0,0.184,2.724462943751423,0,0.1,0.0,0,1,0
9282.37,15,5,1,4.54,99,1950,3,3601.59,0,0,0,0.206,2.5765824032154647,0,0.3,0.0,0,1,0
1670.54,4,2,0,53.35,301,1460,1,888.8,1,1,0,0.437,1.8774331310406833,1,0.1,0.2,0,1,0
512.72,9,1,0,5.23,770,633,2,2970.78,2,0,0,0.213,0.17252959505750762,0,0.2,0.4,1,0,0
6261.53,7,5,1,11.69,1175,993,2,1490.5,0,1,0,0.218,4.19814280925243,0,0.2,0.0,0,1,0
1214.28,5,0,0,55.47,631,670,2,753.59,0,1,0,0.245,1.6091917465113503,1,0.2,0.0,1,0,0
1347.24,0,2,0,111.65,95,856,2,1111.95,1,0,0,0.22,1.2105126016442787,1,0.2,0.2,0,0,1
675.94,2,5,1,78.94,1483,712,2,783.66,0,0,0,0.462,0.8614431728391916,1,0.2,0.0,0,0,1
3167.3,12,4,0,3.39,76,266,5,630.3,1,0,0,0.678,5.017107555837162,0,0.5,0.2,0,0,1
2923.5,12,0,0,24.85,1122,31,1,1240.39,0,0,0,0.318,2.355021387315831,0,0.1,0.0,1,0,0
8503.4,18,4,0,4.21,516,1311,2,1000.28,0,0,0,0.156,8.492529562160435,0,0.2,0.0,0,1,0
1395.76,4,1,0,7.1,774,506,2,824.85,0,0,0,0.08,1.690088999212932,1,0.2,0.0,0,0,1
271.35,4,4,0,0.07,824,2452,4,1343.83,1,0,0,0.497,0.20177271476692224,1,0.4,0.2,1,0,0
206.74,3,4,0,24.78,554,32,0,1334.58,0,0,0,0.345,0.1547941718204825,1,0.0,0.0,0,0,1
219.84,11,1,0,4.08,891,2322,2,4405.88,0,0,0,0.225,0.049885633373270885,0,0.2,0.0,0,0,1
602.69,6,4,0,23.34,1104,747,3,963.39,2,0,0,0.06,0.6249442652868653,0,0.3,0.4,0,0,1
3027.98,2,0,0,26.88,138,362,1,1270.44,2,0,0,0.636,2.38153589630655,1,0.1,0.4,0,0,1
1071.51,14,5,1,24.86,370,1608,1,1293.12,0,1,0,0.129,0.8279834945754645,0,0.1,0.0,0,0,1
3376.72,5,6,1,53.88,676,2271,2,1255.09,0,0,0,0.052,2.688278706143668,1,0.2,0.0,1,0,0
1402.98,15,6,1,30.66,1039,2400,6,1620.34,0,0,0,0.195,0.8653212774618526,0,0.6,0.0,1,0,0
4702.87,20,1,0,53.75,742,399,2,1107.84,0,0,0,0.556,4.241252119331914,0,0.2,0.0,1,0,0
622.27,16,5,1,0.36,1113,1363,2,3290.44,0,0,0,0.303,0.18905706924628732,0,0.2,0.0,0,0,1
981.16,14,5,1,26.24,697,1664,2,1984.11,0,0,0,0.367,0.49425976394255233,0,0.2,0.0,0,1,0
1976.87,22,2,0,24.79,794,344,2,1026.82,0,0,0,0.04,1.9233620672880465,0,0.2,0.0,0,0,1
2349.63,20,1,0,5.39,224,1164,4,2652.74,0,1,0,0.263,0.8854032422166453,0,0.4,0.0,0,0,1
633.98,9,4,0,10.24,446,1846,5,1319.09,0,0,0,0.202,0.4802551341196434,0,0.5,0.0,1,0,0
1492.87,17,2,0,38.48,800,1446,2,1638.13,1,0,0,0.297,0.9107697376047048,0,0.2,0.2,0,1,0
5781.48,10,6,1,20.29,1364,336,4,1401.74,1,0,0,0.22,4.121562085632405,0,0.4,0.2,0,0,1
5983.0,16,4,0,21.13,529,1315,4,778.37,1,0,0,0.621,7.676713242747347,0,0.4,0.2,1,0,0
393.92,19,2,0,22.23,299,1719,2,1032.55,0,0,0,0.088,0.3811329882444004,0,0.2,0.0,1,0,0
4208.44,8,2,0,29.21,150,1212,3,1509.07,0,0,0,0.448,2.7869171627805334,0,0.3,0.0,0,0,1
5132.54,8,0,0,131.31,901,1810,3,2863.86,1,0,1,0.536,1.791550023386832,0,0.3,0.2,1,0,0
4413.64,11,1,0,24.8,1237,91,2,1077.45,0,0,0,0.203,4.092577310028282,0,0.2,0.0,0,0,1
4118.81,4,4,0,52.02,230,1762,1,2244.24,0,0,0,0.463,1.8344631308902393,1,0.1,0.0,0,0,1
2139.44,18,1,0,2.51,696,254,2,1510.28,0,0,0,0.191,1.4156476629082633,0,0.2,0.0,1,0,0
1554.47,8,6,1,50.41,284,1896,2,1712.94,0,0,0,0.398,0.9069570696757179,0,0.2,0.0,1,0,0
708.62,20,5,1,2.92,27,2204,1,1923.29,1,0,0,0.384,0.3682501078319796,0,0.1,0.2,1,0,0
7237.83,16,0,0,20.51,838,182,3,545.24,0,0,0,0.18,13.25027460456942,0,0.3,0.0,0,1,0
718.17,3,0,0,33.63,572,2419,5,733.81,1,0,1,0.056,0.9773546903281121,1,0.5,0.2,0,0,1
109.81,9,4,0,10.44,1358,1964,3,725.69,0,0,0,0.346,0.15110982674868237,0,0.3,0.0,0,1,0
1708.63,12,1,0,11.25,1104,1958,5,936.85,0,0,0,0.061,1.8218585061577013,0,0.5,0.0,1,0,0
1261.82,9,5,1,0.41,1351,465,2,2929.52,1,0,0,0.254,0.4305788733740087,0,0.2,0.2,0,1,0
1019.63,10,5,1,68.87,429,2320,5,940.95,0,0,0,0.351,1.0824672222517118,0,0.5,0.0,0,1,0
1011.08,0,2,0,76.64,716,1539,4,3804.21,0,0,1,0.191,0.26570938266219213,1,0.4,0.0,1,0,0
746.08,22,6,1,19.33,823,2164,2,1903.79,0,0,0,0.295,0.3916862226282163,0,0.2,0.0,1,0,0
1347.4,0,2,0,32.81,597,1093,2,1863.5,0,0,0,0.289,0.7226602306248324,1,0.2,0.0,0,1,0
2177.29,21,3,0,73.9,563,947,3,5896.66,1,0,0,0.299,0.36917862338622437,0,0.3,0.2,1,0,0
382.94,19,0,0,33.01,54,1070,2,822.23,0,0,0,0.603,0.46516769311128114,0,0.2,0.0,1,0,0
189.58,6,1,0,69.74,659,1523,3,2242.98,0,0,0,0.381,0.08448381892886746,0,0.3,0.0,0,1,0
735.23,2,1,0,2.88,896,1081,3,599.95,1,0,0,0.18,1.2234462101672352,1,0.3,0.2,0,0,1
3167.86,19,6,1,19.55,958,666,2,1012.32,0,0,0,0.461,3.1262187660363954,0,0.2,0.0,1,0,0
10320.55,5,5,1,45.36,739,368,6,6645.32,0,1,0,0.089,1.5528217118646108,1,0.6,0.0,0,0,1
865.09,14,2,0,48.76,1263,1766,4,2281.67,0,1,0,0.158,0.3789816311600012,0,0.4,0.0,0,1,0
15801.95,9,3,0,1.45,911,2109,6,936.1,1,0,0,0.204,16.86260804609967,0,0.6,0.2,0,1,0
1216.95,23,4,0,19.18,288,2230,4,791.06,1,1,0,0.294,1.5364366335883646,1,0.4,0.2,0,1,0
786.13,11,3,0,29.86,496,702,0,698.21,0,1,1,0.294,1.1243117232305029,0,0.0,0.0,0,1,0
1577.4,1,5,1,9.37,448,1412,5,693.96,2,0,0,0.155,2.2697709220674573,1,0.5,0.4,1,0,0
1664.32,3,3,0,11.07,1033,931,2,586.64,0,0,0,0.071,2.8322101967190796,1,0.2,0.0,0,1,0
3213.81,20,4,0,13.63,701,2440,5,238.94,2,0,0,0.3,13.394223555888972,0,0.5,0.4,0,0,1
6959.93,4,5,1,12.65,1124,1548,1,3305.44,0,0,0,0.311,2.104961832061069,1,0.1,0.0,0,0,1
2001.44,15,0,0,1.03,656,586,5,1405.65,0,0,1,0.037,1.4228415028614083,0,0.5,0.0,0,0,1
1794.11,6,5,1,5.62,752,290,5,2571.15,0,0,1,0.398,0.6975137530859398,0,0.5,0.0,0,0,1
423.07,15,4,0,17.41,1144,883,1,770.31,1,0,0,0.305,0.5485083818438761,0,0.1,0.2,0,0,1
1323.5,14,4,0,68.61,1191,1690,4,2922.27,0,0,0,0.721,0.4527464106976092,0,0.4,0.0,0,0,1
3014.43,20,0,0,13.91,519,2464,3,756.36,0,0,0,0.042,3.9801811555931126,0,0.3,0.0,0,0,1
1465.73,19,2,0,13.4,1402,2090,3,2022.36,0,0,0,0.222,0.7244039617270284,0,0.3,0.0,0,0,1
1755.72,1,1,0,20.18,881,1708,4,1386.77,1,1,0,0.146,1.2651375948464083,1,0.4,0.2,1,0,0
656.96,16,1,0,29.51,1407,2063,3,400.29,1,0,0,0.137,1.6371202870741857,0,0.3,0.2,0,0,1
625.27,15,4,0,45.43,829,1102,1,503.71,0,0,0,0.418,1.238869846050207,0,0.1,0.0,0,1,0
1254.04,0,1,0,29.63,1300,1073,4,585.98,1,0,0,0.307,2.136427135507172,1,0.4,0.2,0,1,0
454.2,16,2,0,12.63,1030,1099,5,3089.01,1,0,0,0.114,0.1469898155669399,0,0.5,0.2,1,0,0
884.04,14,1,0,34.66,82,1366,3,1204.49,0,0,0,0.161,0.7333449468680785,0,0.3,0.0,0,0,1
878.68,20,0,0,20.08,95,1423,5,851.89,2,0,0,0.088,1.0302383660260994,0,0.5,0.4,0,1,0
2994.47,4,6,1,19.15,168,1009,4,1175.48,1,0,0,0.349,2.5452791377668977,1,0.4,0.2,0,1,0
8220.12,3,3,0,13.0,916,107,4,2815.05,1,0,1,0.251,2.91902487526855,1,0.4,0.2,0,1,0
916.28,16,4,0,2.63,1059,1268,4,4075.49,0,0,0,0.177,0.22477180123096097,0,0.4,0.0,1,0,0
14817.4,5,0,0,8.24,386,1929,4,735.89,1,0,0,0.081,20.108021550027818,1,0.4,0.2,0,0,1
1976.55,17,4,0,14.3,383,178,2,474.53,1,0,0,0.092,4.156520093369504,0,0.2,0.2,0,0,1
10391.89,3,2,0,19.74,1037,1520,3,1240.38,0,1,0,0.401,8.371240071533292,1,0.3,0.0,0,1,0
22162.93,19,4,0,45.75,1480,530,5,2907.19,0,0,0,0.207,7.6208672748341755,0,0.5,0.0,0,0,1
938.9,20,0,0,35.39,598,1484,2,1613.61,0,0,0,0.588,0.5815026538916519,0,0.2,0.0,1,0,0
2491.87,9,0,0,4.11,236,2029,1,1829.08,0,1,0,0.382,1.3616180713411437,0,0.1,0.0,0,1,0
737.17,15,0,0,9.48,519,2384,4,1520.1,0,0,0,0.131,0.48462954440865164,0,0.4,0.0,0,0,1
789.75,13,2,0,32.61,916,1012,2,449.19,1,0,1,0.184,1.754259312734623,0,0.2,0.2,0,0,1
7924.11,14,1,0,11.58,726,153,4,1721.89,0,0,0,0.232,4.5993127825920395,0,0.4,0.0,0,0,1
5182.4,3,2,0,2.48,174,1537,2,1479.59,0,0,0,0.682,3.5002262611526485,1,0.2,0.0,0,1,0
217.76,9,4,0,42.05,1312,431,4,2494.93,0,0,0,0.099,0.08724603654749934,0,0.4,0.0,0,1,0
5955.51,21,1,0,107.0,690,2259,5,654.87,0,0,0,0.418,9.080320795279553,0,0.5,0.0,0,1,0
630.89,5,0,0,32.2,1232,800,3,2616.76,0,0,0,0.432,0.24100375893894013,1,0.3,0.0,1,0,0
8854.49,7,1,0,54.45,119,1095,1,1650.82,0,0,0,0.125,5.360444842658401,0,0.1,0.0,0,0,1
1218.04,18,3,0,48.98,1323,400,1,542.92,0,0,0,0.153,2.239373437270187,0,0.1,0.0,1,0,0
1915.65,20,3,0,26.49,458,40,2,2568.99,1,0,0,0.357,0.7453920054163636,0,0.2,0.2,0,0,1
3448.44,17,3,0,69.38,955,175,4,2544.42,0,1,0,0.133,1.354762671779117,0,0.4,0.0,0,1,0
196.22,14,3,0,52.39,1160,1139,1,720.71,0,0,0,0.171,0.27188205789028835,0,0.1,0.0,1,0,0
682.98,5,2,0,49.11,898,2207,3,879.29,0,0,0,0.175,0.7758579559008963,1,0.3,0.0,0,0,1
4649.83,8,4,0,25.69,1407,2311,4,1206.4,0,1,0,0.03,3.8511098227596485,0,0.4,0.0,0,0,1
1145.75,17,4,0,45.82,519,926,2,1031.46,0,0,0,0.187,1.1097282219165876,0,0.2,0.0,0,0,1
1566.92,4,2,0,6.69,565,2458,4,795.11,0,0,0,0.169,1.9682204720453205,1,0.4,0.0,0,0,1
1690.48,2,1,0,22.31,281,80,2,1753.74,1,1,0,0.532,0.963379190079442,1,0.2,0.2,1,0,0
2668.73,7,4,0,2.16,1186,1158,4,1213.56,0,0,1,0.053,2.197281319984192,0,0.4,0.0,1,0,0
1913.1,6,0,0,37.36,1180,2041,5,640.0,1,0,1,0.238,2.9845553822152886,0,0.5,0.2,0,1,0
2225.3,2,6,1,11.03,1038,879,3,1361.04,0,0,1,0.047,1.6337993010484275,1,0.3,0.0,0,0,1
3616.35,20,5,1,44.93,1004,516,3,2083.24,0,0,0,0.708,1.7350928875753273,0,0.3,0.0,0,0,1
5579.99,4,2,0,42.56,620,2367,2,1882.64,0,0,0,0.526,2.9623441846637357,1,0.2,0.0,0,1,0
548.12,17,5,1,20.09,1012,1511,6,735.94,1,0,0,0.537,0.7437783265937525,0,0.6,0.2,0,0,1
2257.41,8,2,0,34.78,899,77,3,705.76,1,0,0,0.104,3.194026260682551,0,0.3,0.2,0,1,0
185.83,6,4,0,18.98,1205,2415,2,1247.68,0,0,0,0.144,0.14882115513982766,0,0.2,0.0,0,1,0
528.65,21,4,0,30.69,56,94,2,2402.48,0,1,0,0.22,0.21995190307387621,0,0.2,0.0,1,0,0
128.23,16,0,0,31.46,1141,440,2,1003.43,0,0,0,0.472,0.12766444650199615,0,0.2,0.0,0,1,0
662.95,7,4,0,12.01,289,1735,3,1354.33,0,0,0,0.249,0.4891428655751736,0,0.3,0.0,0,0,1
8438.8,1,4,0,5.51,1399,864,3,1233.05,0,0,0,0.205,6.838296665451156,1,0.3,0.0,0,0,1
3998.76,17,5,1,45.85,607,567,4,1112.36,0,0,0,0.326,3.591614572106058,0,0.4,0.0,0,0,1
584.64,23,3,0,11.24,500,100,2,1464.72,0,0,0,0.582,0.398875637911743,1,0.2,0.0,0,0,1
492.61,8,0,0,25.77,617,1799,4,2417.91,0,1,0,0.336,0.20364957770235356,0,0.4,0.0,0,1,0
4753.07,2,0,0,0.88,864,2105,3,1718.82,0,0,0,0.505,2.763702015327185,1,0.3,0.0,1,0,0
2661.92,22,0,0,19.43,1021,2207,3,3416.05,0,0,0,0.264,0.7790111353360355,0,0.3,0.0,0,1,0
10592.58,9,2,0,20.87,909,1262,4,3224.17,0,0,0,0.282,3.284347801821299,0,0.4,0.0,1,0,0
8830.19,10,3,0,0.48,80,1382,0,945.1,0,0,0,0.501,9.33325229891132,0,0.0,0.0,1,0,0
3350.25,19,4,0,75.56,281,445,2,817.67,0,1,0,0.191,4.092308256073876,0,0.2,0.0,1,0,0
1218.5,16,4,0,51.67,411,1011,5,1708.75,0,0,1,0.142,0.7126772920017547,0,0.5,0.0,0,0,1
303.12,1,5,1,30.63,21,1726,1,996.13,1,0,0,0.266,0.3039924583554802,1,0.1,0.2,0,0,1
2126.36,18,0,0,15.89,947,1021,3,433.21,0,0,0,0.545,4.897077451002971,0,0.3,0.0,0,0,1
439.25,23,0,0,33.96,1465,37,3,523.32,0,0,0,0.336,0.8377517546536466,1,0.3,0.0,0,0,1
1844.53,8,3,0,55.59,1295,2349,5,789.95,2,0,0,0.337,2.332043744863771,0,0.5,0.4,1,0,0
2140.46,4,4,0,99.81,144,2039,2,2100.84,0,0,0,0.202,1.0183743767365736,1,0.2,0.0,0,0,1
811.78,2,1,0,47.03,879,390,2,2901.81,0,0,0,0.036,0.2796531636586618,1,0.2,0.0,0,1,0
2732.43,19,6,1,39.9,425,966,6,865.66,2,0,0,0.372,3.152828098677682,0,0.6,0.4,0,1,0
1896.28,9,5,1,39.02,982,91,6,2257.3,1,0,0,0.163,0.8396935748129123,0,0.6,0.2,1,0,0
172.94,1,2,0,43.2,956,421,4,433.69,0,1,1,0.211,0.3978467413559088,1,0.4,0.0,1,0,0
2080.07,18,4,0,8.1,477,2119,3,827.04,1,0,0,0.178,2.5120404811361774,0,0.3,0.2,0,1,0
4755.9,6,4,0,25.75,25,1989,4,6481.01,0,0,0,0.303,0.7337075999574205,0,0.4,0.0,0,1,0
1568.36,8,4,0,11.72,193,109,4,1219.93,1,0,0,0.333,1.2845617684879558,0,0.4,0.2,1,0,0
11002.4,2,0,0,51.05,1220,2086,0,1403.09,0,0,0,0.334,7.83596493102294,1,0.0,0.0,0,0,1
1698.31,23,3,0,23.49,1340,652,5,1216.19,1,0,0,0.36,1.3952710751813602,1,0.5,0.2,1,0,0
1665.5,4,5,1,24.62,1415,1460,6,1018.73,0,0,0,0.385,1.6332754748806055,1,0.6,0.0,0,1,0
2149.31,16,2,0,42.22,1118,361,1,4083.12,0,0,0,0.59,0.5262602470054749,0,0.1,0.0,0,0,1
3824.32,23,3,0,85.34,19,908,6,1957.72,0,0,0,0.484,1.9524587485704952,1,0.6,0.0,0,1,0
786.79,14,6,1,60.16,993,148,3,1183.79,0,0,0,0.066,0.664075490171254,0,0.3,0.0,1,0,0
4280.38,14,3,0,43.54,1205,2043,3,935.87,0,0,1,0.116,4.568808906251668,0,0.3,0.0,0,1,0
2278.75,7,0,0,1.04,733,1631,6,1466.81,1,1,0,0.181,1.5524829507906337,0,0.6,0.2,0,0,1
29758.02,15,4,0,30.67,31,1741,3,2003.45,0,0,0,0.269,14.845977699618349,0,0.3,0.0,0,0,1
1753.48,1,4,0,25.12,1102,2420,2,1974.77,1,0,0,0.092,0.8874919651578879,1,0.2,0.2,1,0,0
4370.66,4,1,0,22.04,1206,582,5,1234.9,0,0,0,0.282,3.5364188041103644,1,0.5,0.0,1,0,0
2218.16,0,3,0,24.51,811,2220,1,503.34,0,0,0,0.068,4.398144109132728,1,0.1,0.0,0,0,1
1599.05,22,6,1,14.24,391,1907,2,2590.06,2,0,0,0.055,0.6171412472115659,0,0.2,0.4,0,1,0
789.93,15,0,0,35.95,76,1847,5,1205.89,0,1,0,0.407,0.6545169816636146,0,0.5,0.0,1,0,0
773.09,3,0,0,8.27,1063,539,8,1173.78,0,0,0,0.09,0.6580721496790889,1,0.8,0.0,0,1,0
1446.99,20,1,0,2.71,437,2433,1,4495.96,0,0,0,0.227,0.3217707073222799,0,0.1,0.0,0,1,0
1240.86,2,3,0,5.12,1377,1617,2,1623.92,0,1,0,0.221,0.7636437486153164,1,0.2,0.0,1,0,0
150.71,22,4,0,11.6,194,1119,5,2287.16,0,0,0,0.369,0.06586514929025943,0,0.5,0.0,0,1,0
2414.49,3,0,0,37.17,649,1004,2,948.63,1,0,0,0.374,2.542558680749344,1,0.2,0.2,1,0,0
1127.23,4,0,0,6.23,698,470,1,1333.79,0,0,0,0.045,0.8444998838768646,1,0.1,0.0,1,0,0
4313.04,20,5,1,52.35,1278,2332,4,1306.01,0,0,1,0.055,3.299928845226892,0,0.4,0.0,1,0,0
1641.45,7,3,0,42.44,71,2334,3,1029.21,0,0,0,0.505,1.5933159258791896,0,0.3,0.0,0,1,0
748.36,4,2,0,55.03,1069,1441,4,3481.47,1,0,0,0.036,0.21489345206132432,1,0.4,0.2,0,0,1
3119.96,5,2,0,55.23,830,413,2,2006.84,0,1,0,0.195,1.5538887560761814,1,0.2,0.0,0,0,1
3459.54,19,5,1,21.58,268,201,1,11609.84,0,0,0,0.203,0.297957770497225,0,0.1,0.0,0,1,0
3411.7,18,4,0,14.52,515,428,0,3513.58,1,0,0,0.275,0.9707276545134838,0,0.0,0.2,0,0,1
2250.14,21,6,1,5.15,41,1277,4,1973.09,2,0,0,0.452,1.1398365829318826,0,0.4,0.4,0,1,0
22292.69,1,3,0,43.16,398,172,0,2349.95,0,0,0,0.206,9.482417746017568,1,0.0,0.0,1,0,0
2828.18,22,4,0,35.41,914,1108,4,1349.98,1,0,0,0.187,2.093428474144695,0,0.4,0.2,0,1,0
5680.39,16,3,0,88.88,30,683,1,538.81,1,1,0,0.157,10.522943257812935,0,0.1,0.2,1,0,0
1110.47,22,0,0,23.4,657,1468,3,2707.95,0,0,0,0.105,0.40992635522988613,0,0.3,0.0,0,1,0
1894.63,12,2,0,1.4,885,1164,0,3115.36,0,0,0,0.311,0.6079624947053613,0,0.0,0.0,1,0,0
282.4,13,3,0,27.41,459,844,0,3141.98,0,0,0,0.154,0.08985103309597897,0,0.0,0.0,0,0,1
906.51,20,6,1,64.11,530,2240,1,1800.02,0,0,0,0.55,0.5033314455142086,0,0.1,0.0,1,0,0
3031.92,15,0,0,70.43,305,2301,3,2276.2,0,0,0,0.073,1.3314245564728615,0,0.3,0.0,0,0,1
253.71,12,1,0,53.6,571,1508,3,4878.16,1,0,0,0.099,0.051998704695070466,0,0.3,0.2,0,1,0
1468.64,14,5,1,0.5,24,1469,0,1391.21,1,0,1,0.15,1.0548983271201902,0,0.0,0.2,0,0,1
9491.36,5,2,0,111.01,462,2386,2,1234.55,0,0,0,0.119,7.681890655983167,1,0.2,0.0,0,1,0
2621.63,20,2,0,37.07,103,69,4,1561.67,0,1,0,0.351,1.6776606705190475,0,0.4,0.0,0,0,1
1952.44,3,4,0,34.81,66,1146,2,2776.4,2,1,0,0.592,0.7029740044646072,1,0.2,0.4,0,0,1
3147.97,5,5,1,84.06,185,2092,2,1385.59,0,1,0,0.135,2.2702961942607405,1,0.2,0.0,0,0,1
2843.58,17,4,0,18.78,905,349,3,4231.05,0,0,0,0.441,0.6719155019435025,0,0.3,0.0,0,1,0
1808.22,4,4,0,62.34,173,385,3,1948.18,1,0,0,0.401,0.9276824100390934,1,0.3,0.2,1,0,0
606.62,5,1,0,51.9,1409,1533,1,5518.38,1,0,0,0.22,0.10990727219361594,1,0.1,0.2,0,0,1
1623.99,17,3,0,13.82,804,2323,4,1804.07,2,0,0,0.168,0.8996825607871163,0,0.4,0.4,1,0,0
1648.3,22,6,1,21.09,157,1562,1,1812.1,0,0,0,0.232,0.909105951133418,0,0.1,0.0,1,0,0
12107.71,3,1,0,59.34,1476,1864,2,795.37,2,1,0,0.253,15.203623943644285,1,0.2,0.4,0,0,1
711.77,0,4,0,12.59,726,583,2,1611.92,0,1,0,0.125,0.4412928105547702,1,0.2,0.0,0,0,1
3051.97,20,5,1,5.3,816,1539,3,2789.56,1,0,0,0.498,1.0936765380425433,0,0.3,0.2,1,0,0
1632.69,15,5,1,4.48,511,1518,2,896.64,0,0,1,0.337,1.8188694799696985,0,0.2,0.0,0,0,1
1611.53,21,6,1,75.11,397,1140,6,2930.47,1,0,0,0.21,0.5497344335776931,0,0.6,0.2,0,0,1
1955.97,21,0,0,22.19,1111,1466,4,791.15,0,1,0,0.089,2.4691914410149596,0,0.4,0.0,0,1,0
585.86,2,2,0,26.99,260,1242,3,2958.89,1,0,0,0.465,0.1979330312950819,1,0.3,0.2,0,1,0
971.83,8,5,1,65.14,896,377,4,548.03,0,0,0,0.418,1.7700854233830576,0,0.4,0.0,0,0,1
1454.58,5,0,0,35.25,214,488,2,987.33,0,0,1,0.367,1.4717553853469993,1,0.2,0.0,1,0,0
576.19,23,3,0,12.84,255,529,7,726.36,0,0,1,0.067,0.7921661900571932,1,0.7,0.0,0,0,1
277.34,8,2,0,4.25,1122,581,9,1260.66,1,0,0,0.269,0.2198215050013474,0,0.9,0.2,1,0,0
7296.1,16,6,1,49.79,550,383,5,1639.87,0,0,0,0.191,4.446482658589651,0,0.5,0.0,0,0,1
380.93,18,5,1,29.49,106,2302,2,2376.41,0,1,0,0.532,0.16022898868937205,0,0.2,0.0,0,1,0
4350.81,12,4,0,66.94,622,304,1,2009.2,0,0,0,0.675,2.164366729678639,0,0.1,0.0,0,0,1
685.91,1,4,0,50.61,516,1445,0,2417.45,0,1,0,0.379,0.2836155388782071,1,0.0,0.0,1,0,0
2242.45,6,4,0,3.18,183,1500,3,1673.78,1,0,1,0.178,1.3389519817528273,0,0.3,0.2,0,1,0
4697.02,17,3,0,49.53,1076,1946,1,659.95,0,0,0,0.149,7.106467962780846,0,0.1,0.0,0,1,0
112.78,2,6,1,3.3,378,1451,2,3611.32,0,0,0,0.318,0.031220932807724675,1,0.2,0.0,0,1,0
1091.34,23,3,0,1.9,149,2315,3,1151.44,0,0,0,0.207,0.9469820554649264,1,0.3,0.0,0,1,0
2440.42,21,5,1,34.04,1375,1204,2,777.15,1,0,0,0.315,3.136181970057187,0,0.2,0.2,0,1,0
193.7,8,3,0,4.24,719,201,1,494.37,1,0,0,0.3,0.39102085309970325,0,0.1,0.2,0,1,0
1269.31,22,0,0,26.08,1309,2042,2,1947.88,0,1,0,0.483,0.6513022864414433,0,0.2,0.0,1,0,0
331.68,12,4,0,37.52,220,1618,5,319.58,0,0,0,0.522,1.0346247426539399,0,0.5,0.0,1,0,0
1603.63,14,0,0,86.11,417,1660,5,1520.79,0,0,0,0.194,1.0537787736809943,0,0.5,0.0,1,0,0
1134.04,14,3,0,29.47,990,1924,0,753.81,1,0,0,0.092,1.502417827002822,0,0.0,0.2,1,0,0
1437.86,15,1,0,16.88,1148,1118,8,5989.78,0,0,0,0.156,0.24001215200691728,0,0.8,0.0,0,1,0
1000.98,23,5,1,29.57,424,1839,3,2902.29,0,1,0,0.575,0.3447743766554495,1,0.3,0.0,1,0,0
1242.23,4,6,1,20.71,182,2082,2,1257.77,1,0,1,0.441,0.9868601889145754,1,0.2,0.2,0,0,1
426.06,14,2,0,27.49,296,1221,3,1813.04,0,0,0,0.44,0.23486802937090692,0,0.3,0.0,0,0,1
325.33,4,4,0,6.68,16,2156,7,3365.12,1,0,0,0.38,0.09664836666547835,1,0.7,0.2,0,0,1
1005.29,8,0,0,21.62,313,2448,3,1636.84,0,0,0,0.57,0.6137901138084306,0,0.3,0.0,0,1,0
5258.32,5,0,0,49.37,763,1738,3,1674.52,0,0,1,0.341,3.1383212375859433,1,0.3,0.0,0,0,1
3961.67,5,3,0,92.21,1409,534,5,1172.79,1,0,0,0.295,3.375109687422793,1,0.5,0.2,0,0,1
1757.87,1,6,1,15.34,304,2057,5,927.89,0,0,0,0.546,1.892441516218282,1,0.5,0.0,0,0,1
524.44,23,3,0,0.62,751,1616,0,759.73,0,0,0,0.396,0.6893904539061165,1,0.0,0.0,0,0,1
801.52,17,2,0,55.78,1216,2416,3,1828.35,0,0,1,0.182,0.4381446962035696,0,0.3,0.0,0,1,0
434.83,8,1,0,63.58,128,1944,2,267.07,1,0,0,0.266,1.622076323348379,0,0.2,0.2,1,0,0
850.58,17,3,0,55.0,131,1626,4,5062.29,0,1,0,0.328,0.16798958779765727,0,0.4,0.0,0,1,0
4275.06,20,3,0,67.36,825,2046,2,1569.61,0,0,0,0.194,2.7219105952464333,0,0.2,0.0,1,0,0
270.44,14,5,1,4.3,78,805,3,1624.86,0,0,0,0.594,0.1663365849458133,0,0.3,0.0,0,1,0
3436.39,12,2,0,56.03,964,2389,2,2554.95,0,1,0,0.207,1.3444668322932765,0,0.2,0.0,0,0,1
493.12,2,4,0,57.32,1305,1683,1,2883.47,0,0,0,0.186,0.1709568828935645,1,0.1,0.0,1,0,0
9325.09,21,6,1,4.31,4,425,4,926.59,0,0,0,0.495,10.053029894673292,0,0.4,0.0,0,1,0
818.15,22,5,1,50.75,874,1265,2,1022.59,0,0,0,0.658,0.7992946394552506,0,0.2,0.0,0,0,1
3961.94,13,1,0,5.31,479,2445,2,2668.73,0,0,0,0.221,1.4840227288901875,0,0.2,0.0,0,0,1
2844.22,1,2,0,1.7,1363,1796,2,1957.53,0,1,0,0.187,1.4522218194257936,1,0.2,0.0,0,1,0
4008.85,8,2,0,78.02,1386,434,2,1753.28,0,0,0,0.372,2.2851825250245112,0,0.2,0.0,0,1,0
1644.56,3,6,1,8.78,18,1804,4,2226.72,1,0,0,0.139,0.7382256297918949,1,0.4,0.2,0,1,0
1196.69,1,2,0,5.08,1254,2138,3,1997.16,0,0,1,0.417,0.5988959843055611,1,0.3,0.0,0,0,1
3937.34,5,5,1,109.96,1145,1062,4,564.08,0,0,0,0.331,6.967756777801373,1,0.4,0.0,0,0,1
3543.75,2,4,0,44.53,530,737,4,985.53,0,0,0,0.323,3.5921360729019898,1,0.4,0.0,0,1,0
686.91,8,6,1,1.32,1098,1082,2,2179.33,0,0,0,0.46,0.3150486394261419,0,0.2,0.0,1,0,0
513.18,18,5,1,83.11,644,2113,4,2098.4,1,0,0,0.351,0.2444412689339811,0,0.4,0.2,1,0,0
2285.04,8,5,1,52.45,590,323,3,1922.67,0,0,0,0.543,1.1878544656827834,0,0.3,0.0,1,0,0
463.84,23,5,1,21.66,1218,1716,1,2843.03,0,0,0,0.333,0.1630925130888211,1,0.1,0.0,0,0,1
1778.65,12,3,0,1.13,801,1487,2,2228.53,1,1,0,0.287,0.7977690365233928,0,0.2,0.2,0,0,1
5037.41,3,0,0,18.14,513,1180,3,1240.76,1,0,0,0.572,4.0566695657776055,1,0.3,0.2,0,1,0
1427.61,11,4,0,48.9,728,527,2,578.5,0,0,0,0.292,2.4635202761000863,0,0.2,0.0,0,0,1
997.94,10,4,0,51.31,960,250,4,986.57,0,0,0,0.368,1.0105005214820215,0,0.4,0.0,1,0,0
1789.93,1,0,0,26.5,520,367,2,516.86,1,1,0,0.266,3.456397481944927,1,0.2,0.2,0,0,1
1414.08,9,4,0,13.44,995,980,1,1491.87,0,0,0,0.025,0.9472224641127492,0,0.1,0.0,0,1,0
1016.95,23,5,1,69.29,997,1401,3,1885.6,0,1,0,0.471,0.5390384819251565,1,0.3,0.0,0,1,0
3559.94,8,6,1,59.11,143,2202,8,1526.52,0,0,0,0.051,2.330535770399078,0,0.8,0.0,1,0,0
1187.59,22,4,0,0.65,755,1359,4,553.76,0,0,0,0.326,2.1407275218112334,0,0.4,0.0,0,0,1
3628.53,23,2,0,17.4,71,2443,2,1906.6,0,1,1,0.23,1.9021440553575175,1,0.2,0.0,0,1,0
1584.77,23,4,0,18.41,919,1123,2,5031.51,1,0,1,0.29,0.3149064780795269,1,0.2,0.2,0,1,0
4011.29,16,5,1,22.58,623,687,3,821.22,0,0,0,0.361,4.878609131376031,0,0.3,0.0,0,0,1
5707.8,21,5,1,23.8,617,1811,3,716.06,0,1,0,0.294,7.960003347000252,0,0.3,0.0,1,0,0
4947.44,11,1,0,12.44,1181,1957,4,12165.48,0,0,0,0.332,0.40664514304877003,0,0.4,0.0,0,0,1
3596.03,16,0,0,2.04,311,2328,2,872.01,0,0,0,0.189,4.1191166195118045,0,0.2,0.0,0,1,0
12619.93,21,2,0,11.44,746,1865,10,594.82,0,0,0,0.401,21.18077607331073,0,1.0,0.0,0,0,1
1149.73,13,1,0,19.0,207,1461,6,1000.92,1,0,0,0.045,1.1475267486426062,0,0.6,0.2,0,0,1
2595.24,2,6,1,15.54,1295,1928,4,1359.89,0,0,0,0.273,1.9070167316976387,1,0.4,0.0,0,0,1
1569.97,21,3,0,22.49,1205,1967,1,767.52,0,0,0,0.172,2.0428485920990997,0,0.1,0.0,1,0,0
1589.33,4,0,0,34.9,1430,1045,4,588.99,0,0,0,0.29,2.6938253190732047,1,0.4,0.0,1,0,0
253.75,17,3,0,7.1,863,962,1,1110.4,0,0,0,0.313,0.22831563793413712,0,0.1,0.0,0,0,1
721.13,2,6,1,33.52,961,1563,2,2337.34,1,0,0,0.048,0.3083939888981072,1,0.2,0.2,1,0,0
11066.71,22,2,0,19.26,633,476,3,1391.59,0,0,0,0.206,7.9468544223353605,0,0.3,0.0,0,1,0
1407.79,6,5,1,29.24,1074,1091,2,1160.95,0,0,1,0.39,1.211575368991781,0,0.2,0.0,1,0,0
1316.0,0,0,0,17.4,158,310,2,685.03,0,0,0,0.307,1.918283456991677,1,0.2,0.0,1,0,0
3096.75,5,2,0,27.77,704,1241,1,949.38,1,0,0,0.231,3.2584334687177763,1,0.1,0.2,0,0,1
466.54,23,1,0,21.65,197,1165,3,2005.76,0,0,0,0.264,0.23248420339253326,1,0.3,0.0,0,0,1
1964.81,20,4,0,1.54,832,1077,2,632.78,1,0,0,0.252,3.1001451607813437,0,0.2,0.2,0,1,0
396.62,18,2,0,5.37,136,969,3,706.92,2,1,0,0.288,0.5602610464459261,0,0.3,0.4,0,1,0
18182.44,20,0,0,5.3,536,510,3,3488.0,0,0,0,0.479,5.211361421610777,0,0.3,0.0,0,1,0
1073.27,18,2,0,96.82,890,821,5,2324.88,2,0,0,0.411,0.46144685022443116,0,0.5,0.4,1,0,0
2089.86,8,5,1,3.62,569,63,3,1393.38,1,0,0,0.36,1.4987736485032774,0,0.3,0.2,0,1,0
1059.83,19,5,1,0.68,101,884,3,1029.92,1,0,0,0.173,1.0280429131261397,0,0.3,0.2,0,0,1
2927.85,2,6,1,15.41,760,2251,1,1552.68,1,1,1,0.398,1.8844614077544923,1,0.1,0.2,0,1,0
499.65,13,0,0,25.79,1011,1670,4,2153.51,0,0,0,0.068,0.23190887951320716,0,0.4,0.0,1,0,0
7137.07,6,4,0,26.16,1067,2171,4,3457.57,2,0,0,0.067,2.0635898651754916,0,0.4,0.4,0,0,1
1378.9,18,1,0,3.19,590,1371,4,2186.87,0,0,0,0.318,0.6302476838203368,0,0.4,0.0,0,1,0
3563.55,1,5,1,17.28,476,605,3,1327.97,0,0,0,0.103,2.6814375042326013,1,0.3,0.0,0,1,0
2819.5,9,2,0,57.19,859,819,3,2497.16,0,1,1,0.147,1.1286306721747206,0,0.3,0.0,1,0,0
2545.64,19,4,0,34.91,465,1149,5,1286.04,0,0,0,0.277,1.9779027846842367,0,0.5,0.0,0,0,1
15341.69,15,5,1,54.09,1027,370,2,2479.7,0,1,0,0.279,6.184419720240255,0,0.2,0.0,1,0,0
3260.3,6,2,0,4.82,574,2039,4,3349.45,1,0,0,0.393,0.9730931665895627,0,0.4,0.2,0,0,1
1384.68,10,2,0,58.73,568,562,5,1861.66,2,0,0,0.165,0.7433884874319522,0,0.5,0.4,1,0,0
1950.95,8,4,0,12.14,1266,2307,0,3222.56,1,0,0,0.448,0.6052159724031816,0,0.0,0.2,0,0,1
434.92,2,2,0,4.53,954,1443,3,1930.03,0,0,1,0.251,0.22522695141970867,1,0.3,0.0,1,0,0
1291.89,21,1,0,21.53,430,2014,3,3913.59,0,0,0,0.328,0.330019235730945,0,0.3,0.0,0,0,1
1230.36,5,5,1,4.45,877,842,3,1312.59,0,0,0,0.243,0.9366392862308635,1,0.3,0.0,0,1,0
813.1,10,2,0,27.51,910,115,1,882.5,2,0,0,0.141,0.9203169213355971,0,0.1,0.4,0,0,1
3580.85,13,1,0,7.46,504,648,1,2129.08,0,1,0,0.181,1.6810870953203636,0,0.1,0.0,0,0,1
375.9,15,4,0,3.1,1476,1179,3,635.15,0,0,0,0.254,0.5908983730252299,0,0.3,0.0,1,0,0
5262.52,18,0,0,5.0,35,1432,2,4672.02,1,0,0,0.366,1.1261496847862837,0,0.2,0.2,0,1,0
1266.82,7,1,0,39.71,474,1658,3,698.99,0,0,0,0.07,1.8097687109815854,0,0.3,0.0,0,0,1
1272.31,7,0,0,2.53,879,1765,3,3042.54,0,1,0,0.53,0.4180362341221078,0,0.3,0.0,1,0,0
843.46,8,0,0,14.39,838,1574,5,1927.92,1,0,0,0.123,0.43727059701802046,0,0.5,0.2,0,0,1
1720.2,10,2,0,9.64,145,319,6,710.76,0,0,0,0.077,2.416825896369563,0,0.6,0.0,1,0,0
436.06,15,6,1,49.64,1395,1764,0,1408.1,0,0,0,0.267,0.30945993896813573,0,0.0,0.0,0,1,0
1285.98,5,1,0,13.9,260,247,4,3885.36,0,0,0,0.034,0.33089574820654805,1,0.4,0.0,0,1,0
12303.45,14,4,0,49.68,110,675,2,613.11,0,0,1,0.468,20.034602921300745,0,0.2,0.0,0,1,0
5866.02,19,6,1,62.75,1317,758,3,1509.38,0,1,1,0.237,3.8838040757954952,0,0.3,0.0,1,0,0
1171.68,15,1,0,9.43,840,1755,5,1880.93,0,0,0,0.169,0.6225948892891872,0,0.5,0.0,1,0,0
2806.05,0,6,1,44.82,1103,498,0,2236.66,0,0,0,0.187,1.2540108863723713,1,0.0,0.0,1,0,0
5200.18,13,0,0,25.05,671,1150,4,1222.68,0,1,0,0.038,4.249624084728033,0,0.4,0.0,0,0,1
4778.13,6,4,0,51.27,789,2037,4,1058.83,0,0,0,0.361,4.508392855457951,0,0.4,0.0,0,1,0
594.0,22,3,0,52.51,638,671,5,1081.51,2,0,0,0.273,0.5487247230972462,0,0.5,0.4,0,0,1
2240.78,6,1,0,37.24,249,485,2,955.77,0,0,0,0.153,2.34202577421951,0,0.2,0.0,0,1,0
2769.21,23,6,1,26.0,414,2074,4,2700.32,4,0,0,0.27,1.0251321576118342,1,0.4,0.8,0,0,1
1656.5,10,3,0,16.1,398,1882,4,2002.25,0,1,0,0.409,0.8269062772993885,0,0.4,0.0,0,1,0
4354.41,6,3,0,42.18,1084,1132,2,1900.49,0,1,0,0.289,2.289998895602922,0,0.2,0.0,0,0,1
601.01,19,2,0,17.33,1194,1774,7,728.3,0,0,0,0.255,0.8240915946798301,0,0.7,0.0,0,1,0
6818.74,8,2,0,26.74,390,967,1,1214.03,0,0,0,0.377,5.611993119511452,0,0.1,0.0,1,0,0
1775.25,7,1,0,35.95,1072,289,4,1036.11,0,0,0,0.248,1.711727782009623,0,0.4,0.0,0,1,0
2181.6,8,1,0,19.73,1267,1497,5,2409.33,0,0,0,0.264,0.9051042803267603,0,0.5,0.0,0,0,1
2299.16,13,5,1,41.28,736,904,3,232.16,0,0,0,0.229,9.860868073425973,0,0.3,0.0,1,0,0
5310.55,23,3,0,16.92,1045,1141,2,1304.32,0,0,0,0.607,4.068389360463335,1,0.2,0.0,0,0,1
2875.2,12,0,0,23.62,751,1941,1,2322.46,0,0,0,0.101,1.237464815404612,0,0.1,0.0,1,0,0
359.46,12,5,1,43.91,1021,1349,3,605.64,0,0,0,0.268,0.5925425293419491,0,0.3,0.0,0,1,0
76.03,12,0,0,82.21,1009,1924,4,737.78,1,0,0,0.007,0.10291291047402475,0,0.4,0.2,1,0,0
2095.11,16,3,0,1.82,398,2235,4,759.61,0,0,0,0.107,2.7545128252323794,0,0.4,0.0,1,0,0
15670.35,13,3,0,46.57,1145,1496,4,1893.57,0,0,0,0.452,8.27119082430314,0,0.4,0.0,0,1,0
1050.0,7,4,0,55.23,1178,1558,4,2008.16,2,0,0,0.176,0.5226064624021979,0,0.4,0.4,1,0,0
1096.55,20,0,0,2.9,1350,711,2,2306.7,1,0,0,0.164,0.4751700827663908,0,0.2,0.2,0,0,1
1877.51,19,3,0,57.42,847,1485,5,5757.05,0,0,0,0.358,0.3260669844825939,0,0.5,0.0,0,0,1
6848.68,21,5,1,26.57,1017,1847,1,3632.49,2,0,0,0.17,1.8848765236728326,0,0.1,0.4,1,0,0
777.41,15,3,0,6.31,1374,152,1,949.36,0,0,1,0.34,0.818016330653647,0,0.1,0.0,0,0,1
1308.23,16,4,0,74.9,130,1857,5,2728.13,0,0,0,0.525,0.47935789060982803,0,0.5,0.0,1,0,0
1689.92,23,2,0,1.56,161,1121,2,2187.73,0,0,0,0.525,0.7721007159402942,1,0.2,0.0,1,0,0
1342.21,5,5,1,6.67,153,2166,1,1355.16,1,0,0,0.398,0.9897136031146767,1,0.1,0.2,0,0,1
1973.48,16,5,1,86.4,324,1182,2,1455.87,0,0,0,0.203,1.3546026755990583,0,0.2,0.0,0,1,0
368.31,14,1,0,50.05,649,2282,2,3127.98,0,0,0,0.201,0.11770928545404573,0,0.2,0.0,0,0,1
314.11,21,0,0,32.79,1175,2022,2,1006.67,1,0,0,0.123,0.31171911439260874,0,0.2,0.2,0,1,0
971.56,15,0,0,1.2,1326,1387,4,729.84,0,0,0,0.262,1.3293744184773684,0,0.4,0.0,0,1,0
3867.08,12,1,0,30.85,1347,1102,1,1860.47,0,0,0,0.2,2.0774334262706353,0,0.1,0.0,0,1,0
1592.99,5,3,0,30.53,1033,514,0,323.58,0,0,0,0.326,4.907850144802515,1,0.0,0.0,0,1,0
691.99,1,1,0,2.57,876,289,1,1312.4,2,0,0,0.352,0.5268691944571341,1,0.1,0.4,1,0,0
3939.95,20,1,0,12.25,1322,905,3,1214.38,0,0,0,0.222,3.24174332307591,0,0.3,0.0,1,0,0
7505.08,18,6,1,61.09,27,1786,4,1004.5,0,1,0,0.572,7.464027846842367,0,0.4,0.0,0,0,1
1462.75,18,5,1,36.55,35,1982,3,1277.0,0,0,0,0.24,1.1445618153364632,0,0.3,0.0,0,1,0
1800.74,16,5,1,21.72,233,1365,4,972.94,1,0,0,0.501,1.848922931597429,0,0.4,0.2,1,0,0
1210.35,13,3,0,1.63,382,597,6,318.17,0,0,0,0.162,3.7921797161387345,0,0.6,0.0,0,1,0
9085.27,17,6,1,70.78,1431,834,3,1297.17,1,0,0,0.654,6.99852099493903,0,0.3,0.2,1,0,0
3475.34,19,0,0,39.6,943,1440,6,3658.91,0,0,0,0.115,0.9495697981644358,0,0.6,0.0,0,1,0
8484.66,3,3,0,12.3,510,1043,4,1816.66,0,0,0,0.28,4.667902688071476,1,0.4,0.0,0,1,0
13148.42,18,4,0,49.28,1175,1909,3,4096.0,0,0,0,0.472,3.2092799609470344,0,0.3,0.0,1,0,0
2630.54,13,5,1,54.13,445,963,3,631.27,0,0,0,0.088,4.160469419709934,0,0.3,0.0,1,0,0
712.26,21,6,1,49.58,1078,881,2,1006.02,1,0,0,0.477,0.7072947905701972,0,0.2,0.2,1,0,0
1615.99,7,4,0,12.93,1390,1535,1,1184.79,0,0,0,0.013,1.3627961106098045,0,0.1,0.0,0,0,1
464.5,7,2,0,35.93,940,819,2,2018.4,0,1,0,0.077,0.2300188174705358,0,0.2,0.0,0,0,1
2270.18,18,5,1,11.08,379,1671,5,1418.58,0,0,0,0.243,1.599191310105806,0,0.5,0.0,0,0,1
825.97,21,6,1,51.5,446,207,2,1241.3,0,0,0,0.198,0.6648716091121307,0,0.2,0.0,1,0,0
783.59,16,1,0,14.18,127,415,2,1105.34,2,0,0,0.051,0.7082723213478678,0,0.2,0.4,0,0,1
1549.7,18,3,0,48.13,551,382,1,2547.45,0,0,0,0.286,0.6080951166395261,0,0.1,0.0,0,1,0
4868.19,22,2,0,76.39,906,188,5,2597.23,1,0,0,0.275,1.8736562967866583,0,0.5,0.2,0,1,0
984.49,7,3,0,29.32,1255,1380,5,766.58,0,1,0,0.2,1.2825894369316553,0,0.5,0.0,0,0,1
1054.85,14,5,1,14.37,1391,1105,3,463.26,0,0,0,0.272,2.272110455348296,0,0.3,0.0,1,0,0
1465.86,2,1,0,8.65,879,2384,3,1610.32,1,0,0,0.345,0.9097261872253805,1,0.3,0.2,0,0,1
3177.04,15,5,1,48.07,22,1197,2,884.7,0,0,0,0.176,3.5870385006209777,0,0.2,0.0,0,1,0
1734.2,8,0,0,41.54,1116,502,1,440.37,1,0,0,0.513,3.9291297550807713,0,0.1,0.2,0,0,1
5639.23,1,0,0,36.14,925,239,3,611.48,0,0,0,0.569,9.207206765935213,1,0.3,0.0,0,0,1
640.0,18,5,1,9.81,946,1680,2,3731.08,0,0,0,0.122,0.17148614177616772,0,0.2,0.0,1,0,0
410.42,20,1,0,12.38,1186,371,2,380.69,0,0,0,0.146,1.075270507479892,0,0.2,0.0,0,0,1
1280.37,6,5,1,44.89,535,642,8,1238.39,0,0,0,0.244,1.0330646527727347,0,0.8,0.0,0,1,0
1543.35,6,0,0,31.72,1000,911,4,1250.52,0,0,0,0.239,1.2331804525696752,0,0.4,0.0,0,0,1
2012.14,4,3,0,17.89,995,1058,2,1321.4,1,0,0,0.272,1.521581972171809,1,0.2,0.2,1,0,0
748.42,12,2,0,11.05,419,2065,1,4335.78,0,0,0,0.514,0.17257504415718575,0,0.1,0.0,0,1,0
720.48,10,2,0,7.46,550,1368,3,1114.32,0,0,0,0.483,0.6459850087867159,0,0.3,0.0,1,0,0
853.88,22,2,0,17.25,319,595,3,465.39,0,0,0,0.303,1.8308282767640816,0,0.3,0.0,0,1,0
3439.09,16,2,0,46.11,189,1150,3,4073.16,1,1,0,0.518,0.8441224694170087,0,0.3,0.2,1,0,0
241.85,15,3,0,2.52,515,2303,2,1019.47,1,0,0,0.596,0.2369986378825443,0,0.2,0.2,1,0,0
1085.53,13,3,0,64.32,238,1645,4,1431.89,0,0,0,0.325,0.7575808331414134,0,0.4,0.0,0,0,1
3477.81,17,5,1,73.38,1058,323,3,714.51,1,0,0,0.325,4.8606029265838355,0,0.3,0.2,0,0,1
1297.38,1,0,0,8.33,1425,1209,1,1666.0,0,0,0,0.543,0.7782723455308939,1,0.1,0.0,0,1,0
1952.17,1,2,0,16.56,276,2328,3,3689.74,0,0,0,0.247,0.5289372862894705,1,0.3,0.0,0,0,1
4167.65,22,4,0,8.13,1101,327,2,803.92,1,0,0,0.364,5.177719524921732,0,0.2,0.2,0,0,1
6827.6,4,0,0,14.9,124,976,0,2405.56,0,0,1,0.47,2.8370786516853936,1,0.0,0.0,0,0,1
7131.48,8,3,0,27.25,342,1680,0,759.13,0,0,0,0.449,9.381921513425334,0,0.0,0.0,1,0,0
1835.71,21,0,0,18.77,542,1725,3,1052.05,0,0,0,0.416,1.7432315654527326,0,0.3,0.0,0,0,1
2983.17,8,0,0,48.95,906,456,1,863.54,1,1,0,0.243,3.450586439031161,0,0.1,0.2,0,1,0
3947.48,23,6,1,92.54,1081,979,1,1417.79,0,0,0,0.348,2.78228631439466,1,0.1,0.0,0,0,1
2882.61,11,1,0,10.32,7,2037,7,576.16,1,0,0,0.424,4.9944729364474325,0,0.7,0.2,0,1,0
2385.14,20,1,0,30.94,462,2373,2,1246.66,2,0,0,0.237,1.911690684962249,0,0.2,0.4,0,0,1
8521.63,3,2,0,36.48,243,755,4,2614.56,0,0,0,0.096,3.2580518129960696,1,0.4,0.0,0,1,0
1154.75,9,1,0,52.32,773,107,3,1820.35,0,0,0,0.55,0.6340077415104182,0,0.3,0.0,0,1,0
427.28,5,3,0,21.49,973,1755,1,720.97,1,0,0,0.417,0.5918251450891311,1,0.1,0.2,0,1,0
778.98,3,3,0,13.94,1230,2322,2,3062.08,0,0,1,0.192,0.2543126526241561,1,0.2,0.0,1,0,0
349.65,22,6,1,24.01,1201,558,2,3032.68,1,0,0,0.026,0.1152560586482424,0,0.2,0.2,0,0,1
2910.15,10,4,0,15.64,1379,262,6,2251.22,0,0,1,0.666,1.2921251032314784,0,0.6,0.0,1,0,0
701.74,9,5,1,85.44,1398,712,1,1473.82,0,0,0,0.326,0.47581399764039006,0,0.1,0.0,1,0,0
423.45,1,6,1,77.93,246,161,3,2790.02,0,0,0,0.354,0.15171872648709073,1,0.3,0.0,1,0,0
2293.85,20,0,0,17.8,1229,87,1,2727.84,1,1,0,0.458,0.8405952712507878,0,0.1,0.2,0,1,0
2527.15,4,3,0,21.94,1009,2410,5,453.79,0,0,0,0.182,5.556740473625189,1,0.5,0.0,1,0,0
1255.95,20,5,1,30.11,1109,1836,2,3219.47,1,0,0,0.291,0.3899896598943633,0,0.2,0.2,0,1,0
705.8,0,0,0,7.0,536,1998,4,1602.43,0,1,0,0.465,0.44018136120691265,1,0.4,0.0,0,1,0
1158.6,7,1,0,38.72,439,969,3,1113.8,1,0,0,0.202,1.0392895586652313,0,0.3,0.2,0,0,1
1723.21,6,0,0,35.51,1471,2334,3,1935.66,0,0,0,0.121,0.8897844743011163,0,0.3,0.0,0,1,0
941.44,12,4,0,45.46,103,2330,5,4626.25,0,0,0,0.084,0.20345561618671998,0,0.5,0.0,0,0,1
1578.37,6,2,0,52.42,1386,32,4,618.4,1,0,0,0.29,2.548224087826929,0,0.4,0.2,1,0,0
513.4,22,0,0,9.91,1242,1504,1,1790.76,1,0,0,0.364,0.2865339107916239,0,0.1,0.2,0,0,1
542.94,18,6,1,41.08,199,286,4,1053.95,0,0,1,0.011,0.5146594625337694,0,0.4,0.0,0,1,0
5240.74,17,4,0,21.4,1332,1502,3,2435.29,0,0,1,0.079,2.151115015043365,0,0.3,0.0,0,1,0
2612.14,0,4,0,20.52,1054,1984,1,1786.34,0,0,0,0.034,1.4614678796423737,1,0.1,0.0,0,0,1
1729.97,9,5,1,29.51,1358,1209,3,693.74,0,0,0,0.183,2.490097014710539,0,0.3,0.0,0,0,1
1643.25,9,5,1,7.38,724,2293,3,2865.59,0,0,1,0.126,0.573242075078752,0,0.3,0.0,0,1,0
2214.42,4,3,0,41.9,885,552,4,6808.75,1,1,0,0.299,0.3251837438966188,1,0.4,0.2,1,0,0
819.23,22,0,0,24.81,776,110,3,1427.34,2,0,0,0.417,0.573553915734349,0,0.3,0.4,0,1,0
1623.64,4,2,0,25.27,1234,755,3,992.86,0,0,0,0.354,1.6336707383333668,1,0.3,0.0,0,1,0
385.22,8,5,1,39.44,1208,2249,5,1438.15,0,0,0,0.248,0.26767188965708927,0,0.5,0.0,1,0,0
2322.59,9,6,1,47.41,61,1887,8,906.85,1,0,0,0.154,2.5583411356501626,0,0.8,0.2,0,0,1
1740.0,17,0,0,46.62,520,2460,3,1438.11,0,0,1,0.049,1.209080612322894,0,0.3,0.0,0,1,0
2086.46,22,2,0,44.39,257,1775,3,2578.61,0,0,0,0.158,0.8088276910075554,0,0.3,0.0,0,1,0
2053.15,1,1,0,1.01,1004,73,1,810.57,0,0,0,0.158,2.529849550870535,1,0.1,0.0,1,0,0
1680.5,18,3,0,22.05,1136,2458,0,1649.64,0,0,0,0.057,1.018089952987932,0,0.0,0.0,1,0,0
2563.7,8,5,1,1.11,1308,1095,4,5010.73,0,0,0,0.278,0.5115399273304827,0,0.4,0.0,0,1,0
941.64,8,0,0,3.16,1215,1468,3,583.43,1,0,0,0.283,1.611210923463888,0,0.3,0.2,1,0,0
8409.54,0,3,0,22.3,992,327,3,6218.11,1,0,0,0.306,1.3522095605319735,1,0.3,0.2,0,1,0
12284.26,21,2,0,6.47,189,1695,2,1370.35,0,1,0,0.248,8.957786123163308,0,0.2,0.0,1,0,0
3432.99,6,4,0,4.36,365,59,2,4098.29,0,0,1,0.304,0.8374596576480317,0,0.2,0.0,0,0,1
5336.48,10,5,1,24.61,884,2308,5,1163.7,0,0,0,0.017,4.581849403279814,0,0.5,0.0,0,1,0
1301.45,10,2,0,20.98,1259,983,3,1931.96,1,0,0,0.087,0.6732938084595647,0,0.3,0.2,0,0,1
10765.75,9,0,0,24.3,3,798,1,1110.22,0,0,0,0.145,9.688225553895718,0,0.1,0.0,0,0,1
3129.75,0,2,0,38.68,159,1386,2,833.48,0,0,0,0.153,3.750539257981018,1,0.2,0.0,1,0,0
4308.97,10,3,0,48.3,1055,2473,4,2244.81,0,0,0,0.206,1.9186707691211635,0,0.4,0.0,0,0,1
1456.67,5,2,0,30.38,897,1812,2,482.48,0,0,0,0.257,3.0128857450153057,1,0.2,0.0,1,0,0
9402.69,23,1,0,10.73,49,1869,4,2400.54,0,1,0,0.108,3.915275198414351,1,0.4,0.0,0,1,0
9857.86,0,6,1,17.96,615,1932,6,2442.91,0,0,0,0.467,4.033642810087115,1,0.6,0.0,0,0,1
1861.45,19,6,1,52.55,1229,1981,2,1379.1,0,0,0,0.498,1.3487790739801464,0,0.2,0.0,0,1,0
2416.39,2,0,0,92.15,39,2095,4,2089.52,0,0,0,0.493,1.1558798767770697,1,0.4,0.0,0,0,1
8050.57,9,4,0,16.38,254,1320,2,1859.62,1,0,0,0.701,4.326821167137836,0,0.2,0.2,0,0,1
3097.03,12,1,0,21.93,1234,2431,8,1235.97,0,0,0,0.171,2.5037228065353245,0,0.8,0.0,1,0,0
565.02,22,5,1,12.25,441,1080,3,439.55,0,0,0,0.229,1.2825331971399387,0,0.3,0.0,0,1,0
1278.62,16,5,1,35.82,785,1209,2,1475.94,0,0,0,0.406,0.8657223719311549,0,0.2,0.0,0,0,1
1063.49,10,6,1,31.55,285,479,2,2211.95,1,0,0,0.29,0.48057570211708356,0,0.2,0.2,0,0,1
1871.45,21,2,0,28.48,102,2273,2,1391.52,0,0,0,0.157,1.3439304282882831,0,0.2,0.0,0,0,1
7198.17,19,1,0,60.89,239,928,6,3144.27,0,1,0,0.133,2.288569820714915,0,0.6,0.0,0,1,0
1443.47,16,1,0,10.51,608,1532,2,2295.67,0,0,0,0.257,0.6285056190049071,0,0.2,0.0,0,0,1
1168.87,2,4,0,5.72,839,2183,6,3877.96,0,0,0,0.169,0.30133592509332396,1,0.6,0.0,0,0,1
1190.51,5,3,0,26.12,1471,1042,2,890.44,1,0,0,0.361,1.3354908911424213,1,0.2,0.2,0,0,1
3522.87,2,5,1,81.98,818,2287,6,2637.06,0,1,0,0.137,1.335401772514651,1,0.6,0.0,0,1,0
10346.41,16,5,1,81.39,32,954,5,727.13,0,0,0,0.364,14.209564226168403,0,0.5,0.0,0,1,0
1371.0,13,5,1,62.15,127,427,1,1272.74,0,0,0,0.14,1.076357812426398,0,0.1,0.0,0,1,0
2766.28,17,2,0,55.64,941,1180,4,717.22,0,0,0,0.297,3.851577511069032,0,0.4,0.0,0,1,0
1714.73,17,0,0,30.83,1346,1186,3,1862.31,0,0,0,0.132,0.9202601821489715,0,0.3,0.0,1,0,0
2209.6,13,5,1,69.6,915,2113,1,3140.57,1,1,0,0.101,0.7033425962178146,0,0.1,0.2,0,1,0
4461.31,23,2,0,76.63,493,2335,2,2524.81,0,0,0,0.324,1.7662888340769893,1,0.2,0.0,0,1,0
3708.17,2,4,0,55.16,1080,2241,6,990.07,1,0,0,0.638,3.741582330208764,1,0.6,0.2,0,1,0
1159.82,11,6,1,77.52,265,2390,3,717.28,0,0,0,0.191,1.6147184941805424,0,0.3,0.0,0,1,0
2631.91,2,1,0,0.99,1318,1761,4,859.91,1,0,0,0.415,3.0571255996561777,1,0.4,0.2,1,0,0
1106.28,10,4,0,17.84,350,1991,4,1965.24,0,0,0,0.316,0.562637317926601,0,0.4,0.0,0,1,0
962.68,5,6,1,65.49,205,1812,4,1227.65,0,0,0,0.528,0.7835266349245106,1,0.4,0.0,0,1,0
2798.98,7,3,0,4.13,930,1789,0,1812.52,1,1,0,0.497,1.543396268031232,0,0.0,0.2,0,0,1
1315.69,12,2,0,29.13,793,513,0,985.68,0,0,0,0.146,1.3334515749787166,0,0.0,0.0,1,0,0
302.33,17,0,0,67.13,896,375,3,1415.31,0,0,1,0.45,0.2134631542529531,0,0.3,0.0,0,0,1
1234.02,22,1,0,45.4,686,1843,6,599.84,0,0,0,0.208,2.053824645496305,0,0.6,0.0,0,0,1
883.39,10,0,0,77.25,1052,2190,2,1190.04,0,0,0,0.362,0.7416963326168726,0,0.2,0.0,1,0,0
6391.66,14,5,1,4.37,192,2274,0,2871.74,0,1,0,0.194,2.224935079401547,0,0.0,0.0,0,0,1
655.87,14,3,0,59.3,1462,524,3,1322.63,0,0,1,0.028,0.4955085635713908,0,0.3,0.0,0,1,0
3134.77,6,6,1,102.89,456,908,2,1499.44,0,0,0,0.361,2.0892338247447415,0,0.2,0.0,1,0,0
3573.81,21,1,0,20.8,1271,465,1,1668.92,0,1,0,0.217,2.140108508192009,0,0.1,0.0,0,1,0
6469.6,17,5,1,34.48,432,1677,3,2864.12,0,0,0,0.657,2.2580555090188197,0,0.3,0.0,0,1,0
128.75,10,3,0,57.21,123,2131,5,3245.98,0,0,0,0.441,0.03965223068820874,0,0.5,0.0,1,0,0
2514.34,23,3,0,6.12,729,2382,2,1435.36,0,0,0,0.649,1.7504943050488737,1,0.2,0.0,0,1,0
578.36,11,2,0,22.75,656,1559,3,756.16,1,0,0,0.368,0.7638544032965292,0,0.3,0.2,1,0,0
3863.17,15,1,0,67.84,964,736,3,1420.01,0,1,0,0.225,2.7186085952948957,0,0.3,0.0,1,0,0
942.07,20,0,0,39.8,20,2157,2,3329.32,0,0,0,0.293,0.28287672055538204,0,0.2,0.0,1,0,0
5040.23,14,3,0,32.98,297,780,4,804.51,1,0,0,0.163,6.257191096324068,0,0.4,0.2,0,1,0
1858.06,22,5,1,33.95,810,42,4,3670.65,0,0,0,0.502,0.5060558604442145,0,0.4,0.0,0,1,0
466.88,23,1,0,16.65,1478,1651,3,1163.36,0,0,0,0.412,0.4009756432718404,1,0.3,0.0,0,1,0
4178.62,2,3,0,9.08,1351,913,3,3718.55,0,0,0,0.265,1.1234208439192912,1,0.3,0.0,0,0,1
745.09,5,4,0,19.93,348,1014,2,2700.11,1,0,0,0.422,0.27584585596291894,1,0.2,0.2,0,1,0
1364.2,21,4,0,33.23,897,2095,3,3312.83,0,0,0,0.552,0.41166867340811086,0,0.3,0.0,1,0,0
2751.61,9,5,1,58.36,885,1749,10,3773.87,0,1,0,0.331,0.7289284134288069,0,1.0,0.0,1,0,0
438.23,1,3,0,41.0,622,2024,6,1454.38,1,0,1,0.13,0.30111036292926935,1,0.6,0.2,1,0,0
4101.51,11,6,1,45.93,764,75,2,2076.62,0,0,0,0.504,1.9741386779103014,0,0.2,0.0,0,0,1
5648.65,8,0,0,41.89,170,930,2,1296.72,0,0,0,0.531,4.352749437474956,0,0.2,0.0,0,1,0
1089.31,14,3,0,36.89,847,846,2,2184.4,0,0,0,0.072,0.4984487965589823,0,0.2,0.0,0,0,1
559.32,13,4,0,67.72,1467,2023,5,1391.86,0,0,0,0.203,0.4015622532056345,0,0.5,0.0,0,0,1
2583.45,9,4,0,39.54,319,1150,4,1664.07,0,1,0,0.202,1.5515563910225996,0,0.4,0.0,0,0,1
627.39,13,1,0,33.78,876,316,6,1116.59,1,0,0,0.114,0.5613776071725768,0,0.6,0.2,1,0,0
1408.98,13,2,0,16.23,848,87,1,1092.3,0,0,0,0.265,1.2887405103814142,0,0.1,0.0,1,0,0
5512.29,22,5,1,71.17,947,1262,2,4102.17,1,0,0,0.137,1.3434222808219012,0,0.2,0.2,1,0,0
888.44,22,3,0,11.61,393,1835,1,1590.68,0,0,0,0.373,0.5581775231202252,0,0.1,0.0,0,1,0
1750.04,17,2,0,9.42,1021,1745,4,1026.21,0,0,0,0.052,1.7036827912500851,0,0.4,0.0,1,0,0
3516.88,9,0,0,34.5,467,418,4,1150.67,2,0,1,0.364,3.0537219863328904,0,0.4,0.4,1,0,0
6152.6,10,4,0,43.69,113,827,7,637.34,2,1,0,0.27,9.638437196478366,0,0.7,0.4,1,0,0
2258.72,23,6,1,8.81,756,390,3,1384.21,2,0,0,0.231,1.630597526728799,1,0.3,0.4,0,0,1
3326.58,16,3,0,47.65,350,2207,4,1764.82,0,1,0,0.058,1.8838726484013093,0,0.4,0.0,0,1,0
919.27,10,3,0,9.92,974,1591,1,1429.0,1,0,0,0.104,0.6428461538461538,0,0.1,0.2,0,0,1
9775.38,12,1,0,20.3,532,2308,2,2837.92,1,0,0,0.11,3.443344652191678,0,0.2,0.2,0,1,0
354.45,23,1,0,11.19,227,1833,1,1540.23,1,0,1,0.292,0.22997865341318297,1,0.1,0.2,0,0,1
5147.84,21,6,1,48.26,872,312,3,418.04,0,0,0,0.169,12.284841542573501,0,0.3,0.0,0,0,1
7327.84,10,3,0,4.01,390,152,6,817.31,0,0,1,0.019,8.95484596302135,0,0.6,0.0,0,0,1
1436.44,22,5,1,17.19,159,1977,5,1277.18,1,1,0,0.287,1.123816676837378,0,0.5,0.2,0,1,0
1083.57,8,0,0,7.05,813,2436,3,485.7,0,0,0,0.198,2.226361208136429,0,0.3,0.0,1,0,0
1683.46,20,3,0,5.23,1242,166,0,2199.92,1,0,0,0.271,0.7648892281409593,0,0.0,0.2,0,0,1
5859.23,2,3,0,10.31,66,291,3,1102.49,1,0,0,0.231,5.30972641346999,1,0.3,0.2,0,0,1
847.71,1,5,1,19.04,1061,2256,4,4360.23,0,0,0,0.462,0.1943740641974856,1,0.4,0.0,0,1,0
1266.21,20,3,0,28.09,1452,1429,6,1255.7,0,0,0,0.139,1.007567438529482,0,0.6,0.0,0,1,0
1873.78,6,3,0,21.81,1000,1510,2,2700.76,1,0,0,0.199,0.6935405069288167,0,0.2,0.2,0,0,1
3079.44,20,2,0,36.95,326,294,2,6284.7,0,1,0,0.06,0.48991202252732396,0,0.2,0.0,0,0,1
2996.35,8,2,0,56.23,498,41,0,1777.45,0,0,0,0.286,1.6848098062919958,0,0.0,0.0,0,0,1
12892.87,18,2,0,5.39,896,1332,6,590.69,0,0,0,0.441,21.789906876911896,0,0.6,0.0,0,0,1
1049.86,10,3,0,4.15,76,2298,1,1561.41,0,0,0,0.358,0.6719491042684057,0,0.1,0.0,0,0,1
231.91,16,1,0,4.06,769,2277,2,1270.31,0,0,0,0.18,0.18241813562388404,0,0.2,0.0,1,0,0
3715.88,20,1,0,51.0,829,1266,1,754.69,1,0,1,0.363,4.917201497968744,0,0.1,0.2,0,0,1
1373.41,5,6,1,16.35,1329,320,3,1252.57,0,0,0,0.298,1.0955989693435548,1,0.3,0.0,1,0,0
3419.26,19,6,1,45.05,1429,1794,1,2092.5,0,1,1,0.172,1.6332744208263674,0,0.1,0.0,0,0,1
6067.89,19,5,1,22.8,879,991,5,1549.08,1,0,0,0.424,3.9145656998348475,0,0.5,0.2,0,0,1
1746.5,3,3,0,26.73,1257,1804,5,1866.74,0,0,0,0.05,0.9350873247882467,1,0.5,0.0,1,0,0
6505.15,11,6,1,37.34,1102,1695,3,1143.35,0,0,0,0.359,5.684580766373924,0,0.3,0.0,1,0,0
972.2,6,3,0,64.37,91,2056,3,4319.35,0,0,0,0.146,0.22502806485585658,0,0.3,0.0,0,0,1
172.67,14,2,0,27.93,752,811,2,1592.83,0,0,0,0.059,0.1083365227157225,0,0.2,0.0,1,0,0
3411.84,5,3,0,7.95,33,802,4,687.67,0,0,0,0.644,4.954245139181321,1,0.4,0.0,0,1,0
3877.89,15,2,0,49.43,628,2457,3,738.0,0,0,0,0.318,5.247483085250338,0,0.3,0.0,0,0,1
146.72,15,1,0,10.3,377,576,7,1596.99,1,1,0,0.553,0.09181534302467474,0,0.7,0.2,0,1,0
1694.29,11,4,0,75.23,1374,346,3,4295.79,0,0,0,0.272,0.39431529118248737,0,0.3,0.0,0,1,0
15382.11,20,5,1,40.69,249,2333,4,803.72,0,0,0,0.467,19.114859827020577,0,0.4,0.0,0,0,1
1673.46,16,4,0,9.7,555,671,6,801.38,0,1,0,0.096,2.085620279667988,0,0.6,0.0,1,0,0
3773.75,8,5,1,69.94,582,898,4,3249.61,0,0,0,0.277,1.1609359474067944,0,0.4,0.0,0,0,1
5083.84,9,2,0,32.63,1443,209,3,1370.66,0,0,0,0.145,3.706341221585524,0,0.3,0.0,1,0,0
1073.89,20,1,0,20.99,222,1626,6,2700.59,0,0,0,0.706,0.39750295196532415,0,0.6,0.0,0,0,1
773.09,12,5,1,28.5,34,988,7,1551.46,0,0,1,0.434,0.49797740360460174,0,0.7,0.0,0,1,0
1044.98,18,0,0,8.44,1285,2218,1,1833.21,0,0,0,0.58,0.5697166627594441,0,0.1,0.0,0,0,1
5074.0,18,3,0,8.28,831,313,2,3433.22,0,0,0,0.351,1.4774825142244818,0,0.2,0.0,0,0,1
2823.41,1,3,0,72.82,730,729,3,1169.84,0,0,0,0.526,2.411439650165693,1,0.3,0.0,0,1,0
815.77,4,5,1,21.11,1015,1925,2,3287.28,0,0,0,0.132,0.24808410475993525,1,0.2,0.0,0,0,1
3849.32,21,3,0,24.92,9,1298,3,2787.94,0,0,0,0.217,1.3802089682818561,0,0.3,0.0,0,1,0
1712.09,0,6,1,22.86,703,163,2,3378.83,0,0,1,0.329,0.5065609808777365,1,0.2,0.0,0,0,1
1958.57,2,2,0,18.52,876,353,2,1465.0,0,1,0,0.241,1.3359959072305594,1,0.2,0.0,0,1,0
963.95,0,1,0,6.35,92,1345,6,864.59,0,0,0,0.716,1.1136334754329418,1,0.6,0.0,0,0,1
600.97,17,3,0,62.29,42,206,7,1462.65,1,0,0,0.166,0.4105967956820278,0,0.7,0.2,1,0,0
439.37,16,4,0,53.77,478,1450,3,638.72,0,0,0,0.35,0.6868161070468329,0,0.3,0.0,0,0,1
938.77,10,1,0,2.4,139,796,7,466.22,0,0,0,0.289,2.0092675827233424,0,0.7,0.0,1,0,0
2331.57,19,3,0,25.23,746,708,6,2693.32,0,0,0,0.438,0.8653649158229164,0,0.6,0.0,0,0,1
1906.74,22,1,0,0.97,823,964,3,802.46,1,0,0,0.041,2.373161078336196,0,0.3,0.2,0,1,0
923.4,19,5,1,47.53,1456,434,7,419.73,0,0,0,0.208,2.19475673234616,0,0.7,0.0,1,0,0
2616.35,19,4,0,57.78,1282,1864,1,3953.58,0,0,0,0.427,0.6615999676324666,0,0.1,0.0,1,0,0
1092.8,12,6,1,57.56,234,1272,2,1263.2,0,0,0,0.345,0.8644201866793229,0,0.2,0.0,1,0,0
864.84,1,1,0,59.85,213,2029,3,1225.38,0,0,0,0.348,0.7051974102643552,1,0.3,0.0,0,0,1
3834.15,12,6,1,73.49,949,1313,2,2227.49,1,0,0,0.44,1.7205147880403324,0,0.2,0.2,0,1,0
8921.62,11,6,1,41.48,886,1734,2,2372.4,0,1,0,0.114,3.7590039605629055,0,0.2,0.0,0,1,0
680.92,7,4,0,50.02,1404,2037,3,641.65,0,0,0,0.253,1.0595502995409631,0,0.3,0.0,0,1,0
678.17,21,6,1,50.46,543,229,2,665.28,1,0,0,0.195,1.017845350303176,0,0.2,0.2,1,0,0
5582.99,17,6,1,77.51,446,1763,3,320.71,0,0,0,0.327,17.354107736781575,0,0.3,0.0,0,0,1
441.77,6,2,0,7.58,1382,961,2,2734.79,0,0,0,0.807,0.16147803742246297,0,0.2,0.0,0,1,0
1883.05,6,4,0,30.83,622,1444,2,1606.68,0,1,1,0.064,1.1712840863853502,0,0.2,0.0,0,1,0
13224.37,14,1,0,8.64,336,106,1,1477.54,0,0,0,0.037,8.944208475928958,0,0.1,0.0,0,1,0
489.55,0,0,0,20.51,424,1072,3,685.87,0,0,0,0.107,0.7127258433182407,1,0.3,0.0,0,0,1
5237.24,4,4,0,10.07,62,1860,0,541.72,0,0,0,0.245,9.649985259433961,1,0.0,0.0,1,0,0
942.29,23,1,0,46.6,727,2028,3,4790.64,1,0,0,0.145,0.19665292050320973,1,0.3,0.2,1,0,0
4947.72,14,4,0,2.42,815,1637,3,1648.22,0,0,0,0.288,3.0000363808345765,0,0.3,0.0,1,0,0
711.73,0,1,0,53.55,188,1330,3,3796.47,0,0,0,0.161,0.18742215211706742,1,0.3,0.0,1,0,0
10892.92,4,4,0,6.57,653,2257,4,1437.08,0,0,0,0.393,7.57462728081887,1,0.4,0.0,0,1,0
1352.21,8,0,0,45.3,1342,2466,4,2526.18,1,0,0,0.525,0.5350667542478178,0,0.4,0.2,0,0,1
4043.4,7,3,0,12.23,180,841,2,1539.3,1,0,0,0.164,2.625073037719925,0,0.2,0.2,1,0,0
440.55,17,3,0,46.54,1239,314,2,497.07,0,0,0,0.204,0.8845142249081455,0,0.2,0.0,1,0,0
13427.41,17,4,0,5.22,339,1720,6,852.8,0,0,0,0.255,15.726645584446008,0,0.6,0.0,1,0,0
479.21,14,2,0,14.39,664,1135,2,2026.63,0,1,0,0.379,0.23633996340555227,0,0.2,0.0,1,0,0
6777.68,19,1,0,31.57,1281,901,5,1647.86,0,0,0,0.182,4.110524847470374,0,0.5,0.0,1,0,0
3859.43,22,6,1,36.58,1244,923,2,4836.41,0,0,0,0.1,0.7978298304257857,0,0.2,0.0,0,0,1
581.6,19,6,1,20.57,871,646,5,705.3,0,0,0,0.266,0.823446127707773,0,0.5,0.0,1,0,0
808.71,13,2,0,57.84,726,2316,1,4354.47,1,0,0,0.336,0.18567686150977966,0,0.1,0.2,0,0,1
2881.06,4,2,0,59.48,137,1658,7,650.26,3,0,0,0.447,4.423824586186776,1,0.7,0.6,0,1,0
1537.82,11,4,0,4.89,861,1659,4,1119.96,0,0,0,0.18,1.3718776762774763,0,0.4,0.0,1,0,0
671.12,13,4,0,75.34,751,2445,7,427.76,0,0,0,0.427,1.565257953167273,0,0.7,0.0,1,0,0
2683.56,10,3,0,23.58,589,780,3,5314.24,1,0,0,0.233,0.5048803064395964,0,0.3,0.2,1,0,0
5914.9,3,4,0,49.4,451,117,1,1770.23,1,0,0,0.06,3.3394307910322203,1,0.1,0.2,1,0,0
575.69,12,5,1,68.91,938,1325,3,1212.39,0,0,0,0.236,0.474447621951722,0,0.3,0.0,1,0,0
679.04,13,6,1,78.83,153,1340,8,1960.55,0,0,0,0.123,0.3461752185771456,0,0.8,0.0,1,0,0
1058.89,13,2,0,15.47,1302,1003,1,697.06,0,0,0,0.445,1.5169039910609405,0,0.1,0.0,1,0,0
1018.39,17,1,0,25.47,642,1937,5,895.09,0,0,0,0.303,1.1364818266022385,0,0.5,0.0,0,0,1
2931.08,20,6,1,26.62,812,983,2,1339.78,0,0,0,0.247,2.186100627992661,0,0.2,0.0,0,1,0
467.94,0,1,0,51.03,146,1934,0,914.91,1,0,0,0.017,0.5109017261521329,1,0.0,0.2,1,0,0
2293.81,5,3,0,15.17,631,2493,6,2621.39,0,0,0,0.466,0.8747020847394934,1,0.6,0.0,0,0,1
4615.93,19,1,0,13.43,1351,2378,2,5334.8,0,0,0,0.407,0.86508677236778,0,0.2,0.0,0,1,0
349.85,19,6,1,22.28,1258,1130,3,500.46,0,0,0,0.31,0.6976628245523073,0,0.3,0.0,0,1,0
3698.26,15,2,0,4.11,1074,1641,1,1188.65,0,0,0,0.192,3.108695834909427,0,0.1,0.0,1,0,0
3912.25,11,3,0,21.58,323,1097,4,1341.97,0,0,0,0.303,2.9131328324534427,0,0.4,0.0,0,1,0
2544.14,1,0,0,4.31,790,251,3,958.31,0,0,0,0.442,2.6520519957052464,1,0.3,0.0,0,1,0
1330.52,8,5,1,37.34,870,1867,2,1613.84,1,0,0,0.451,0.8239330212281093,0,0.2,0.2,1,0,0
1514.49,1,0,0,20.9,1478,717,3,447.08,0,0,0,0.007,3.37995447241564,1,0.3,0.0,0,1,0
6120.27,4,0,0,5.95,462,2026,3,2538.39,0,0,1,0.231,2.4101339298020394,1,0.3,0.0,0,1,0
1518.71,13,6,1,16.25,212,2182,2,2737.84,0,0,0,0.103,0.5545084780417987,0,0.2,0.0,0,1,0
1310.96,17,0,0,9.52,375,493,4,997.68,1,0,0,0.156,1.3126927544358555,0,0.4,0.2,0,1,0
647.96,1,6,1,58.94,1081,1995,1,1006.86,0,0,1,0.16,0.6429067529220328,1,0.1,0.0,0,0,1
2085.03,5,5,1,39.95,1360,123,2,578.67,0,0,0,0.219,3.5969258371142208,1,0.2,0.0,0,1,0
12145.11,12,1,0,15.6,395,861,3,1907.14,2,0,0,0.431,6.364894609410211,0,0.3,0.4,0,1,0
3168.9,0,2,0,14.32,319,2413,2,807.87,1,1,0,0.509,3.9176876383102353,1,0.2,0.2,0,0,1
911.8,7,0,0,8.81,182,711,4,1231.46,0,0,0,0.091,0.7398211706667964,0,0.4,0.0,0,1,0
2633.93,15,3,0,30.14,440,2404,3,2236.26,1,0,0,0.379,1.1773016994001588,0,0.3,0.2,0,1,0
1953.47,13,6,1,32.49,1114,2174,4,869.59,0,0,0,0.129,2.243846127338931,0,0.4,0.0,1,0,0
1156.12,4,1,0,5.84,987,1268,6,763.7,0,0,0,0.142,1.5118608604681572,1,0.6,0.0,0,1,0
7795.21,23,5,1,35.89,1243,1589,3,1338.46,0,0,0,0.173,5.8196661341137474,1,0.3,0.0,1,0,0
610.97,21,5,1,22.76,21,1532,3,2264.01,0,1,0,0.371,0.2697427384426559,0,0.3,0.0,0,0,1
752.81,20,4,0,57.43,24,523,3,424.17,1,1,0,0.233,1.7706094032975044,0,0.3,0.2,1,0,0
151.31,17,3,0,102.05,352,933,3,1836.52,1,0,0,0.378,0.0823446819626453,0,0.3,0.2,0,0,1
8500.51,0,1,0,31.99,1471,450,4,1200.73,0,0,0,0.09,7.073560616777479,1,0.4,0.0,1,0,0
3170.68,21,1,0,39.24,1054,1843,2,1027.28,0,0,0,0.225,3.0834792079978217,0,0.2,0.0,0,0,1
623.44,13,1,0,99.91,312,1707,1,1501.4,2,0,1,0.375,0.41496272630457937,0,0.1,0.4,0,1,0
3638.58,0,1,0,46.94,30,132,3,1868.21,0,0,1,0.145,1.9465870608438858,1,0.3,0.0,0,1,0
1462.52,0,3,0,23.58,385,2454,3,1862.53,0,0,0,0.416,0.7848116209559277,1,0.3,0.0,1,0,0
4533.44,0,6,1,60.51,806,2264,8,448.46,1,0,0,0.118,10.086414808881768,1,0.8,0.2,1,0,0
2963.64,23,2,0,24.69,894,2271,0,2180.73,0,0,0,0.436,1.358389901591856,1,0.0,0.0,0,1,0
1696.59,19,2,0,36.84,325,1795,7,848.14,3,1,0,0.359,1.998009751042231,0,0.7,0.6,1,0,0
1019.75,8,2,0,30.45,901,502,1,1434.75,0,0,0,0.135,0.7102559637819955,0,0.1,0.0,0,1,0
2613.71,14,5,1,32.3,217,1059,2,6225.51,1,0,1,0.177,0.4197712683349099,0,0.2,0.2,1,0,0
988.82,13,6,1,61.84,368,1767,5,2613.9,1,0,0,0.323,0.37814830395043786,0,0.5,0.2,0,0,1
337.06,17,6,1,25.91,774,1088,2,6299.0,2,1,0,0.217,0.0535015873015873,0,0.2,0.4,1,0,0
5539.16,19,0,0,26.32,1496,55,2,1783.62,1,0,0,0.149,3.1038316280216516,0,0.2,0.2,0,0,1
6871.23,5,0,0,29.23,262,993,3,1182.72,0,0,0,0.533,5.804776467407833,1,0.3,0.0,0,1,0
989.83,6,1,0,17.69,233,604,0,2206.78,0,1,0,0.224,0.4483372437471125,0,0.0,0.0,0,0,1
3250.0,11,0,0,21.73,851,894,5,1303.37,0,0,0,0.053,2.491624309053413,0,0.5,0.0,0,0,1
3152.76,17,6,1,1.86,257,602,2,2984.03,1,0,0,0.289,1.0561903900463312,0,0.2,0.2,1,0,0
2860.22,6,6,1,91.0,306,275,1,1521.25,2,0,0,0.419,1.8789423550665132,0,0.1,0.4,1,0,0
2730.77,5,5,1,19.36,1482,527,2,2431.28,1,0,0,0.319,1.1227202460243064,1,0.2,0.2,0,0,1
234.34,15,5,1,22.32,190,1053,4,1649.11,0,0,0,0.303,0.14201477477259092,0,0.4,0.0,0,1,0
868.01,0,0,0,14.1,230,1117,4,3717.97,2,0,0,0.538,0.2334006458777565,1,0.4,0.4,0,0,1
2581.68,5,3,0,16.0,383,2091,6,3004.57,0,1,0,0.549,0.8589651879676733,1,0.6,0.0,0,1,0
1827.13,14,3,0,26.16,1481,1195,1,385.16,1,0,0,0.407,4.731536150818314,0,0.1,0.2,1,0,0
1691.1,7,2,0,46.54,710,809,4,3820.56,1,0,0,0.54,0.4425156218926302,0,0.4,0.2,0,1,0
388.06,7,0,0,97.77,1292,1832,0,1372.12,1,0,0,0.24,0.28261186203682126,0,0.0,0.2,1,0,0
1019.48,18,4,0,43.5,1476,145,5,2811.58,0,0,0,0.241,0.3624714674782584,0,0.5,0.0,0,0,1
223.67,21,0,0,13.49,488,2122,1,15098.3,0,0,0,0.236,0.014813269489314074,0,0.1,0.0,0,1,0
1074.32,19,3,0,69.88,92,1444,7,872.6,0,0,0,0.337,1.2297619047619046,0,0.7,0.0,0,1,0
321.4,14,2,0,18.28,714,549,5,568.33,2,0,0,0.369,0.5645232114942124,0,0.5,0.4,1,0,0
373.77,7,2,0,6.76,1368,1899,6,1864.46,0,0,0,0.144,0.2003634492296806,0,0.6,0.0,0,0,1
3276.25,0,2,0,14.69,1184,1061,2,1979.02,0,0,0,0.566,1.6546550034848133,1,0.2,0.0,0,0,1
1303.68,1,2,0,18.08,278,1980,0,301.28,1,0,0,0.477,4.312822548630409,1,0.0,0.2,0,0,1
648.93,1,1,0,86.18,1473,1835,2,2411.27,0,0,0,0.428,0.26901217525401383,1,0.2,0.0,0,1,0
2104.8,14,5,1,11.88,309,2485,4,3027.33,0,0,0,0.072,0.6950365382900807,0,0.4,0.0,0,0,1
4145.95,15,2,0,66.04,1253,1270,5,1257.4,0,0,0,0.207,3.2946201525746974,0,0.5,0.0,0,0,1
7002.03,16,0,0,7.37,891,1102,0,2082.22,0,0,1,0.236,3.3611572469542343,0,0.0,0.0,0,1,0
651.68,16,4,0,55.51,1437,350,5,1820.03,0,0,0,0.613,0.3578634069729768,0,0.5,0.0,0,1,0
1224.56,7,0,0,47.37,1478,674,5,3909.44,1,0,0,0.171,0.31315146121664056,0,0.5,0.2,1,0,0
3684.59,9,3,0,1.08,497,1587,2,787.08,0,0,0,0.202,4.675400974520353,0,0.2,0.0,0,1,0
982.93,21,0,0,3.17,1374,447,1,1311.11,0,0,0,0.239,0.7491216437646234,0,0.1,0.0,0,0,1
412.98,22,5,1,51.94,1150,2484,4,1018.3,1,0,0,0.575,0.4051604041989601,0,0.4,0.2,0,0,1
1407.62,8,5,1,2.03,468,2401,2,3029.45,0,0,1,0.308,0.46449207213450144,0,0.2,0.0,0,0,1
7252.87,21,0,0,42.53,1401,1156,3,2160.41,0,0,0,0.138,3.3556197112070363,0,0.3,0.0,1,0,0
2523.76,22,3,0,10.76,1327,527,5,741.06,0,0,0,0.509,3.4010187855429486,0,0.5,0.0,0,0,1
3038.22,13,2,0,10.22,325,855,1,1250.23,1,0,0,0.389,2.4281866643223067,0,0.1,0.2,0,0,1
1671.53,0,5,1,34.85,835,1283,4,578.78,0,0,0,0.26,2.8830418434578635,1,0.4,0.0,0,1,0
1645.07,5,4,0,28.44,161,2003,3,1484.08,0,0,0,0.814,1.10773157001643,1,0.3,0.0,1,0,0
1977.33,17,1,0,17.72,489,533,5,2172.61,1,0,0,0.31,0.9096986119865108,0,0.5,0.2,1,0,0
7860.15,10,2,0,25.11,742,35,5,482.58,1,0,0,0.481,16.254084122585713,0,0.5,0.2,0,1,0
4681.59,3,1,0,21.94,1129,2418,2,2446.02,1,0,0,0.268,1.9131801129537152,1,0.2,0.2,0,1,0
1592.13,3,3,0,76.24,1102,816,3,4013.27,0,0,0,0.357,0.39661756683033283,1,0.3,0.0,0,1,0
2346.56,13,6,1,29.26,1156,688,4,3022.92,0,0,0,0.132,0.7759993650625677,0,0.4,0.0,0,0,1
1172.0,5,1,0,10.01,1348,1403,2,1757.8,0,1,0,0.216,0.6663634296110985,1,0.2,0.0,0,1,0
1040.7,9,0,0,106.19,1012,2144,0,576.66,0,0,0,0.31,1.8015787833673789,0,0.0,0.0,1,0,0
3497.09,5,5,1,24.18,1233,1083,4,536.28,0,0,0,0.187,6.50887805241215,1,0.4,0.0,0,1,0
2745.39,17,1,0,12.48,1196,173,2,1298.09,0,0,1,0.262,2.113317783987253,0,0.2,0.0,0,1,0
1481.46,3,6,1,49.44,246,1340,2,2582.59,0,0,0,0.37,0.5734114158980333,1,0.2,0.0,1,0,0
1060.07,22,4,0,5.07,1269,1522,1,3127.09,1,0,0,0.359,0.3388873082296225,0,0.1,0.2,0,1,0
3782.0,6,4,0,12.84,678,1524,4,6144.32,0,0,0,0.469,0.6154276750437732,0,0.4,0.0,0,1,0
963.83,18,4,0,39.97,338,629,3,2840.06,2,0,0,0.234,0.3392501390326146,0,0.3,0.4,1,0,0
2578.53,19,0,0,58.87,117,1658,2,1074.3,1,0,0,0.012,2.3979633590625875,0,0.2,0.2,1,0,0
818.18,4,1,0,48.24,161,1392,1,1513.46,0,1,0,0.139,0.5402453679859487,1,0.1,0.0,0,1,0
847.77,5,6,1,20.89,313,1506,2,764.25,1,0,0,0.069,1.1078340411630185,1,0.2,0.2,1,0,0
13457.61,18,1,0,39.54,1439,118,0,1144.72,0,0,0,0.133,11.745985057431135,0,0.0,0.0,1,0,0
2490.54,8,2,0,59.74,184,1140,6,901.19,0,0,0,0.367,2.7605493299637547,0,0.6,0.0,1,0,0
1974.48,7,0,0,18.14,1239,1730,2,771.02,0,0,0,0.356,2.5575503225305045,0,0.2,0.0,0,1,0
154.92,9,2,0,32.91,381,182,2,3899.45,0,0,0,0.155,0.03971849401992078,0,0.2,0.0,1,0,0
869.52,17,1,0,15.74,272,32,2,1080.88,0,0,0,0.15,0.8037120567900321,0,0.2,0.0,1,0,0
1945.2,2,4,0,14.57,448,460,2,922.33,0,0,0,0.225,2.106722406940097,1,0.2,0.0,0,1,0
3300.35,13,3,0,26.88,1036,1375,2,316.14,0,1,0,0.53,10.406602762187047,0,0.2,0.0,0,0,1
1275.94,6,1,0,34.44,165,878,3,921.07,0,0,0,0.037,1.3837778042881776,0,0.3,0.0,1,0,0
4766.87,17,0,0,0.9,625,1517,2,819.48,0,1,1,0.243,5.809855206708268,0,0.2,0.0,0,1,0
1154.0,10,3,0,1.65,591,2156,2,1165.31,1,0,0,0.153,0.9894453447196715,0,0.2,0.2,0,0,1
388.46,11,3,0,9.49,254,63,1,2262.91,0,0,0,0.308,0.1715880931662478,0,0.1,0.0,0,0,1
1158.47,10,1,0,0.7,974,2301,2,1048.22,0,0,0,0.166,1.1041249690246087,0,0.2,0.0,0,0,1
2298.5,20,6,1,38.33,834,1123,0,299.48,3,0,1,0.055,7.649427582534611,0,0.0,0.6,0,1,0
1425.65,13,6,1,1.0,78,1262,1,801.06,0,0,1,0.425,1.7774854749021272,0,0.1,0.0,0,1,0
6131.0,11,5,1,21.5,1036,1051,1,399.81,0,0,0,0.134,15.296524537810933,0,0.1,0.0,0,1,0
538.97,6,5,1,50.07,1254,593,5,2633.22,2,0,0,0.281,0.20460326016809532,0,0.5,0.4,0,0,1
3152.14,15,6,1,17.25,171,716,4,612.25,0,0,0,0.295,5.140057072971871,0,0.4,0.0,1,0,0
493.54,20,0,0,1.68,1072,765,3,3918.85,0,0,0,0.742,0.12590787912802787,0,0.3,0.0,0,1,0
3400.76,20,3,0,52.85,1394,61,1,485.69,1,0,0,0.349,6.987527995233106,0,0.1,0.2,0,0,1
850.64,17,4,0,66.88,277,1222,2,5001.79,0,0,0,0.283,0.17003312151819286,0,0.2,0.0,0,0,1
961.16,12,3,0,41.47,338,1235,4,1207.11,0,0,0,0.229,0.7955898055640629,0,0.4,0.0,0,0,1
370.04,19,5,1,16.36,1377,714,3,2844.02,0,0,0,0.535,0.13006586948422155,0,0.3,0.0,1,0,0
889.9,10,3,0,30.4,14,280,1,1543.31,0,0,0,0.15,0.5762444068872182,0,0.1,0.0,0,1,0
21197.87,8,6,1,24.32,1211,2269,3,4864.6,0,0,0,0.159,4.356681601446892,0,0.3,0.0,1,0,0
2771.73,7,1,0,35.27,1000,241,2,2270.51,0,0,0,0.048,1.220214747018503,0,0.2,0.0,1,0,0
3250.55,20,0,0,25.57,1279,2429,5,939.54,1,0,0,0.13,3.4560465264635214,0,0.5,0.2,0,1,0
1859.0,12,2,0,44.1,345,1075,5,1235.37,0,0,0,0.344,1.5035952020835188,0,0.5,0.0,0,1,0
1307.58,1,1,0,32.87,212,1350,3,1685.06,0,0,0,0.464,0.77552400270453,1,0.3,0.0,0,0,1
4059.11,3,0,0,16.5,579,1238,3,1704.61,0,0,0,0.375,2.3798582325385054,1,0.3,0.0,0,1,0
3195.93,12,0,0,65.23,1378,1599,6,341.14,1,0,0,0.297,9.341000759922839,0,0.6,0.2,1,0,0
917.07,19,0,0,46.06,934,922,2,1222.82,1,0,0,0.401,0.7493503946658823,0,0.2,0.2,1,0,0
14014.84,12,2,0,24.49,825,1058,3,561.15,1,0,0,0.46,24.930783598683625,0,0.3,0.2,1,0,0
927.36,2,1,0,61.36,959,1496,2,2727.4,1,0,0,0.246,0.33989151150857644,1,0.2,0.2,0,1,0
609.83,2,6,1,18.97,738,962,4,867.16,0,0,0,0.222,0.702439642462219,1,0.4,0.0,0,0,1
417.8,17,0,0,45.07,777,2438,3,1004.44,0,0,0,0.059,0.41553946530872055,0,0.3,0.0,0,1,0
4576.37,6,1,0,8.41,323,2198,3,674.01,1,1,0,0.321,6.779706967304188,0,0.3,0.2,0,1,0
3363.37,22,0,0,60.96,1334,449,2,1136.44,0,0,0,0.046,2.9569647629765083,0,0.2,0.0,1,0,0
2065.35,9,4,0,70.07,974,237,4,4748.78,1,0,0,0.27,0.4348306658413653,0,0.4,0.2,0,1,0
14743.56,18,5,1,48.61,1387,453,7,2682.83,2,1,0,0.292,5.493477604766323,0,0.7,0.4,0,0,1
1782.43,7,0,0,25.01,503,396,1,1592.19,1,1,0,0.252,1.1187805597574678,0,0.1,0.2,0,0,1
1000.96,2,0,0,10.72,1191,1685,1,675.05,0,0,1,0.197,1.4806005472967978,1,0.1,0.0,0,0,1
320.64,17,6,1,39.53,955,1824,2,1751.96,0,1,1,0.103,0.18291347207009856,0,0.2,0.0,0,0,1
1156.5,12,4,0,24.65,423,2184,4,724.53,0,0,0,0.065,1.5940071396082864,0,0.4,0.0,0,0,1
675.03,16,0,0,19.18,261,544,4,2305.6,1,0,0,0.372,0.2926515217202809,0,0.4,0.2,0,0,1
1568.02,17,6,1,20.34,509,724,4,2491.32,0,0,0,0.089,0.6291407202927393,0,0.4,0.0,0,0,1
3971.4,1,1,0,3.82,1366,1232,5,663.74,0,0,0,0.285,5.974365917501579,1,0.5,0.0,1,0,0
3138.52,12,3,0,42.12,944,1486,1,628.46,0,1,0,0.35,4.98605153623741,0,0.1,0.0,0,1,0
1395.78,3,0,0,19.6,1139,2124,1,4056.16,3,0,0,0.292,0.3440288280472054,1,0.1,0.6,1,0,0
3948.39,12,5,1,33.16,1485,841,2,671.13,1,0,0,0.547,5.874443931977445,0,0.2,0.2,0,1,0
1579.4,21,5,1,93.73,1112,217,1,2277.82,0,0,0,0.084,0.6930779965069641,0,0.1,0.0,0,1,0
2623.49,15,4,0,11.07,1150,510,4,1338.62,1,0,0,0.539,1.9583837207566326,0,0.4,0.2,0,1,0
5276.12,17,1,0,59.19,1210,1049,5,1792.17,0,0,0,0.08,2.942342332294205,0,0.5,0.0,0,1,0
386.97,14,1,0,23.38,1316,957,0,597.92,0,0,0,0.343,0.6461130034061311,0,0.0,0.0,0,1,0
234.18,8,4,0,76.73,191,1370,1,1121.57,1,0,1,0.197,0.20861059889361022,0,0.1,0.2,1,0,0
3251.43,22,1,0,42.43,341,800,4,2570.39,1,0,0,0.16,1.2644639669595044,0,0.4,0.2,1,0,0
159.45,9,1,0,31.77,1119,1185,6,698.87,1,0,0,0.524,0.22782802520468085,0,0.6,0.2,1,0,0
2596.66,6,4,0,33.5,271,762,3,1626.75,0,1,0,0.11,1.5952449700506834,0,0.3,0.0,0,0,1
3027.58,11,1,0,11.89,26,253,1,1761.12,0,1,0,0.633,1.7181463237463965,0,0.1,0.0,0,1,0
782.28,6,0,0,69.48,994,2056,0,2097.33,0,0,0,0.393,0.37281075903218275,0,0.0,0.0,1,0,0
699.36,13,3,0,9.97,1472,2160,5,946.28,0,0,0,0.361,0.7382822396757031,0,0.5,0.0,0,0,1
10339.4,20,3,0,13.7,1409,1966,2,651.03,0,0,0,0.297,15.857245832246983,0,0.2,0.0,0,0,1
2492.06,9,0,0,6.49,190,1879,2,4075.35,0,0,0,0.008,0.6113459344756952,0,0.2,0.0,0,0,1
1223.25,5,5,1,12.63,11,2305,2,2251.62,1,1,1,0.297,0.5430343333540499,1,0.2,0.2,1,0,0
1854.44,3,3,0,32.7,821,1011,1,1345.08,0,0,0,0.154,1.3776595744680853,1,0.1,0.0,0,0,1
245.64,5,3,0,16.34,869,1352,4,1136.28,0,0,0,0.294,0.21598902644907148,1,0.4,0.0,0,1,0
1146.58,8,1,0,25.22,134,1824,3,1983.87,0,1,0,0.106,0.5776599978839924,0,0.3,0.0,0,0,1
284.22,21,5,1,21.46,1250,870,4,478.29,1,0,0,0.23,0.5930021490120804,0,0.4,0.2,1,0,0
619.74,23,5,1,82.2,963,1526,3,894.4,0,0,0,0.122,0.6921375921375922,1,0.3,0.0,0,0,1
365.98,17,3,0,3.24,373,1209,3,1602.55,0,0,0,0.363,0.22823111221976242,0,0.3,0.0,0,1,0
406.15,14,3,0,8.1,610,1884,2,3592.32,0,0,0,0.25,0.11302917636058017,0,0.2,0.0,0,0,1
2051.58,7,6,1,33.94,27,1916,5,2237.91,0,0,0,0.054,0.9163298212076413,0,0.5,0.0,0,1,0
1697.1,21,3,0,53.19,17,407,2,1216.59,0,0,1,0.242,1.3938189374091443,0,0.2,0.0,0,0,1
1550.09,13,6,1,55.7,1374,1644,4,862.67,1,0,0,0.105,1.7947711510183288,0,0.4,0.2,0,0,1
4064.11,4,1,0,26.62,1,501,3,1980.83,0,0,0,0.212,2.050685477563666,1,0.3,0.0,1,0,0
8258.74,21,6,1,77.44,1416,606,4,1294.99,0,0,0,0.281,6.372533738686255,0,0.4,0.0,1,0,0
8439.88,2,4,0,26.29,976,1431,6,1066.27,1,0,0,0.126,7.907914585812399,1,0.6,0.2,1,0,0
2315.68,1,5,1,60.21,761,1986,3,3748.64,0,1,0,0.241,0.6175739537662283,1,0.3,0.0,1,0,0
2336.02,18,0,0,28.07,254,1171,3,1067.58,1,0,1,0.627,2.186097437721088,0,0.3,0.2,1,0,0
2417.25,14,2,0,23.3,195,2061,3,1774.33,1,0,0,0.137,1.361577847498775,0,0.3,0.2,0,0,1
3446.18,21,3,0,5.48,31,1595,3,837.1,0,1,0,0.409,4.111895955136618,0,0.3,0.0,0,0,1
688.25,9,4,0,38.14,815,1249,3,1233.68,0,0,0,0.655,0.5574318851848252,0,0.3,0.0,0,0,1
1037.95,9,4,0,55.54,1334,1549,3,2728.91,0,0,0,0.334,0.38021399972892883,0,0.3,0.0,0,1,0
7743.21,10,5,1,41.27,219,2144,3,668.39,0,1,1,0.507,11.56756151122664,0,0.3,0.0,1,0,0
1385.24,11,2,0,60.99,1134,42,4,661.37,1,0,0,0.343,2.091338677778281,0,0.4,0.2,0,0,1
2824.69,9,4,0,24.42,911,1744,3,659.55,1,0,0,0.193,4.276269775187345,0,0.3,0.2,0,1,0
1449.12,5,2,0,62.41,386,1858,7,1158.96,0,1,0,0.292,1.2492844580847615,1,0.7,0.0,1,0,0
1135.32,19,3,0,1.79,990,1320,1,2773.76,0,0,0,0.532,0.40915971111015004,0,0.1,0.0,1,0,0
1374.84,22,1,0,53.15,179,1569,3,1291.34,0,0,0,0.259,1.0638376897720414,0,0.3,0.0,0,1,0
1208.43,4,2,0,10.39,1198,981,3,2181.59,0,0,0,0.597,0.5536678899839181,1,0.3,0.0,0,1,0
2436.09,0,0,0,79.06,1246,1497,3,2605.37,1,1,1,0.205,0.9346677563047457,1,0.3,0.2,0,0,1
2096.96,18,1,0,70.39,295,2064,0,622.61,0,0,1,0.011,3.3626144545469123,0,0.0,0.0,0,0,1
1255.04,2,1,0,31.4,1456,2387,4,1009.01,0,1,0,0.046,1.2426015584004118,1,0.4,0.0,0,1,0
1215.61,2,2,0,8.69,1203,755,1,1563.25,0,0,0,0.516,0.7771200255713601,1,0.1,0.0,0,0,1
852.23,4,5,1,27.91,659,476,1,2153.4,1,0,0,0.33,0.39557649461567024,1,0.1,0.2,0,0,1
1143.26,7,4,0,5.68,329,1951,5,4552.13,0,0,0,0.428,0.25109320401569907,0,0.5,0.0,1,0,0
681.49,3,5,1,34.03,882,749,2,948.45,1,0,0,0.244,0.7177734477855601,1,0.2,0.2,0,0,1
491.81,7,3,0,122.43,1413,294,2,1338.79,0,1,0,0.461,0.367079915509147,0,0.2,0.0,0,0,1
1688.49,5,4,0,21.33,1187,1299,6,884.79,1,0,0,0.116,1.90619672834419,1,0.6,0.2,0,0,1
2489.92,23,3,0,23.56,218,1431,2,1753.41,0,0,1,0.064,1.4192349564810962,1,0.2,0.0,1,0,0
1934.5,9,4,0,67.11,465,57,6,2610.86,1,0,0,0.148,0.7406599128590353,0,0.6,0.2,1,0,0
1156.46,14,4,0,15.75,1113,1297,0,1847.86,0,0,1,0.155,0.625498956113497,0,0.0,0.0,1,0,0
1613.73,16,4,0,44.98,355,613,3,1677.25,1,0,0,0.598,0.9615551914196335,0,0.3,0.2,1,0,0
1846.56,4,2,0,74.21,715,1310,4,1335.41,0,1,0,0.227,1.3817316542079152,1,0.4,0.0,1,0,0
1464.52,16,3,0,9.65,764,2361,5,334.04,0,0,0,0.257,4.371179560649474,0,0.5,0.0,0,1,0
3341.2,0,5,1,31.18,700,510,3,834.05,0,0,0,0.599,4.001197533081851,1,0.3,0.0,0,1,0
3373.43,9,0,0,40.55,854,468,2,718.01,0,1,0,0.166,4.691770629059401,0,0.2,0.0,0,1,0
5743.13,16,5,1,31.52,1194,1063,1,1503.5,0,0,0,0.357,3.8173014290461946,0,0.1,0.0,1,0,0
5408.94,3,5,1,28.37,500,1214,3,2701.73,0,0,0,0.37,2.001287586995371,1,0.3,0.0,1,0,0
1879.57,16,6,1,8.74,46,839,0,2065.63,0,0,1,0.302,0.9094854908716121,0,0.0,0.0,0,0,1
2296.64,10,6,1,35.73,172,1094,5,3331.24,0,0,0,0.397,0.6892180635248362,0,0.5,0.0,0,0,1
193.22,20,3,0,70.57,656,421,5,1096.08,0,0,1,0.653,0.17612206949356474,0,0.5,0.0,0,0,1
1613.61,8,0,0,5.68,528,502,0,1349.54,1,0,0,0.387,1.1947887511662,0,0.0,0.2,0,1,0
4320.28,13,4,0,23.71,540,1541,0,854.27,0,0,0,0.591,5.051363896781133,0,0.0,0.0,0,0,1
7703.69,11,1,0,28.14,1316,560,3,2920.47,1,0,0,0.142,2.6369225081893704,0,0.3,0.2,1,0,0
1399.16,21,3,0,16.42,1230,1707,3,2240.14,1,0,0,0.107,0.624307272191831,0,0.3,0.2,0,0,1
483.27,1,4,0,4.55,1263,635,6,1978.14,0,0,0,0.298,0.24418181634447284,1,0.6,0.0,0,0,1
2195.26,11,2,0,60.11,1369,588,3,1112.47,0,0,0,0.487,1.971548402740981,0,0.3,0.0,0,1,0
188.58,19,6,1,5.58,1148,714,1,1183.25,0,1,0,0.49,0.15924002533248893,0,0.1,0.0,0,1,0
4121.59,18,1,0,26.71,824,923,3,829.63,0,0,0,0.094,4.962004743387549,0,0.3,0.0,0,1,0
649.25,12,4,0,31.37,1283,2221,5,739.85,0,0,0,0.156,0.8763582371600188,0,0.5,0.0,1,0,0
552.83,7,1,0,21.34,402,2012,1,2030.39,0,1,0,0.542,0.2721437045569782,0,0.1,0.0,1,0,0
18213.72,23,1,0,73.88,625,2066,1,1358.03,0,0,0,0.5,13.401999955850865,1,0.1,0.0,0,0,1
1537.14,7,4,0,28.79,1393,143,1,730.35,0,0,0,0.521,2.101784371368018,0,0.1,0.0,0,0,1
1166.23,12,4,0,33.75,410,51,2,1212.64,0,1,0,0.41,0.9609356975709435,0,0.2,0.0,1,0,0
1927.02,5,6,1,94.39,967,1938,7,1993.53,0,0,0,0.366,0.9661524268875374,1,0.7,0.0,0,1,0
1488.92,18,5,1,24.71,875,2439,1,3012.61,0,0,0,0.125,0.4940652572827937,0,0.1,0.0,0,0,1
1550.68,15,2,0,56.72,589,802,3,751.74,0,0,0,0.167,2.0600472938863352,0,0.3,0.0,0,0,1
12207.65,12,6,1,36.65,1306,1785,2,1219.36,0,0,0,0.095,10.003318692844735,0,0.2,0.0,0,1,0
2790.82,19,5,1,11.86,1403,922,2,1112.38,2,0,0,0.102,2.506619483015682,0,0.2,0.4,0,1,0
2810.65,5,6,1,5.82,505,180,4,1790.76,0,0,0,0.217,1.568653167834978,1,0.4,0.0,1,0,0
1125.36,7,3,0,12.93,698,294,2,564.0,0,1,0,0.126,1.9917876106194687,0,0.2,0.0,1,0,0
5285.05,11,5,1,15.55,1138,434,4,886.87,0,0,0,0.043,5.9525043080631175,0,0.4,0.0,0,1,0
2153.63,22,2,0,61.88,364,669,0,557.4,0,0,0,0.55,3.856787249283668,0,0.0,0.0,1,0,0
249.65,22,1,0,54.43,961,1661,1,1316.02,0,0,0,0.055,0.18955672654933106,0,0.1,0.0,0,1,0
1814.7,12,0,0,45.18,1201,1940,2,2304.89,0,0,0,0.189,0.786984634999935,0,0.2,0.0,0,1,0
1187.81,22,5,1,3.68,644,2193,3,1216.03,1,1,0,0.368,0.9759907315349663,0,0.3,0.2,0,0,1
3006.42,23,0,0,43.06,837,1739,5,599.26,0,0,0,0.171,5.008529637157232,1,0.5,0.0,0,1,0
5355.3,14,0,0,32.71,593,1594,4,2161.91,0,0,0,0.127,2.4759698739198583,0,0.4,0.0,0,1,0
1414.6,11,0,0,1.93,679,1203,5,1866.29,0,0,0,0.201,0.7575684548195513,0,0.5,0.0,0,1,0
5148.19,12,3,0,29.25,704,187,3,1282.78,1,0,0,0.229,4.010180872112044,0,0.3,0.2,1,0,0
2563.59,8,3,0,26.13,957,709,5,2035.36,1,1,0,0.216,1.258908051621521,0,0.5,0.2,0,1,0
3020.64,15,2,0,2.75,658,2056,3,1292.52,0,0,0,0.431,2.335209351227658,0,0.3,0.0,0,1,0
2837.81,19,0,0,32.82,367,1765,3,1492.25,0,1,0,0.469,1.900425246944584,0,0.3,0.0,0,1,0
376.76,16,4,0,49.61,246,494,5,3765.81,0,1,0,0.155,0.10002097265325302,0,0.5,0.0,0,0,1
3691.24,21,0,0,38.18,141,284,3,942.53,2,0,0,0.223,3.912159655760813,0,0.3,0.4,0,1,0
1676.19,22,6,1,13.36,782,159,2,2932.78,0,0,0,0.28,0.5713414093762995,0,0.2,0.0,0,0,1
2100.74,6,2,0,5.31,1278,295,2,3329.91,0,0,0,0.085,0.6306805047269365,0,0.2,0.0,1,0,0
923.54,7,0,0,30.03,855,1662,0,1530.48,1,0,0,0.721,0.6030375845587275,0,0.0,0.2,0,1,0
1203.23,8,3,0,41.06,381,1190,4,1050.51,1,0,0,0.116,1.1442877385854628,0,0.4,0.2,0,0,1
11725.42,19,4,0,9.44,622,496,2,685.41,0,0,1,0.47,17.082239477863087,0,0.2,0.0,1,0,0
803.88,13,0,0,36.36,1216,1867,2,1831.02,0,0,0,0.444,0.4387943363063722,0,0.2,0.0,1,0,0
362.6,20,5,1,16.01,24,2178,2,1968.69,0,0,0,0.243,0.18408988216419844,0,0.2,0.0,0,1,0
1811.29,23,4,0,36.23,15,98,1,3318.03,1,0,0,0.159,0.5457287219458696,1,0.1,0.2,0,0,1
3261.69,12,1,0,72.23,1123,791,6,3888.24,0,0,0,0.102,0.8386445680904239,0,0.6,0.0,0,0,1
1302.24,18,3,0,12.64,1114,1054,3,3008.98,0,0,0,0.569,0.43264074844351125,0,0.3,0.0,1,0,0
400.3,21,1,0,10.68,180,290,4,1992.31,1,0,0,0.096,0.20082174874956732,0,0.4,0.2,0,0,1
3675.19,8,3,0,91.87,1454,266,2,2355.76,0,0,1,0.084,1.5594248035438483,0,0.2,0.0,1,0,0
805.42,9,5,1,0.92,1156,1883,3,2086.59,1,0,0,0.204,0.3858133062526645,0,0.3,0.2,1,0,0
848.17,7,3,0,20.94,1066,279,7,1292.42,1,0,0,0.227,0.6557576038719054,0,0.7,0.2,0,1,0
2279.37,2,4,0,9.03,1152,1216,1,1308.4,1,0,0,0.157,1.7407744004887733,1,0.1,0.2,1,0,0
6671.95,7,0,0,2.99,7,1250,1,664.57,0,0,0,0.607,10.02441516294304,0,0.1,0.0,1,0,0
1736.8,11,4,0,32.59,313,2158,4,2632.23,1,0,0,0.332,0.6595701856655134,0,0.4,0.2,1,0,0
602.81,19,3,0,0.74,90,2024,6,729.52,2,1,0,0.488,0.8251793243169249,0,0.6,0.4,0,0,1
4728.26,4,1,0,53.82,148,299,4,1455.03,0,1,0,0.403,3.2473644087003706,1,0.4,0.0,1,0,0
904.78,16,2,0,39.51,1302,1511,6,682.13,0,0,0,0.36,1.3244624010071289,0,0.6,0.0,0,0,1
647.52,17,6,1,19.0,1138,660,2,2244.6,1,0,0,0.509,0.2883505521909512,0,0.2,0.2,0,0,1
2155.09,19,3,0,46.89,818,404,5,1878.99,0,0,0,0.355,1.1463305655881149,0,0.5,0.0,1,0,0
486.96,1,4,0,57.78,993,2270,4,1373.0,0,0,0,0.297,0.35441048034934497,1,0.4,0.0,1,0,0
1281.39,8,2,0,48.51,224,1890,2,2105.87,0,1,0,0.482,0.6081960443691353,0,0.2,0.0,0,1,0
1859.98,6,2,0,37.1,1362,1252,4,601.85,0,1,0,0.161,3.0853114373393047,0,0.4,0.0,0,1,0
1149.97,6,1,0,41.95,1141,1556,5,936.84,0,0,0,0.212,1.226189968438113,0,0.5,0.0,0,0,1
6579.79,2,6,1,13.78,694,1313,3,1578.88,0,0,0,0.579,4.164740360027343,1,0.3,0.0,0,0,1
3131.1,7,1,0,50.77,1012,2053,1,1444.23,0,0,1,0.249,2.1665063692284274,0,0.1,0.0,0,1,0
7911.53,19,3,0,78.75,871,933,3,2533.2,0,0,0,0.354,3.121904348512351,0,0.3,0.0,0,0,1
4234.24,1,1,0,43.73,1498,259,4,4946.78,0,0,0,0.122,0.855785827179058,1,0.4,0.0,1,0,0
8105.5,16,0,0,0.8,964,2437,4,208.55,0,0,0,0.137,38.680505845860175,0,0.4,0.0,0,0,1
1749.14,0,5,1,3.29,322,1496,3,1349.87,2,1,0,0.1,1.294824816599673,1,0.3,0.4,1,0,0
2249.38,2,0,0,8.69,760,1191,5,2714.02,0,0,0,0.075,0.8284948177177333,1,0.5,0.0,0,1,0
11925.19,18,3,0,9.56,1419,1819,2,969.83,0,0,0,0.147,12.283499685835832,0,0.2,0.0,0,0,1
1704.1,22,3,0,45.87,1486,2227,3,722.67,0,0,0,0.275,2.3548026033965757,0,0.3,0.0,0,1,0
7940.6,15,3,0,5.75,983,2423,1,882.84,0,1,0,0.362,8.98420528602462,0,0.1,0.0,0,0,1
1425.67,23,0,0,49.67,792,999,2,3723.82,0,0,0,0.235,0.38274869658131133,1,0.2,0.0,1,0,0
721.76,15,1,0,57.11,637,41,6,1428.2,2,0,0,0.076,0.5050097956898965,0,0.6,0.4,0,1,0
3024.17,11,5,1,9.64,808,425,1,1862.09,0,0,0,0.341,1.6232012409491758,0,0.1,0.0,0,0,1
7188.14,1,3,0,30.35,1230,1581,2,1951.56,0,0,1,0.253,3.68139263326095,1,0.2,0.0,1,0,0
755.67,22,3,0,51.54,307,625,2,1344.14,0,0,0,0.311,0.5617779561978679,0,0.2,0.0,0,0,1
3724.32,1,1,0,35.95,993,765,0,1357.09,1,1,0,0.66,2.7423219374268277,1,0.0,0.2,0,1,0
1338.55,8,5,1,36.02,152,905,2,1200.19,0,0,0,0.183,1.1143532663442086,0,0.2,0.0,0,0,1
900.46,11,4,0,72.15,630,2227,1,2753.94,0,0,1,0.153,0.3268528534196752,0,0.1,0.0,0,0,1
3849.46,10,4,0,45.53,894,2197,3,1759.84,1,0,0,0.297,2.186149792144658,0,0.3,0.2,0,1,0
608.16,14,2,0,43.75,50,373,2,1634.53,0,0,0,0.167,0.3718427665649667,0,0.2,0.0,0,1,0
5666.55,7,0,0,17.28,787,2027,5,810.95,1,0,0,0.436,6.978939589876224,0,0.5,0.2,0,1,0
2186.01,7,2,0,28.75,716,1026,2,703.13,0,0,0,0.338,3.104554556686976,0,0.2,0.0,0,1,0
1877.82,1,5,1,15.36,236,521,3,3045.65,1,0,0,0.471,0.6163556693417359,1,0.3,0.2,1,0,0
3750.13,11,0,0,49.47,617,1214,2,1268.09,0,0,0,0.069,2.954975612446714,0,0.2,0.0,0,1,0
661.43,3,3,0,43.97,1410,1520,2,2901.93,0,1,0,0.292,0.2278491041809482,1,0.2,0.0,0,1,0
920.39,21,0,0,87.9,300,1306,5,1476.53,0,0,1,0.162,0.6229247460288454,0,0.5,0.0,0,0,1
1299.15,5,3,0,26.41,1195,2124,6,2021.17,0,0,0,0.297,0.6424534040164773,1,0.6,0.0,0,1,0
3353.33,19,1,0,22.65,207,1482,0,2373.94,0,0,0,0.2,1.4119640917244225,0,0.0,0.0,1,0,0
12563.37,10,3,0,22.25,923,193,3,1225.3,0,0,0,0.151,10.24494006360597,0,0.3,0.0,0,0,1
1549.3,6,3,0,61.46,919,1383,3,2292.18,0,0,0,0.205,0.6756120321998274,0,0.3,0.0,0,0,1
874.1,3,5,1,26.17,238,2495,1,1518.8,0,0,0,0.282,0.5751414659823662,1,0.1,0.0,0,1,0
879.08,14,1,0,12.26,212,34,1,2873.47,1,0,0,0.191,0.3058233343886004,0,0.1,0.2,0,1,0
1363.2,16,6,1,20.31,160,1945,4,2692.17,0,0,0,0.182,0.5061693097724986,0,0.4,0.0,1,0,0
2169.77,3,0,0,105.55,1331,2218,2,1949.99,2,0,0,0.391,1.112137940225219,1,0.2,0.4,0,1,0
6364.51,19,5,1,129.79,1127,1817,3,3851.72,0,0,0,0.695,1.6519523868851098,0,0.3,0.0,0,0,1
1104.58,13,5,1,9.76,802,400,4,715.93,0,0,0,0.607,1.5407082978812436,0,0.4,0.0,0,0,1
1649.78,22,1,0,0.47,1317,1147,1,1716.68,0,0,0,0.324,0.9604699361930045,0,0.1,0.0,1,0,0
3535.17,6,5,1,49.58,1497,924,4,1206.68,0,0,0,0.413,2.9272406597774245,0,0.4,0.0,0,1,0
1829.26,18,4,0,17.74,184,1322,2,948.78,0,0,0,0.566,1.9259828591884436,0,0.2,0.0,1,0,0
539.69,9,1,0,6.92,1116,402,1,2730.99,0,1,0,0.44,0.19754464694233878,0,0.1,0.0,0,0,1
1078.93,10,4,0,0.93,459,1077,2,1144.48,2,0,0,0.141,0.9419020847155778,0,0.2,0.4,1,0,0
11489.98,9,4,0,19.86,1382,1038,3,537.91,0,1,0,0.231,21.320777124195136,0,0.3,0.0,0,0,1
2382.66,0,0,0,60.14,181,851,3,596.42,0,0,0,0.197,3.988249472732751,1,0.3,0.0,0,0,1
8310.02,8,5,1,74.22,1337,1134,2,442.2,0,0,0,0.257,18.750045126353793,0,0.2,0.0,0,0,1
1748.71,7,6,1,5.77,599,286,4,1678.91,0,0,0,0.453,1.0409545749474673,0,0.4,0.0,0,0,1
536.85,2,5,1,13.39,1247,805,2,3549.22,0,0,0,0.373,0.15121598098146033,1,0.2,0.0,0,1,0
1179.44,0,3,0,1.7,1143,664,4,331.79,1,0,0,0.192,3.5440968779109947,1,0.4,0.2,0,1,0
9218.82,5,5,1,16.34,854,1044,3,3223.79,0,0,0,0.391,2.858734987394528,1,0.3,0.0,0,1,0
335.33,22,5,1,16.05,902,698,1,481.11,1,0,0,0.504,0.6955466594760531,0,0.1,0.2,0,0,1
1069.25,22,6,1,43.96,1456,1449,5,2410.83,1,0,0,0.328,0.4433355584763437,0,0.5,0.2,0,0,1
656.04,17,6,1,23.04,1433,2052,6,654.68,0,0,0,0.126,1.0005490483162518,0,0.6,0.0,0,0,1
2703.02,18,6,1,42.73,68,1838,3,1968.75,3,0,0,0.436,1.3722655159284174,0,0.3,0.6,1,0,0
512.74,23,6,1,58.64,657,2297,4,1866.07,0,0,1,0.159,0.27462280471540973,1,0.4,0.0,0,0,1
1962.85,1,6,1,2.22,821,1230,3,1085.71,0,0,0,0.054,1.806231653338977,1,0.3,0.0,0,0,1
6531.55,4,2,0,10.77,914,1488,2,683.67,0,0,0,0.136,9.539705259468066,1,0.2,0.0,1,0,0
1627.64,4,1,0,20.86,223,753,5,2552.01,0,1,0,0.456,0.637537651634737,1,0.5,0.0,1,0,0
1463.06,3,6,1,0.3,21,2118,9,2865.26,0,0,0,0.523,0.5104421790067892,1,0.9,0.0,0,0,1
922.13,7,2,0,67.85,721,2219,1,1347.96,0,0,0,0.465,0.6835858735618551,0,0.1,0.0,0,0,1
443.79,3,3,0,38.31,587,1787,4,769.48,0,0,0,0.315,0.5759915896583948,1,0.4,0.0,1,0,0
3081.62,3,3,0,5.85,1364,2389,4,1436.85,1,1,0,0.199,2.1432138261988385,1,0.4,0.2,1,0,0
1712.2,18,3,0,14.76,994,100,2,1376.59,1,1,1,0.448,1.2428952010394967,0,0.2,0.2,0,0,1
2676.9,22,1,0,15.79,807,891,2,3413.8,2,0,1,0.032,0.7839112100269415,0,0.2,0.4,0,0,1
8457.57,16,5,1,34.6,837,559,5,1402.6,1,1,0,0.19,6.025626959247649,0,0.5,0.2,1,0,0
1560.95,8,4,0,29.75,119,614,1,2514.06,1,0,0,0.082,0.6206412570674259,0,0.1,0.2,0,1,0
982.93,12,6,1,61.03,297,2028,5,2957.13,1,0,0,0.336,0.33228086662857953,0,0.5,0.2,0,0,1
616.23,9,1,0,7.81,1195,548,3,1047.09,0,0,1,0.228,0.5879552328521406,0,0.3,0.0,1,0,0
1336.79,19,0,0,29.78,444,295,2,2464.91,0,0,0,0.415,0.5421081872412213,0,0.2,0.0,0,0,1
1380.19,10,5,1,26.2,292,1210,5,1343.11,0,0,0,0.233,1.0268430411201466,0,0.5,0.0,1,0,0
13785.87,5,2,0,18.72,1467,2322,6,2137.77,0,0,0,0.062,6.445700098654835,1,0.6,0.0,0,0,1
5311.83,15,5,1,14.4,1470,1846,4,1742.65,0,0,0,0.144,3.046385455796748,0,0.4,0.0,0,1,0
170.33,7,5,1,12.24,95,400,7,1105.85,0,0,0,0.647,0.15388715724804627,0,0.7,0.0,0,1,0
2040.12,0,4,0,100.06,112,2357,2,3185.11,0,0,0,0.42,0.6403168754374456,1,0.2,0.0,0,0,1
1186.74,14,1,0,31.67,62,1893,2,1500.18,0,0,0,0.302,0.7905381100201175,0,0.2,0.0,0,1,0
2740.26,7,0,0,46.5,1024,598,3,3162.12,0,1,0,0.718,0.8663155365588407,0,0.3,0.0,0,0,1
1773.93,19,0,0,35.24,92,992,3,854.64,2,0,0,0.479,2.07322004581366,0,0.3,0.4,0,1,0
6683.61,8,4,0,6.01,542,570,4,940.45,0,0,0,0.094,7.099272398959052,0,0.4,0.0,1,0,0
2751.87,22,2,0,49.7,422,2425,3,1065.09,0,0,0,0.255,2.5812736260540854,0,0.3,0.0,1,0,0
1656.6,17,6,1,34.56,175,985,1,727.41,1,0,0,0.191,2.27426861245727,0,0.1,0.2,0,1,0
2074.0,12,3,0,11.84,679,342,3,1284.9,1,0,0,0.141,1.6128781398242475,0,0.3,0.2,0,1,0
12369.99,17,5,1,21.1,219,238,3,2925.82,0,0,0,0.318,4.22642663368434,0,0.3,0.0,0,0,1
967.78,10,4,0,17.08,346,726,7,2380.04,0,0,0,0.262,0.4064526425427544,0,0.7,0.0,1,0,0
732.83,21,2,0,39.37,294,576,5,649.45,0,0,1,0.54,1.1266507802290722,0,0.5,0.0,0,1,0
2583.8,1,1,0,8.57,1084,2051,2,2310.08,0,0,0,0.046,1.118005434688544,1,0.2,0.0,0,0,1
1697.0,1,0,0,1.0,285,290,2,1846.56,1,1,0,0.035,0.9185087358461972,1,0.2,0.2,0,0,1
9829.11,15,1,0,17.98,78,196,5,812.67,1,0,0,0.384,12.079970995612474,0,0.5,0.2,0,0,1
750.56,8,4,0,106.24,1471,1249,1,900.6,0,0,0,0.48,0.8324755989352262,0,0.1,0.0,0,0,1
1471.74,1,2,0,14.56,132,540,4,727.58,0,0,1,0.523,2.0200115292761263,1,0.4,0.0,1,0,0
2157.16,18,0,0,23.81,654,1332,6,1557.15,0,0,1,0.435,1.384436671693996,0,0.6,0.0,1,0,0
2979.87,1,0,0,53.9,165,697,1,4746.98,0,0,1,0.221,0.6276079511708137,1,0.1,0.0,1,0,0
530.13,8,3,0,30.8,788,2043,1,395.51,0,0,1,0.367,1.336990239842627,0,0.1,0.0,1,0,0
3112.23,12,5,1,71.85,495,486,3,2080.8,0,0,1,0.206,1.4949706984340474,0,0.3,0.0,0,1,0
4399.44,15,4,0,60.37,1055,397,1,1598.92,1,0,0,0.156,2.7497874893744685,0,0.1,0.2,0,0,1
1909.04,15,2,0,49.88,1363,557,2,2845.11,0,0,0,0.156,0.6707541170228838,0,0.2,0.0,1,0,0
305.92,20,2,0,23.59,456,117,4,3352.62,0,1,1,0.477,0.09122083002844689,0,0.4,0.0,1,0,0
1716.4,22,5,1,23.62,484,1493,1,1576.48,0,0,1,0.138,1.0880645079493876,0,0.1,0.0,0,1,0
900.65,9,3,0,0.02,837,591,4,1174.23,1,0,0,0.486,0.7663606272814683,0,0.4,0.2,0,0,1
5758.09,21,0,0,6.32,1190,1892,1,720.19,1,0,0,0.298,7.984151194553446,0,0.1,0.2,0,1,0
4757.11,14,3,0,7.77,1241,1214,0,6824.34,0,0,0,0.112,0.6969777329774047,0,0.0,0.0,0,1,0
338.6,21,3,0,36.43,1114,2447,4,1232.16,1,0,0,0.235,0.2745791300398975,0,0.4,0.2,1,0,0
2042.89,3,1,0,58.55,1019,913,4,878.94,1,0,0,0.493,2.3216242016501125,1,0.4,0.2,1,0,0
917.17,2,3,0,3.93,1069,1098,1,2059.75,0,0,0,0.046,0.44506611670508306,1,0.1,0.0,0,0,1
986.38,13,4,0,9.14,1084,2343,4,1067.93,0,0,0,0.169,0.9227732405302498,0,0.4,0.0,0,0,1
1517.76,4,6,1,57.22,1341,706,1,2806.24,1,0,0,0.205,0.5406591527621436,1,0.1,0.2,0,1,0
2885.34,0,4,0,41.15,1087,291,2,1848.4,0,1,0,0.338,1.56014923759057,1,0.2,0.0,0,0,1
987.7,11,6,1,70.81,643,1455,1,1414.46,0,0,0,0.408,0.69779435660492,0,0.1,0.0,0,0,1
2928.57,3,3,0,38.05,169,2110,2,2225.52,0,0,0,0.151,1.3153126852666943,1,0.2,0.0,0,1,0
3090.6,20,2,0,46.96,782,2384,2,2165.63,0,0,0,0.093,1.4264549092369254,0,0.2,0.0,1,0,0
981.55,21,2,0,24.89,1372,1422,6,2116.5,3,0,0,0.292,0.4635419126328217,0,0.6,0.6,0,0,1
3117.76,14,3,0,26.8,973,1502,4,1689.32,0,0,1,0.036,1.844479151876568,0,0.4,0.0,0,0,1
3768.71,15,1,0,27.31,1383,2449,5,3803.02,0,0,1,0.445,0.9907177144179052,0,0.5,0.0,0,1,0
11600.54,13,4,0,18.02,302,1206,1,600.31,1,0,0,0.512,19.2921122216494,0,0.1,0.2,1,0,0
4350.47,17,6,1,18.18,1070,1636,2,1176.67,2,0,0,0.463,3.6941333310689752,0,0.2,0.4,0,0,1
1784.17,22,5,1,70.25,121,2359,2,1111.22,0,0,0,0.185,1.6041520562478646,0,0.2,0.0,1,0,0
5565.28,5,0,0,59.96,682,578,3,3979.75,1,0,1,0.089,1.3980481065125918,1,0.3,0.2,0,1,0
375.28,22,2,0,17.26,735,1780,2,1673.11,0,0,0,0.276,0.22416687075520725,0,0.2,0.0,0,0,1
514.43,23,1,0,47.12,410,175,5,1799.44,0,0,0,0.077,0.2857246006531736,1,0.5,0.0,1,0,0
518.23,1,4,0,47.14,44,2455,3,1385.28,1,0,0,0.43,0.37382779813601874,1,0.3,0.2,0,1,0
914.87,17,3,0,34.66,785,1390,3,2552.42,2,1,0,0.495,0.3582920161978836,0,0.3,0.4,0,0,1
2543.87,2,2,0,15.18,1348,2195,6,2501.45,0,0,0,0.561,1.0165517792563288,1,0.6,0.0,1,0,0
2561.34,0,0,0,10.17,1063,322,4,2645.18,1,0,0,0.179,0.9679386889780742,1,0.4,0.2,1,0,0
518.98,19,2,0,9.39,1280,1959,3,2452.62,1,0,0,0.392,0.21151604567944507,0,0.3,0.2,0,0,1
1284.69,11,6,1,63.56,204,2355,2,1098.82,1,0,1,0.398,1.1680911421869034,0,0.2,0.2,0,1,0
5672.1,15,2,0,4.2,243,586,7,1061.89,1,0,0,0.64,5.336488253723339,0,0.7,0.2,0,0,1
568.07,14,0,0,43.87,6,2285,6,725.13,0,0,0,0.29,0.7823254789087354,0,0.6,0.0,1,0,0
1495.06,1,4,0,53.29,1133,2154,3,901.06,0,0,1,0.03,1.657384209476088,1,0.3,0.0,1,0,0
1900.78,12,1,0,23.03,701,779,3,2723.64,0,0,0,0.554,0.6976261084033121,0,0.3,0.0,0,1,0
3562.23,19,5,1,20.79,500,174,2,2452.24,0,0,0,0.399,1.4520511649899726,0,0.2,0.0,0,1,0
1950.62,15,6,1,37.33,567,1681,0,4190.43,0,0,0,0.239,0.46538293613396853,0,0.0,0.0,0,0,1
295.1,2,1,0,19.66,169,429,4,1315.05,1,0,0,0.122,0.22423160214277577,1,0.4,0.2,0,0,1
2611.88,13,5,1,19.77,737,2213,7,1568.58,0,0,0,0.459,1.6640629977446197,0,0.7,0.0,1,0,0
184.0,22,2,0,6.2,1151,2106,0,1898.33,1,0,0,0.182,0.0968762668941153,0,0.0,0.2,1,0,0
7797.93,23,1,0,13.62,572,109,0,814.64,0,0,0,0.406,9.560504634397528,1,0.0,0.0,0,1,0
3899.35,16,1,0,58.36,1120,723,1,863.04,1,0,0,0.685,4.512927642238785,0,0.1,0.2,1,0,0
6947.59,4,1,0,62.13,744,895,4,364.86,2,0,0,0.162,18.989750177663588,1,0.4,0.4,0,1,0
12558.61,15,3,0,12.78,1462,1138,4,5008.7,1,0,1,0.291,2.5068586941333812,0,0.4,0.2,0,0,1
6149.34,17,1,0,34.42,774,348,1,1104.22,0,0,0,0.24,5.5639058287037875,0,0.1,0.0,0,1,0
7823.72,19,0,0,38.96,1264,153,1,5229.44,1,0,0,0.255,1.4958053242174656,0,0.1,0.2,0,1,0
4991.47,15,5,1,77.61,832,2079,6,588.12,0,0,0,0.326,8.47275597501358,0,0.6,0.0,0,0,1
373.84,13,3,0,15.71,761,2494,2,3920.27,0,0,0,0.117,0.0953364598714192,0,0.2,0.0,0,1,0
2952.24,21,5,1,2.79,1207,454,2,1808.46,1,0,0,0.271,1.6315585865396305,0,0.2,0.2,0,1,0
5434.39,9,1,0,27.58,1236,1326,1,1018.16,0,0,1,0.514,5.332224577102712,0,0.1,0.0,0,0,1
4569.59,9,4,0,26.88,211,1652,4,7787.9,0,0,1,0.363,0.5866797622257315,0,0.4,0.0,1,0,0
1315.78,21,0,0,36.65,727,1563,5,1120.7,0,0,1,0.584,1.1730230899527503,0,0.5,0.0,0,0,1
5450.5,8,5,1,34.08,66,1252,1,1540.41,2,0,0,0.658,3.5360481636942795,0,0.1,0.4,0,1,0
3604.2,11,0,0,1.01,746,195,2,3375.3,1,0,0,0.301,1.067499925954447,0,0.2,0.2,0,0,1
679.34,5,1,0,25.02,1174,1196,3,3117.65,0,0,0,0.377,0.21783143347281678,1,0.3,0.0,0,1,0
2800.57,16,4,0,28.31,610,1141,4,3050.44,1,0,0,0.606,0.917786356605406,0,0.4,0.2,1,0,0
6450.23,7,2,0,30.15,921,937,6,882.73,0,0,0,0.31,7.298869564233419,0,0.6,0.0,0,0,1
775.24,17,0,0,26.76,7,920,1,856.03,0,0,0,0.658,0.9045657678260971,0,0.1,0.0,0,0,1
3855.54,9,2,0,28.78,1477,2158,1,3285.09,0,0,0,0.522,1.1732910541098995,0,0.1,0.0,0,1,0
3425.83,16,2,0,31.9,1463,2477,3,1430.96,1,0,0,0.187,2.392406212464035,0,0.3,0.2,0,1,0
1300.67,15,1,0,56.93,349,1858,4,1242.37,0,0,0,0.088,1.0460844318264073,0,0.4,0.0,0,1,0
854.74,10,4,0,57.57,10,1396,4,868.05,0,0,0,0.307,0.9835337437431679,0,0.4,0.0,0,1,0
1079.27,17,1,0,28.19,1449,281,4,1445.35,1,0,0,0.363,0.7462025097659626,0,0.4,0.2,0,0,1
938.84,2,5,1,40.66,152,224,3,2465.65,1,0,0,0.39,0.38061338252285487,1,0.3,0.2,1,0,0
679.23,3,0,0,22.68,781,1092,1,2017.78,0,0,0,0.519,0.3364556811539643,1,0.1,0.0,0,0,1
5056.66,0,3,0,7.78,1032,1266,2,2099.18,1,0,0,0.448,2.407726956737042,1,0.2,0.2,1,0,0
1910.84,11,6,1,54.33,249,1902,0,1989.42,0,0,0,0.103,0.9600184885602033,0,0.0,0.0,0,0,1
4660.27,19,4,0,35.98,965,1371,2,506.16,0,0,0,0.189,9.18895417619686,0,0.2,0.0,0,0,1
676.36,20,0,0,8.07,1227,1465,4,913.79,1,0,0,0.228,0.7393609462280961,0,0.4,0.2,0,0,1
1541.52,14,3,0,27.99,404,1227,6,3890.19,0,0,0,0.364,0.39615644571455005,0,0.6,0.0,0,1,0
1216.51,0,3,0,19.03,1390,1833,6,471.03,0,0,0,0.289,2.577187890600174,1,0.6,0.0,1,0,0
915.88,0,0,0,13.33,149,483,2,767.89,0,0,0,0.308,1.1911716890582529,1,0.2,0.0,1,0,0
7594.47,5,2,0,31.87,77,1678,3,911.87,0,0,0,0.474,8.319333530513655,1,0.3,0.0,0,1,0
1367.5,13,6,1,1.29,1279,2125,3,991.08,0,0,0,0.291,1.3784170631400694,0,0.3,0.0,1,0,0
182.2,21,3,0,56.09,64,2439,2,1195.49,0,0,0,0.41,0.15227874867320243,0,0.2,0.0,0,0,1
291.21,5,6,1,30.75,576,2357,7,2122.7,0,0,0,0.15,0.13712388755473937,1,0.7,0.0,1,0,0
746.14,23,5,1,8.44,978,376,3,885.53,0,1,0,0.243,0.8416410048165319,1,0.3,0.0,0,1,0
2312.99,11,6,1,18.56,771,373,8,2868.71,0,0,1,0.168,0.8060013032675775,0,0.8,0.0,0,1,0
1226.1,21,3,0,28.22,213,1502,5,838.96,1,0,0,0.435,1.4597123672555834,0,0.5,0.2,1,0,0
9061.53,1,6,1,3.66,1418,2126,1,1162.85,0,0,0,0.145,7.7858229153241405,1,0.1,0.0,1,0,0
1336.34,22,2,0,26.9,1451,166,3,2193.07,0,0,0,0.093,0.6090689905062281,0,0.3,0.0,0,0,1
2146.45,4,5,1,23.37,580,693,0,2204.98,0,0,0,0.342,0.9730142612353693,1,0.0,0.0,0,0,1
11139.35,7,1,0,47.03,670,2152,1,716.32,0,0,1,0.143,15.529122288518373,0,0.1,0.0,1,0,0
4101.46,0,2,0,24.52,576,1858,4,802.52,1,0,1,0.128,5.104365790521705,1,0.4,0.2,1,0,0
383.73,8,5,1,1.55,1160,2376,2,2354.58,0,0,0,0.355,0.16290255478480886,0,0.2,0.0,1,0,0
730.84,9,0,0,36.55,1012,2021,1,1145.13,1,0,0,0.213,0.6376589043127743,0,0.1,0.2,0,1,0
4793.09,21,5,1,31.47,984,320,2,4106.44,0,0,0,0.417,1.1669287926299594,0,0.2,0.0,1,0,0
949.74,8,3,0,55.55,1383,1400,4,631.38,0,0,0,0.454,1.5018501533887854,0,0.4,0.0,0,1,0
2785.34,18,5,1,66.51,592,2121,5,1828.67,0,0,0,0.221,1.5223182322495314,0,0.5,0.0,0,1,0
2389.94,12,0,0,41.35,1339,297,1,1320.33,0,0,0,0.301,1.8087381653334142,0,0.1,0.0,1,0,0
4730.72,12,1,0,56.79,256,808,1,5171.4,0,0,0,0.324,0.9146083056221485,0,0.1,0.0,0,1,0
1100.06,12,6,1,35.3,243,887,3,2352.04,0,1,0,0.258,0.46750586475368033,0,0.3,0.0,1,0,0
785.62,19,5,1,11.8,1031,766,4,913.54,0,0,0,0.472,0.8590329564589849,0,0.4,0.0,1,0,0
5034.43,5,6,1,148.57,1229,2268,2,879.26,1,0,1,0.437,5.719253402403836,1,0.2,0.2,0,0,1
2223.83,0,4,0,52.66,1331,1693,2,1125.1,0,0,0,0.516,1.974806855519048,1,0.2,0.0,0,0,1
2137.32,1,0,0,41.45,44,1641,3,4782.4,0,0,0,0.191,0.44682025337625964,1,0.3,0.0,0,0,1
1124.56,5,3,0,30.77,110,711,3,3467.42,1,0,0,0.048,0.3242283229827991,1,0.3,0.2,1,0,0
619.27,6,6,1,0.57,761,2157,3,6074.33,0,0,0,0.181,0.10193191151756366,0,0.3,0.0,0,1,0
142.87,3,1,0,7.57,887,1893,3,1520.3,0,0,0,0.601,0.09391310063761257,1,0.3,0.0,1,0,0
1733.84,5,0,0,36.86,70,1589,2,1359.92,0,0,0,0.241,1.2740205155336095,1,0.2,0.0,0,0,1
2866.99,5,6,1,52.54,240,422,2,972.11,0,0,0,0.418,2.9462136860169967,1,0.2,0.0,0,1,0
1779.81,20,3,0,20.78,485,2419,2,2121.67,0,0,0,0.123,0.8384770124418774,0,0.2,0.0,0,0,1
3810.27,7,1,0,20.92,257,2470,2,1255.08,0,0,0,0.298,3.0334612445067193,0,0.2,0.0,1,0,0
1429.92,6,5,1,19.3,773,1183,2,1018.8,0,0,0,0.648,1.4021572857423026,0,0.2,0.0,0,0,1
3651.84,6,0,0,12.62,787,1900,4,332.86,0,0,0,0.125,10.938237584616306,0,0.4,0.0,0,1,0
2052.86,9,3,0,22.49,1101,1641,1,669.42,1,0,0,0.098,3.062050654813401,0,0.1,0.2,0,0,1
1582.53,8,3,0,29.71,1285,2088,3,1080.79,0,0,0,0.477,1.4628809658066724,0,0.3,0.0,0,0,1
3300.15,7,3,0,29.3,37,468,3,726.81,1,0,0,0.246,4.534356494139955,0,0.3,0.2,1,0,0
3451.65,13,2,0,10.05,460,429,3,998.06,1,1,0,0.083,3.454897603747523,0,0.3,0.2,0,1,0
992.14,15,4,0,12.3,88,1251,1,2071.76,0,1,0,0.332,0.4786564773538663,0,0.1,0.0,1,0,0
11157.7,7,5,1,64.51,96,1528,5,989.84,0,0,0,0.318,11.260849380323766,0,0.5,0.0,0,0,1
1747.42,22,1,0,8.98,67,2132,2,3414.2,1,0,0,0.484,0.5116596392597799,0,0.2,0.2,1,0,0
2286.94,7,3,0,44.3,1005,927,2,1234.88,0,0,0,0.632,1.8504547367058288,0,0.2,0.0,0,1,0
167.77,20,5,1,18.54,262,1711,7,1324.99,0,0,0,0.509,0.1265243327626905,0,0.7,0.0,0,0,1
966.81,1,3,0,13.62,904,375,6,1775.54,0,0,0,0.306,0.5442095308858793,1,0.6,0.0,0,0,1
3009.93,10,2,0,20.03,967,1453,4,1532.31,0,0,0,0.564,1.963027698247582,0,0.4,0.0,0,0,1
12116.18,4,5,1,13.61,681,1398,1,1606.43,0,0,0,0.244,7.537609724840273,1,0.1,0.0,0,1,0
13833.13,15,2,0,33.15,1107,71,3,1682.66,0,0,0,0.161,8.216106577337467,0,0.3,0.0,0,1,0
5590.6,14,3,0,34.4,906,1531,8,483.7,0,0,0,0.164,11.534144831854757,0,0.8,0.0,0,0,1
1386.66,22,6,1,65.83,778,1855,5,664.75,1,0,0,0.429,2.0828539241457005,0,0.5,0.2,0,0,1
495.99,14,0,0,8.45,427,1987,1,3080.22,1,1,1,0.445,0.16097195266809902,0,0.1,0.2,0,0,1
3128.16,11,2,0,1.61,850,562,3,1371.36,0,0,0,0.261,2.279401906205369,0,0.3,0.0,0,0,1
2272.23,19,5,1,18.76,1082,2271,3,1273.4,1,0,0,0.27,1.7829802259887004,0,0.3,0.2,0,1,0
7697.32,13,0,0,41.95,971,1163,4,723.42,0,0,0,0.215,10.625493498246874,0,0.4,0.0,0,1,0
1157.56,23,4,0,44.47,109,298,1,855.91,1,0,0,0.149,1.3508536485745295,1,0.1,0.2,0,0,1
458.54,14,3,0,21.31,858,1598,2,704.04,0,0,0,0.51,0.6503744468398956,0,0.2,0.0,1,0,0
2247.12,1,5,1,39.17,718,2020,0,2051.03,1,0,0,0.095,1.0950717094779314,1,0.0,0.2,0,0,1
212.52,21,2,0,9.91,950,879,4,1136.5,0,0,0,0.121,0.18683076923076924,0,0.4,0.0,0,0,1
18945.66,17,6,1,53.07,1484,1577,2,1676.29,0,0,0,0.199,11.29539912597106,0,0.2,0.0,1,0,0
860.92,7,6,1,23.12,437,2074,5,3199.78,0,0,0,0.155,0.2689719380900905,0,0.5,0.0,0,1,0
413.31,18,5,1,1.45,730,2137,0,2600.71,1,0,0,0.403,0.15886090302147435,0,0.0,0.2,0,1,0
1408.8,8,4,0,49.4,699,675,5,430.97,0,1,0,0.183,3.2613375928883945,0,0.5,0.0,0,1,0
1312.3,12,2,0,7.1,1469,1066,1,1151.59,0,1,0,0.071,1.1385661857208549,0,0.1,0.0,0,0,1
505.84,6,0,0,87.86,1390,1013,3,1521.27,0,0,0,0.506,0.332293219993825,0,0.3,0.0,0,0,1
565.35,11,4,0,23.74,654,1722,7,1793.07,1,0,0,0.24,0.3151214835541534,0,0.7,0.2,1,0,0
495.9,7,2,0,54.9,1303,2172,3,1205.05,1,0,0,0.534,0.4111769827121595,0,0.3,0.2,0,1,0
322.34,14,3,0,10.9,605,1593,1,3288.67,0,0,0,0.397,0.09798551222463042,0,0.1,0.0,0,0,1
643.03,18,4,0,56.24,574,603,3,1279.49,0,0,0,0.016,0.5021749486524689,0,0.3,0.0,1,0,0
8703.8,15,2,0,43.58,58,1255,3,1911.79,0,0,0,0.261,4.550316553306949,0,0.3,0.0,0,0,1
947.13,9,6,1,8.6,854,786,1,2391.23,1,0,0,0.075,0.39591928869715703,0,0.1,0.2,0,1,0
5866.56,21,2,0,79.31,168,1412,2,3037.05,0,0,0,0.488,1.9310281265943616,0,0.2,0.0,0,1,0
5827.52,9,0,0,9.74,1420,2193,1,3554.48,1,0,0,0.316,1.6390248292776222,0,0.1,0.2,1,0,0
3195.02,16,6,1,11.53,290,1885,6,1618.21,0,1,0,0.288,1.9731968058497662,0,0.6,0.0,0,0,1
3672.24,15,5,1,29.7,42,436,3,822.12,0,0,0,0.404,4.46136650792108,0,0.3,0.0,1,0,0
713.43,4,0,0,31.11,811,2044,4,1481.06,1,0,0,0.609,0.4813772721752156,1,0.4,0.2,1,0,0
613.24,6,6,1,36.97,1324,1338,2,1118.77,2,0,0,0.254,0.5476481777507881,0,0.2,0.4,0,1,0
1203.43,15,6,1,1.12,1105,141,4,2539.09,0,0,0,0.134,0.47377455129542656,0,0.4,0.0,0,1,0
1856.55,9,3,0,19.9,92,193,1,4754.49,0,0,0,0.235,0.3904014097390595,0,0.1,0.0,0,0,1
1841.78,8,0,0,28.09,1242,1649,4,3170.81,0,0,0,0.194,0.5806716039107008,0,0.4,0.0,0,0,1
8280.53,17,0,0,55.89,791,1149,5,2132.96,0,0,0,0.16,3.880358582166489,0,0.5,0.0,1,0,0
6653.03,19,0,0,21.12,897,935,3,408.85,0,0,0,0.527,16.232841283396365,0,0.3,0.0,0,0,1
1299.0,8,5,1,47.25,187,85,1,1119.2,0,0,0,0.319,1.1596143545795394,0,0.1,0.0,1,0,0
6224.67,6,3,0,10.7,1262,1427,6,1285.86,4,0,1,0.02,4.837099606794834,0,0.6,0.8,0,0,1
4183.49,6,6,1,7.11,693,1652,5,1302.32,1,0,0,0.528,3.2098717122425806,0,0.5,0.2,0,0,1
559.07,12,1,0,34.63,1209,1162,2,1159.18,1,0,0,0.038,0.48188212173973005,0,0.2,0.2,1,0,0
2951.02,16,3,0,63.54,1355,433,3,827.1,1,0,0,0.461,3.5636034295374954,0,0.3,0.2,0,1,0
6434.95,16,3,0,12.08,843,800,4,1252.71,1,0,0,0.099,5.132726069027127,0,0.4,0.2,1,0,0
1472.37,14,5,1,35.15,434,266,1,1528.75,0,0,0,0.308,0.9624906030397123,0,0.1,0.0,0,1,0
1948.39,0,6,1,2.9,347,1149,2,1507.52,2,0,0,0.204,1.291590433007186,1,0.2,0.4,0,1,0
6800.3,15,4,0,54.61,115,566,2,2517.68,1,0,0,0.049,2.699946003462131,0,0.2,0.2,0,0,1
5063.57,21,4,0,4.3,720,1262,5,1566.27,0,0,0,0.51,3.23082174736963,0,0.5,0.0,1,0,0
1385.21,20,2,0,27.39,1021,163,6,863.59,0,0,0,0.419,1.6021582484183254,0,0.6,0.0,0,1,0
2826.84,0,0,0,28.27,864,284,4,1487.12,1,0,0,0.409,1.899604870574954,1,0.4,0.2,0,1,0
575.59,11,3,0,21.08,1483,1719,1,2274.72,0,0,0,0.189,0.25292654632380085,0,0.1,0.0,0,1,0
310.25,6,6,1,28.39,158,104,3,1541.63,1,1,0,0.146,0.20111757193883173,0,0.3,0.2,0,1,0
4085.65,23,6,1,63.23,892,1762,1,2027.65,0,0,0,0.273,2.0139748108347915,1,0.1,0.0,0,1,0
2812.55,11,0,0,25.82,567,1240,3,2338.61,0,0,0,0.493,1.2021448019114298,0,0.3,0.0,1,0,0
1753.08,18,1,0,2.94,489,2240,2,2574.21,0,0,0,0.608,0.6807522493311224,0,0.2,0.0,0,1,0
6161.51,23,5,1,46.25,1460,769,4,1192.73,1,1,1,0.423,5.161560821961415,1,0.4,0.2,0,0,1
11919.37,10,6,1,43.81,1224,1560,3,1175.04,0,0,0,0.125,10.135173973674366,0,0.3,0.0,0,0,1
5490.47,9,0,0,2.77,725,287,2,1485.19,0,0,1,0.168,3.6943257591559626,0,0.2,0.0,0,1,0
1224.43,13,1,0,10.43,731,1561,2,2989.09,0,1,0,0.566,0.40949603523639755,0,0.2,0.0,0,1,0
1884.42,16,0,0,15.16,953,1000,2,10483.87,1,0,0,0.116,0.1797275502700558,0,0.2,0.2,0,0,1
851.66,7,4,0,66.11,981,1275,1,3368.01,0,1,0,0.193,0.2527923633352231,0,0.1,0.0,0,0,1
4084.73,23,1,0,52.79,131,2357,3,830.75,0,0,0,0.388,4.9110069131349565,1,0.3,0.0,0,1,0
1108.2,5,6,1,75.43,189,192,3,5044.59,0,0,0,0.072,0.21963734667303528,1,0.3,0.0,0,1,0
970.5,17,3,0,65.87,631,1428,6,2361.85,0,1,0,0.367,0.4107328014897264,0,0.6,0.0,0,0,1
357.07,9,4,0,15.79,1105,327,6,1989.98,1,0,0,0.254,0.17934384072165466,0,0.6,0.2,1,0,0
887.54,6,6,1,82.76,1173,1808,1,987.47,0,0,1,0.671,0.8978927028640221,0,0.1,0.0,0,1,0
4002.18,5,1,0,2.53,1375,1930,4,546.1,0,0,0,0.17,7.315262292085541,1,0.4,0.0,0,0,1
14294.15,22,4,0,39.07,771,883,2,1217.02,0,0,0,0.251,11.7355626344395,0,0.2,0.0,0,1,0
6157.75,10,1,0,8.35,1487,613,4,3541.21,2,0,0,0.243,1.7383921337244264,0,0.4,0.4,0,0,1
1049.9,16,0,0,9.55,733,1830,2,3521.99,0,0,0,0.503,0.2980139029631081,0,0.2,0.0,1,0,0
1306.78,17,3,0,16.02,1165,1085,3,1599.64,1,0,0,0.208,0.8164109356257496,0,0.3,0.2,0,1,0
1601.71,3,4,0,35.92,881,723,5,2525.09,1,0,0,0.168,0.63406687806056,1,0.5,0.2,0,1,0
2851.17,20,1,0,57.27,348,1782,3,730.72,1,0,0,0.241,3.896531460121358,0,0.3,0.2,0,0,1
4586.57,0,1,0,5.72,1000,1279,3,2565.98,1,0,1,0.214,1.7867572010689603,1,0.3,0.2,0,1,0
3626.37,18,1,0,52.82,19,1187,1,2679.69,0,1,0,0.143,1.3527748452823714,0,0.1,0.0,1,0,0
8060.76,20,0,0,65.86,1427,1946,2,484.63,0,0,0,0.548,16.598562691761217,0,0.2,0.0,0,0,1
1101.55,10,4,0,7.62,992,620,3,1008.66,0,1,0,0.149,1.0910108353307053,0,0.3,0.0,0,1,0
821.56,15,3,0,31.25,152,2409,0,3894.85,0,0,0,0.294,0.21088080906605747,0,0.0,0.0,1,0,0
1422.25,13,0,0,7.51,266,1802,5,1050.65,0,0,0,0.166,1.3523986117054152,0,0.5,0.0,0,0,1
2913.77,19,0,0,80.89,752,1544,2,1686.61,0,1,0,0.473,1.7265659719958997,0,0.2,0.0,0,1,0
692.34,21,1,0,7.69,280,1882,4,1613.66,0,0,0,0.113,0.42878376871911117,0,0.4,0.0,1,0,0
5624.55,12,1,0,14.87,654,590,3,1276.75,0,0,0,0.058,4.401917432987673,0,0.3,0.0,0,0,1
9036.35,2,1,0,23.51,657,2058,2,2609.84,1,1,0,0.485,3.4610891513842286,1,0.2,0.2,1,0,0
741.61,14,3,0,9.09,1384,909,2,3243.0,0,1,0,0.226,0.22860974106041923,0,0.2,0.0,1,0,0
6931.12,15,6,1,77.25,646,2485,1,445.43,0,0,0,0.606,15.525659117890822,0,0.1,0.0,0,0,1
1131.74,21,4,0,56.68,1464,1252,3,1300.69,0,0,0,0.047,0.8694389601210734,0,0.3,0.0,1,0,0
770.89,23,1,0,47.26,1012,1429,1,1412.52,0,0,0,0.237,0.5453690078668855,1,0.1,0.0,1,0,0
609.7,6,0,0,11.8,15,661,2,2005.6,2,1,0,0.305,0.3038473038971395,0,0.2,0.4,1,0,0
4826.64,16,4,0,43.79,223,1793,7,1737.58,0,0,0,0.307,2.776196666244867,0,0.7,0.0,0,1,0
390.59,8,5,1,1.49,826,928,2,1220.36,0,0,0,0.448,0.3197992401912622,0,0.2,0.0,1,0,0
3038.31,12,2,0,1.97,1486,1504,2,3145.26,1,0,0,0.417,0.9656894217261128,0,0.2,0.2,0,1,0
2316.18,18,5,1,3.78,1380,193,6,2235.15,0,0,0,0.475,1.0357891912438788,0,0.6,0.0,1,0,0
492.94,15,5,1,14.77,847,979,4,589.01,0,0,0,0.438,0.8354773647904273,0,0.4,0.0,0,1,0
1159.24,2,0,0,98.59,1470,365,2,3660.49,1,0,0,0.615,0.3166033500023215,1,0.2,0.2,1,0,0
611.56,12,0,0,3.21,1056,706,2,2177.76,0,0,0,0.117,0.2806917696304319,0,0.2,0.0,0,0,1
3189.82,22,0,0,34.51,309,629,2,2180.53,0,0,0,0.426,1.4621939647861821,0,0.2,0.0,0,1,0
6600.45,17,2,0,15.55,393,600,3,4430.71,0,0,0,0.362,1.4893686635632746,0,0.3,0.0,0,1,0
429.91,9,0,0,99.0,542,333,5,580.09,0,0,0,0.47,0.739833760691115,0,0.5,0.0,1,0,0
1123.71,9,6,1,10.14,885,1719,2,972.82,0,0,1,0.17,1.1539196155346985,0,0.2,0.0,0,1,0
576.56,1,5,1,29.42,960,1390,4,1218.35,1,1,0,0.373,0.47284208799770366,1,0.4,0.2,0,0,1
1457.43,16,4,0,10.3,850,347,4,1313.11,0,0,0,0.182,1.1090624072566224,0,0.4,0.0,1,0,0
928.28,18,2,0,71.59,225,827,2,2674.4,0,0,0,0.138,0.3469686775809225,0,0.2,0.0,0,0,1
1057.43,13,2,0,4.28,1179,270,4,538.69,0,0,0,0.506,1.9593285034001,0,0.4,0.0,0,0,1
4695.88,14,3,0,10.79,803,1849,5,1373.4,1,0,0,0.06,3.4166763678696155,0,0.5,0.2,0,0,1
6937.51,19,1,0,44.27,829,1353,2,1068.64,0,0,0,0.31,6.485836356157211,0,0.2,0.0,0,0,1
500.97,17,0,0,55.62,256,1740,3,1126.73,0,0,0,0.169,0.44422867175653746,0,0.3,0.0,1,0,0
5581.76,9,1,0,42.97,415,2190,2,930.34,0,0,0,0.456,5.993257027508751,0,0.2,0.0,0,1,0
836.83,21,2,0,2.99,405,1122,3,2171.17,0,1,0,0.114,0.3852506940064544,0,0.3,0.0,0,0,1
1701.24,3,5,1,20.27,1454,33,2,5534.67,0,0,0,0.356,0.3073232327794106,1,0.2,0.0,0,0,1
1471.71,7,3,0,10.2,1493,1443,3,3380.15,1,0,0,0.472,0.4352690652588616,0,0.3,0.2,0,0,1
530.48,12,5,1,41.48,578,2155,6,4763.31,0,0,0,0.461,0.11134455986281329,0,0.6,0.0,0,1,0
1738.77,6,4,0,12.37,1408,2205,1,1421.75,0,0,0,0.327,1.222119135477069,0,0.1,0.0,0,1,0
437.62,12,0,0,35.84,602,1367,1,3892.91,1,0,0,0.223,0.11238575108310157,0,0.1,0.2,0,0,1
4008.79,13,6,1,35.85,273,1749,2,2378.17,0,0,0,0.434,1.684953155932531,0,0.2,0.0,1,0,0
775.69,10,2,0,44.48,531,746,2,1469.41,0,0,0,0.316,0.5275331370162064,0,0.2,0.0,1,0,0
2704.93,3,2,0,29.23,1119,146,3,646.05,0,0,0,0.166,4.180403369136852,1,0.3,0.0,0,1,0
426.19,8,0,0,21.01,424,1251,6,486.46,1,0,0,0.203,0.8743076354982974,0,0.6,0.2,1,0,0
622.07,17,3,0,7.58,642,818,4,4912.2,0,0,0,0.314,0.12661198404298626,0,0.4,0.0,0,1,0
2929.79,0,6,1,94.51,1499,1186,2,457.02,0,0,0,0.122,6.396642068031964,1,0.2,0.0,1,0,0
743.13,9,0,0,52.01,674,1002,0,889.84,0,0,0,0.11,0.8341902025055004,0,0.0,0.0,0,1,0
4677.15,3,5,1,23.68,389,1941,0,1963.18,0,0,0,0.206,2.381222698530684,1,0.0,0.0,0,0,1
646.56,13,2,0,31.1,1073,2141,3,1109.6,0,0,0,0.166,0.5821717990275527,0,0.3,0.0,1,0,0
855.59,22,2,0,18.52,714,1097,2,1276.02,0,0,0,0.05,0.6699895068205667,0,0.2,0.0,1,0,0
1116.93,2,4,0,43.32,390,1782,1,1596.03,0,0,0,0.417,0.6993794731470292,1,0.1,0.0,0,0,1
1148.93,6,1,0,34.83,1419,255,2,1470.83,0,0,0,0.088,0.7806132501715553,0,0.2,0.0,0,0,1
1164.44,1,5,1,20.95,182,2495,4,1200.86,0,1,0,0.079,0.9688649260313182,1,0.4,0.0,0,1,0
2526.16,18,2,0,15.53,1156,875,1,1485.38,0,0,0,0.166,1.6995384760290098,0,0.1,0.0,0,0,1
1541.46,23,3,0,64.32,469,1529,5,577.27,0,0,0,0.241,2.6656406177045326,1,0.5,0.0,0,0,1
985.67,12,1,0,48.98,348,1365,2,2478.53,0,0,0,0.635,0.3975229176497158,0,0.2,0.0,0,0,1
1570.5,3,0,0,2.19,900,2310,3,635.25,0,1,0,0.519,2.468369351669941,1,0.3,0.0,1,0,0
4523.37,3,3,0,49.28,284,1304,1,807.79,0,0,0,0.32,5.592762027225856,1,0.1,0.0,0,1,0
3527.48,5,5,1,85.03,731,603,2,692.07,1,0,0,0.263,5.089644624641089,1,0.2,0.2,0,1,0
4122.59,2,1,0,44.63,1373,1544,0,2223.79,0,1,0,0.136,1.8530243303862388,1,0.0,0.0,0,0,1
2999.62,20,0,0,34.73,46,1846,3,3383.57,0,0,0,0.304,0.8862632476208203,0,0.3,0.0,0,1,0
460.88,9,3,0,18.72,9,1443,2,1937.99,0,0,0,0.265,0.23769075652788307,0,0.2,0.0,0,1,0
1518.19,9,2,0,50.81,101,2106,1,371.98,0,0,0,0.211,4.070432730977532,0,0.1,0.0,1,0,0
1970.4,2,0,0,21.41,102,639,2,812.85,1,0,0,0.481,2.4210849665171716,1,0.2,0.2,1,0,0
15974.52,20,1,0,86.45,1468,1726,5,4010.68,2,0,0,0.345,3.982002552546564,0,0.5,0.4,0,1,0
1477.25,8,3,0,31.09,502,2157,7,729.03,0,0,0,0.229,2.023546977521472,0,0.7,0.0,0,1,0
1317.18,17,3,0,22.69,836,474,5,1531.01,0,0,0,0.157,0.8597724557933696,0,0.5,0.0,0,0,1
6649.92,22,5,1,53.29,1015,1075,4,742.38,1,1,0,0.339,8.945519115391859,0,0.4,0.2,1,0,0
3431.92,1,0,0,10.83,966,468,3,1275.27,0,0,0,0.182,2.6890234824919492,1,0.3,0.0,0,0,1
2490.4,9,1,0,17.4,276,2201,1,2548.64,0,0,0,0.138,0.976765347264712,0,0.1,0.0,1,0,0
11794.56,3,2,0,12.43,1291,2372,1,757.97,0,0,0,0.428,15.54021898098739,1,0.1,0.0,1,0,0
4642.84,2,2,0,42.73,1067,1321,3,2659.5,0,1,0,0.119,1.7451005450103365,1,0.3,0.0,1,0,0
873.77,18,3,0,30.6,132,2038,2,4248.56,2,0,0,0.334,0.20561422829657655,0,0.2,0.4,0,0,1
389.41,22,5,1,41.88,663,2160,2,2219.02,1,0,0,0.28,0.1754083296546878,0,0.2,0.2,0,1,0
1047.23,14,4,0,16.07,124,252,1,1466.54,1,0,0,0.263,0.713595540837047,0,0.1,0.2,0,0,1
160.43,4,6,1,12.31,86,1227,2,1176.82,0,1,0,0.628,0.13620926796963884,1,0.2,0.0,0,0,1
359.74,21,3,0,32.58,1053,1851,2,2312.56,1,0,0,0.241,0.15549196908660248,0,0.2,0.2,0,1,0
2122.8,12,3,0,23.24,1121,1514,7,696.38,0,1,0,0.056,3.0439645530413837,0,0.7,0.0,1,0,0
2055.87,20,1,0,44.21,554,1667,2,5372.23,1,0,0,0.278,0.3826134373551849,0,0.2,0.2,1,0,0
1018.55,15,5,1,24.89,1303,1341,3,1596.66,2,0,0,0.094,0.6375261319680031,0,0.3,0.4,0,0,1
2480.61,23,3,0,50.2,1131,1304,1,2629.99,0,0,0,0.224,0.9428428082204798,1,0.1,0.0,0,0,1
912.01,4,4,0,61.69,1063,1407,6,2633.38,0,0,0,0.036,0.3461953097123422,1,0.6,0.0,0,0,1
2346.23,16,3,0,13.25,46,619,3,1330.92,0,0,0,0.044,1.7615397321160429,0,0.3,0.0,1,0,0
1421.31,8,5,1,71.01,1016,1026,4,533.73,1,0,0,0.447,2.657995623959755,0,0.4,0.2,0,0,1
2115.91,11,3,0,20.43,893,2477,1,2415.09,0,0,0,0.358,0.8757579394807311,0,0.1,0.0,0,0,1
1671.27,17,1,0,30.7,1047,1496,1,928.48,0,0,0,0.215,1.7980698885398287,0,0.1,0.0,0,0,1
1617.03,9,0,0,57.92,1259,2141,2,7784.44,0,0,0,0.388,0.20769924371647588,0,0.2,0.0,1,0,0
2350.48,18,4,0,12.42,1237,502,4,2475.35,0,1,1,0.151,0.9491711591657076,0,0.4,0.0,0,0,1
1493.5,16,1,0,18.03,781,870,4,999.31,0,0,0,0.587,1.493037158480871,0,0.4,0.0,0,0,1
3093.17,1,2,0,46.02,923,1557,4,1069.18,0,0,0,0.069,2.8903268609019044,1,0.4,0.0,1,0,0
2224.62,14,2,0,45.56,1275,355,7,1861.02,0,0,0,0.249,1.1947347504323262,0,0.7,0.0,0,1,0
6934.85,13,2,0,68.49,107,198,5,572.28,0,0,0,0.444,12.096793887803518,0,0.5,0.0,0,0,1
6351.93,12,6,1,26.19,1176,2487,4,1156.86,0,1,0,0.347,5.485922304941877,0,0.4,0.0,0,0,1
817.72,18,3,0,45.5,646,873,5,962.0,0,0,1,0.227,0.8491381100726896,0,0.5,0.0,0,0,1
5588.83,16,0,0,43.91,733,147,6,1993.43,0,0,0,0.3,2.8022191804174623,0,0.6,0.0,0,0,1
1222.02,0,1,0,56.21,1001,776,6,2194.4,0,0,0,0.247,0.5566274938507789,1,0.6,0.0,0,1,0
2303.38,21,0,0,35.22,1162,2147,5,717.46,0,0,1,0.468,3.2059961584500183,0,0.5,0.0,1,0,0
838.55,5,2,0,25.09,1165,1176,2,2000.25,0,0,0,0.247,0.4190131168019987,1,0.2,0.0,1,0,0
5054.85,16,6,1,22.33,712,2060,6,1540.5,1,0,0,0.162,3.2791761271488813,0,0.6,0.2,1,0,0
336.58,0,0,0,39.33,840,2105,2,412.52,1,0,0,0.165,0.8139388663184368,1,0.2,0.2,0,0,1
1050.63,7,5,1,38.53,298,927,1,2663.98,0,0,1,0.484,0.3942356040195424,0,0.1,0.0,0,0,1
3669.84,12,5,1,18.92,421,1323,1,767.84,0,0,0,0.088,4.773216794131419,0,0.1,0.0,0,1,0
1293.28,3,2,0,18.75,440,1020,3,2780.71,0,0,0,0.112,0.4649226554888899,1,0.3,0.0,0,0,1
494.69,3,1,0,8.88,685,1339,4,1517.87,1,0,0,0.08,0.3256960766885909,1,0.4,0.2,0,1,0
1619.95,17,1,0,41.49,391,2128,1,4366.93,1,0,0,0.28,0.3708736174801336,0,0.1,0.2,1,0,0
2374.44,17,1,0,28.55,874,1829,5,4264.53,0,0,0,0.379,0.5566576720829534,0,0.5,0.0,0,1,0
2100.41,18,0,0,5.58,240,1267,5,2204.82,0,0,0,0.281,0.9522127825479866,0,0.5,0.0,0,1,0
1799.9,11,0,0,23.6,564,621,4,1661.81,2,1,0,0.105,1.0824447772144743,0,0.4,0.4,0,1,0
511.37,13,5,1,16.75,919,1889,3,990.83,0,0,0,0.239,0.5155823074518818,0,0.3,0.0,0,0,1
1922.83,10,0,0,0.41,169,1794,2,372.83,1,0,1,0.405,5.14359468207474,0,0.2,0.2,0,0,1
960.37,10,6,1,3.46,1068,1967,4,583.56,0,0,0,0.267,1.6428938004653073,0,0.4,0.0,1,0,0
513.63,0,1,0,48.28,252,40,3,1234.35,1,0,0,0.208,0.4157769053304732,1,0.3,0.2,0,0,1
1848.36,14,2,0,51.7,781,2039,4,1109.42,1,1,1,0.573,1.6645593559193816,0,0.4,0.2,1,0,0
1730.02,15,0,0,3.74,584,2315,5,1029.71,0,0,1,0.061,1.6784740615692095,0,0.5,0.0,0,0,1
2080.66,3,1,0,19.87,769,634,7,753.14,0,0,0,0.159,2.7589837430715782,1,0.7,0.0,0,0,1
7177.48,7,5,1,8.53,291,1002,3,1941.05,0,1,0,0.17,3.695826575010942,0,0.3,0.0,1,0,0
1415.87,11,6,1,137.95,622,1161,3,1808.59,0,0,0,0.224,0.7824258533701004,0,0.3,0.0,1,0,0
1250.22,13,5,1,11.71,986,1436,4,1421.89,0,0,0,0.293,0.8786483846256562,0,0.4,0.0,1,0,0
1027.88,1,4,0,73.01,748,653,3,567.79,0,0,0,0.237,1.8071344432919008,1,0.3,0.0,0,0,1
8136.23,1,5,1,29.23,38,1241,3,2900.69,0,0,0,0.551,2.8039625183944525,1,0.3,0.0,0,0,1
2622.32,10,4,0,3.44,823,2491,5,620.39,0,0,0,0.194,4.220087223804696,0,0.5,0.0,1,0,0
2581.76,5,6,1,38.83,1080,997,3,1327.4,1,0,0,0.233,1.9435109906654622,1,0.3,0.2,0,1,0
593.74,11,5,1,18.39,1178,2018,0,551.31,0,0,0,0.261,1.0750122213974038,0,0.0,0.0,0,0,1
641.27,11,5,1,70.5,1110,86,1,1491.6,0,1,0,0.36,0.42963285542007235,0,0.1,0.0,1,0,0
801.79,0,3,0,3.65,374,1332,3,664.81,0,1,0,0.058,1.2042324386837087,1,0.3,0.0,0,0,1
871.13,13,0,0,55.88,562,976,5,2479.98,0,0,0,0.565,0.35112334641956,0,0.5,0.0,1,0,0
761.75,14,2,0,45.86,99,1700,4,875.72,1,0,0,0.07,0.868863491194452,0,0.4,0.2,1,0,0
10040.75,10,0,0,29.58,301,1242,8,1835.4,0,0,0,0.15,5.467626878675669,0,0.8,0.0,1,0,0
10488.03,3,3,0,51.52,1001,449,5,4046.03,1,0,0,0.348,2.5915374978688077,1,0.5,0.2,0,0,1
17547.13,17,0,0,17.95,826,1969,2,2481.51,0,0,0,0.349,7.068301839670333,0,0.2,0.0,0,0,1
1697.95,0,5,1,33.59,1359,320,4,1601.95,0,1,0,0.151,1.059265728812502,1,0.4,0.0,1,0,0
5360.41,17,6,1,5.63,1170,651,4,2329.43,0,0,0,0.482,2.3001806533558184,0,0.4,0.0,0,0,1
2580.73,16,3,0,45.3,133,2484,5,572.47,0,0,0,0.123,4.500200533593736,0,0.5,0.0,0,0,1
1377.33,16,6,1,8.74,439,1926,3,1637.8,0,0,1,0.378,0.8404503295093971,0,0.3,0.0,0,0,1
9832.62,7,4,0,2.2,323,525,4,1609.52,1,0,0,0.257,6.10524551076671,0,0.4,0.2,1,0,0
740.17,10,2,0,1.83,973,579,0,6126.84,1,0,0,0.294,0.12078807540666857,0,0.0,0.2,0,1,0
1871.98,8,1,0,29.42,395,1074,3,2459.04,0,0,0,0.449,0.7609551064210338,0,0.3,0.0,0,1,0
636.06,13,0,0,5.24,56,2367,3,2391.72,0,0,0,0.482,0.2658313551105019,0,0.3,0.0,0,0,1
3346.38,18,1,0,10.25,1093,1864,3,2026.5,0,0,0,0.329,1.6504956843403207,0,0.3,0.0,1,0,0
511.61,10,0,0,20.57,733,1374,2,475.86,0,0,0,0.376,1.0728725412070628,0,0.2,0.0,0,1,0
2508.04,0,5,1,35.25,671,739,4,1448.42,0,0,0,0.254,1.7303749085841231,1,0.4,0.0,1,0,0
997.27,18,0,0,17.35,812,2263,2,1584.0,1,0,0,0.38,0.6291924290220821,0,0.2,0.2,0,1,0
5997.58,11,4,0,23.61,639,1472,4,1743.8,1,0,0,0.284,3.437402567629528,0,0.4,0.2,0,0,1
2639.23,13,2,0,21.53,1168,75,3,955.1,0,0,0,0.272,2.7604120907854828,0,0.3,0.0,1,0,0
574.34,17,0,0,24.71,669,1170,3,1400.49,0,0,1,0.229,0.4098067057203405,0,0.3,0.0,0,1,0
2323.68,8,2,0,24.53,886,1909,5,397.44,0,0,0,0.329,5.83194458387712,0,0.5,0.0,1,0,0
619.71,15,4,0,28.49,537,2383,4,3786.43,2,0,0,0.126,0.16362282603242834,0,0.4,0.4,0,1,0
246.32,5,4,0,46.74,1136,271,1,789.69,2,1,0,0.123,0.31152537656983137,1,0.1,0.4,1,0,0
5929.64,1,6,1,6.46,536,244,4,1764.83,1,0,0,0.277,3.3579902935163637,1,0.4,0.2,0,1,0
2188.28,3,0,0,33.51,764,1017,4,1595.05,1,0,0,0.272,1.3710598038908557,1,0.4,0.2,1,0,0
1140.32,1,3,0,99.96,76,1126,0,6703.02,0,0,1,0.203,0.17009495795060275,1,0.0,0.0,1,0,0
2894.11,16,2,0,19.13,219,1785,3,1448.78,1,0,0,0.065,1.9962408089503236,0,0.3,0.2,1,0,0
311.16,16,1,0,10.49,1403,2406,4,1356.76,0,0,0,0.177,0.22917157671458877,0,0.4,0.0,0,1,0
1340.73,16,5,1,57.37,1044,2353,1,2742.13,0,0,0,0.142,0.4887591911429644,0,0.1,0.0,0,0,1
2685.98,19,0,0,31.41,217,1788,4,1315.29,0,0,1,0.506,2.0405685677168406,0,0.4,0.0,0,1,0
3092.54,21,6,1,9.39,688,2355,5,3183.64,0,0,0,0.186,0.971079933681672,0,0.5,0.0,1,0,0
6474.8,4,4,0,40.29,11,2348,2,1514.6,2,0,0,0.749,4.272103457376617,1,0.2,0.4,1,0,0
891.51,9,2,0,46.19,431,1943,2,1280.0,0,0,0,0.275,0.6959484777517564,0,0.2,0.0,0,1,0
818.82,0,5,1,25.17,1274,876,4,1801.24,1,0,0,0.586,0.45433460582386365,1,0.4,0.2,0,0,1
1654.08,7,3,0,8.83,891,817,1,2200.19,0,0,0,0.194,0.7514480803565343,0,0.1,0.0,0,1,0
1158.87,17,3,0,57.23,232,233,0,2129.04,0,0,0,0.3,0.5440602054421513,0,0.0,0.0,0,0,1
2471.43,13,6,1,11.51,815,499,3,973.46,0,1,0,0.503,2.536204667200295,0,0.3,0.0,0,1,0
1026.68,18,0,0,28.02,1376,871,3,847.41,2,0,0,0.134,1.210122464374536,0,0.3,0.4,1,0,0
331.96,10,2,0,12.77,222,1321,2,1045.31,0,0,0,0.15,0.3172673490648087,0,0.2,0.0,0,1,0
4470.88,9,3,0,56.0,501,364,4,3995.67,1,0,0,0.128,1.1186512771882593,0,0.4,0.2,0,0,1
2858.78,3,4,0,53.46,1050,1534,2,3247.58,1,1,0,0.148,0.8800091116734081,1,0.2,0.2,0,0,1
220.59,1,2,0,27.3,272,581,2,2748.36,0,0,0,0.361,0.08023321791253236,1,0.2,0.0,0,1,0
174.0,15,1,0,51.3,1394,2234,3,1057.29,1,1,0,0.229,0.1644161808200021,0,0.3,0.2,1,0,0
10393.07,3,5,1,59.04,673,2005,2,1136.95,0,0,0,0.295,9.133151720198603,1,0.2,0.0,0,0,1
1431.22,12,0,0,25.43,514,2138,2,491.59,0,0,0,0.229,2.9054995026289614,0,0.2,0.0,1,0,0
1428.13,22,2,0,7.75,1265,554,5,3381.85,1,0,1,0.075,0.4221676988338236,0,0.5,0.2,0,0,1
727.3,9,4,0,17.63,982,264,3,531.26,0,0,0,0.077,1.36643745537895,0,0.3,0.0,0,1,0
516.43,18,1,0,35.47,507,563,2,1616.75,0,0,0,0.156,0.31922732189769737,0,0.2,0.0,0,0,1
260.29,22,2,0,16.99,39,677,2,2627.36,0,0,0,0.402,0.09903133512912995,0,0.2,0.0,0,1,0
5016.26,19,6,1,16.53,1409,2307,0,2802.28,0,1,0,0.53,1.7894252447133359,0,0.0,0.0,0,1,0
1618.0,13,6,1,0.54,1376,1848,4,548.58,0,0,0,0.285,2.9440663779613523,0,0.4,0.0,0,0,1
5673.35,21,1,0,9.56,592,1153,5,1638.83,0,0,0,0.073,3.4597183854423936,0,0.5,0.0,1,0,0
1048.43,2,5,1,7.15,1405,2210,6,2477.68,0,0,1,0.249,0.4229791663304663,1,0.6,0.0,0,1,0
795.67,15,5,1,43.37,110,326,5,643.29,1,0,0,0.579,1.234956308494622,0,0.5,0.2,0,0,1
2703.82,5,4,0,13.28,888,961,0,889.13,1,0,0,0.355,3.037556311999371,1,0.0,0.2,0,0,1
2385.62,0,2,0,91.63,1398,1194,4,793.89,2,0,0,0.182,3.0011951339179004,1,0.4,0.4,0,0,1
3115.99,0,6,1,8.01,1395,1648,1,798.43,1,0,0,0.304,3.8977646573183393,1,0.1,0.2,1,0,0
5217.14,7,3,0,37.53,456,2211,4,476.84,0,1,0,0.196,10.918173447178972,0,0.4,0.0,1,0,0
578.0,17,0,0,30.34,604,205,1,1027.64,0,0,0,0.272,0.5619069839788458,0,0.1,0.0,0,0,1
1999.28,2,0,0,66.95,52,121,2,2302.17,0,0,0,0.446,0.8680557666173143,1,0.2,0.0,0,0,1
725.14,19,3,0,0.57,221,1288,1,4600.99,0,0,0,0.265,0.15757096386563205,0,0.1,0.0,0,0,1
5679.5,4,5,1,4.29,1337,608,4,602.09,0,0,1,0.182,9.41733406290935,1,0.4,0.0,1,0,0
6557.9,10,3,0,31.15,441,298,2,2232.9,0,0,0,0.28,2.935628273423161,0,0.2,0.0,0,1,0
1241.67,0,6,1,0.68,1187,1718,2,2466.02,0,0,0,0.402,0.5033076343118419,1,0.2,0.0,0,0,1
1205.9,18,0,0,25.29,1428,1824,3,2208.56,0,0,0,0.37,0.5457647676460472,0,0.3,0.0,0,0,1
1505.84,20,2,0,24.35,1054,692,3,1105.25,0,0,0,0.386,1.3612112994350283,0,0.3,0.0,0,1,0
332.47,6,2,0,25.48,388,1141,1,656.31,0,0,0,0.544,0.5058039585583668,0,0.1,0.0,0,1,0
494.28,14,5,1,22.17,774,282,4,1233.78,0,0,1,0.226,0.4002980287986524,0,0.4,0.0,0,0,1
1317.17,18,4,0,59.18,1101,774,2,2726.29,0,0,0,0.151,0.482959274591261,0,0.2,0.0,0,1,0
1753.26,1,6,1,1.01,639,1514,1,1460.33,0,0,0,0.491,1.199770072468231,1,0.1,0.0,0,1,0
1165.88,4,3,0,47.89,598,2167,3,1123.2,0,0,0,0.366,1.0370752535136096,1,0.3,0.0,1,0,0
2499.89,0,1,0,29.0,538,875,2,1626.6,0,0,1,0.295,1.535936347997051,1,0.2,0.0,0,1,0
1395.04,9,2,0,18.55,317,1659,1,795.04,0,0,0,0.455,1.7524747500125621,0,0.1,0.0,1,0,0
5131.62,5,3,0,56.53,1297,1719,4,713.18,1,0,0,0.406,7.1853314290515,1,0.4,0.2,1,0,0
990.61,15,5,1,67.1,659,2102,5,672.67,1,0,0,0.229,1.4704677364288155,0,0.5,0.2,1,0,0
3458.09,9,5,1,3.7,560,2056,3,2195.57,1,0,0,0.119,1.5743135889136244,0,0.3,0.2,1,0,0
2333.81,20,5,1,42.65,1187,486,5,395.27,0,0,1,0.557,5.889444065914654,0,0.5,0.0,1,0,0
209.6,0,6,1,51.29,1124,2388,4,1286.6,0,0,0,0.811,0.16278347312830072,1,0.4,0.0,0,1,0
2991.24,11,1,0,13.72,1149,326,1,1845.12,1,0,0,0.466,1.6202847052195957,0,0.1,0.2,1,0,0
991.5,2,6,1,35.68,250,1921,2,1724.46,1,0,0,0.335,0.5746293741958666,1,0.2,0.2,0,1,0
3762.11,15,5,1,11.66,466,1385,0,585.91,0,0,0,0.51,6.4100287948748536,0,0.0,0.0,0,1,0
2175.73,3,0,0,24.41,1003,1067,4,1057.91,0,0,0,0.4,2.0546883115656662,1,0.4,0.0,0,1,0
794.97,15,4,0,8.39,1445,877,4,2980.58,0,0,0,0.276,0.2666270903346548,0,0.4,0.0,0,1,0
906.78,9,6,1,69.09,1023,1312,4,1302.63,0,0,0,0.303,0.6955808013009825,0,0.4,0.0,0,1,0
6166.06,2,0,0,64.87,638,1549,1,2550.31,1,0,0,0.387,2.4168211624616376,1,0.1,0.2,1,0,0
155.72,6,2,0,1.61,1456,345,2,1418.31,0,0,0,0.569,0.10971528418738684,0,0.2,0.0,0,0,1
1289.99,17,0,0,7.32,996,1371,4,4775.17,1,0,0,0.451,0.270088794996828,0,0.4,0.2,0,0,1
1149.03,17,0,0,11.22,1199,2363,2,911.15,0,0,0,0.539,1.2596941292550567,0,0.2,0.0,0,0,1
501.13,0,4,0,13.74,173,1474,2,4228.36,0,0,0,0.283,0.11848837649195151,1,0.2,0.0,1,0,0
1779.38,11,4,0,12.33,1448,1868,2,1153.65,0,0,0,0.465,1.5410557311739488,0,0.2,0.0,0,1,0
384.87,7,6,1,27.84,1079,594,5,530.58,0,0,0,0.52,0.7240114376011136,0,0.5,0.0,1,0,0
1938.8,3,6,1,1.56,1304,2403,5,1155.77,0,0,0,0.312,1.6760462321809868,1,0.5,0.0,0,1,0
1304.06,3,0,0,57.18,601,971,4,2121.56,1,0,0,0.801,0.6143807477762702,1,0.4,0.2,0,1,0
336.22,17,0,0,5.44,797,334,2,1818.41,0,0,0,0.341,0.18479617018703867,0,0.2,0.0,0,1,0
996.01,14,4,0,2.81,1422,1478,2,2091.03,0,0,0,0.172,0.47609737910068206,0,0.2,0.0,0,0,1
266.77,18,1,0,77.65,892,158,1,2718.33,1,0,0,0.328,0.09810137055818896,0,0.1,0.2,0,0,1
3238.29,7,6,1,3.17,615,1802,1,917.72,2,0,0,0.189,3.5247844827586206,0,0.1,0.4,1,0,0
6680.28,22,1,0,16.55,489,1363,4,1839.45,0,0,0,0.166,3.6296992583335594,0,0.4,0.0,0,0,1
14817.97,7,4,0,40.79,949,814,4,2951.87,1,0,0,0.122,5.018158605018169,0,0.4,0.2,0,1,0
366.76,0,6,1,5.86,120,1869,1,3713.68,0,1,0,0.356,0.09873259607826246,1,0.1,0.0,1,0,0
12739.59,12,3,0,8.05,783,46,1,1855.72,0,0,1,0.458,6.861341505450472,0,0.1,0.0,0,1,0
1149.17,15,0,0,0.79,576,462,3,2512.81,1,1,0,0.097,0.45714274348498896,0,0.3,0.2,1,0,0
887.39,13,4,0,46.96,376,2499,6,561.85,0,0,0,0.356,1.576601225903882,0,0.6,0.0,1,0,0
1995.58,21,0,0,4.72,1146,1859,1,851.31,0,0,0,0.162,2.3413781370628057,0,0.1,0.0,0,0,1
1134.21,19,4,0,36.17,1385,2109,1,1254.85,1,0,1,0.262,0.9031412987219812,0,0.1,0.2,0,1,0
1954.62,1,5,1,19.56,850,570,2,1986.92,2,1,0,0.433,0.9832488228902571,1,0.2,0.4,0,1,0
1762.89,3,0,0,12.08,1046,1598,2,648.65,1,0,0,0.291,2.7135996305703074,1,0.2,0.2,1,0,0
2977.99,16,1,0,24.79,1083,1204,1,3959.23,0,0,0,0.344,0.7519740015100133,0,0.1,0.0,0,1,0
2326.37,13,5,1,44.98,810,1119,3,1903.83,0,0,1,0.193,1.221300588503961,0,0.3,0.0,1,0,0
673.85,6,0,0,33.76,849,1190,7,633.36,0,1,0,0.613,1.06225171826723,0,0.7,0.0,1,0,0
1053.11,8,0,0,20.03,915,1160,2,1307.95,0,0,0,0.45,0.8045456281752549,0,0.2,0.0,0,0,1
533.01,16,6,1,78.91,398,2413,4,2147.31,0,0,0,0.193,0.24810665127472292,0,0.4,0.0,0,1,0
2038.25,12,2,0,9.36,785,1023,2,803.87,1,0,0,0.245,2.532396536086573,0,0.2,0.2,0,0,1
809.25,1,0,0,3.92,702,1557,8,1206.78,0,0,1,0.207,0.6700309659043866,1,0.8,0.0,0,1,0
1126.15,1,4,0,1.12,1217,1579,2,796.57,1,0,0,0.15,1.4119763782489312,1,0.2,0.2,0,1,0
324.6,8,6,1,2.56,1054,1440,4,1288.03,0,0,0,0.422,0.2518172579381395,0,0.4,0.0,0,1,0
1273.5,22,0,0,37.66,130,1339,1,2649.22,0,0,0,0.104,0.4805261449992831,0,0.1,0.0,1,0,0
11625.11,9,3,0,5.53,1325,949,1,11993.75,0,0,0,0.034,0.9691831843098022,0,0.1,0.0,0,1,0
909.72,5,3,0,58.24,90,1426,4,817.66,1,0,0,0.437,1.1112305474800284,1,0.4,0.2,0,1,0
8867.02,16,1,0,23.7,1020,401,3,2919.88,1,0,0,0.291,3.035735805647613,0,0.3,0.2,0,0,1
5030.21,0,2,0,44.4,1045,1236,2,2137.49,0,0,0,0.333,2.3522251682261786,1,0.2,0.0,1,0,0
6649.97,8,0,0,39.68,398,48,5,1563.64,1,0,0,0.339,4.250159781163718,0,0.5,0.2,0,0,1
3741.11,15,2,0,10.47,813,1928,3,812.08,1,1,0,0.093,4.60115855758351,0,0.3,0.2,0,0,1
3225.26,1,6,1,11.74,266,2399,4,4416.07,0,0,0,0.225,0.7301808665020025,1,0.4,0.0,0,1,0
4198.16,17,3,0,16.54,461,2107,7,1333.55,0,0,0,0.502,3.145749503577985,0,0.7,0.0,1,0,0
1951.5,20,3,0,23.97,446,1901,2,964.09,0,1,0,0.235,2.022091203929167,0,0.2,0.0,0,1,0
6233.32,19,3,0,24.2,1457,1512,3,1761.36,0,0,0,0.321,3.536916407544429,0,0.3,0.0,0,0,1
1238.66,14,4,0,18.35,1105,1235,2,1633.47,0,0,0,0.291,0.7578358734023873,0,0.2,0.0,0,1,0
2373.64,5,2,0,36.95,1197,61,4,980.29,1,0,0,0.512,2.418897573602095,1,0.4,0.2,1,0,0
2524.05,3,1,0,23.49,706,1789,1,785.46,1,0,0,0.261,3.209381278132391,1,0.1,0.2,1,0,0
4740.23,5,5,1,30.84,240,972,4,1462.03,0,0,0,0.156,3.2400087489661864,1,0.4,0.0,1,0,0
1729.14,20,1,0,51.74,1041,1255,1,2182.02,0,1,0,0.559,0.7920861925222857,0,0.1,0.0,1,0,0
3102.66,10,0,0,43.25,1085,2124,4,606.65,0,0,0,0.521,5.105998518884226,0,0.4,0.0,0,1,0
499.16,14,1,0,41.78,1091,1253,1,1140.46,0,0,0,0.217,0.4372995987594835,0,0.1,0.0,0,0,1
2134.27,22,3,0,14.9,757,571,2,3952.87,0,0,0,0.191,0.5397926588380498,0,0.2,0.0,1,0,0
2610.99,2,3,0,7.82,532,390,3,1809.72,0,0,0,0.349,1.4419623133339223,1,0.3,0.0,0,0,1
997.88,8,5,1,50.1,1035,112,1,4982.08,0,0,0,0.353,0.2002536583799578,0,0.1,0.0,0,0,1
3027.45,3,0,0,68.34,447,1504,1,3756.64,0,0,0,0.329,0.8056785642051926,1,0.1,0.0,0,1,0
4123.17,21,5,1,1.65,172,1837,4,3232.89,0,0,1,0.489,1.2749877083017667,0,0.4,0.0,0,1,0
1467.88,0,5,1,8.64,271,1721,3,3025.88,0,0,0,0.184,0.4849481974838778,1,0.3,0.0,0,0,1
1067.95,7,6,1,5.75,442,237,1,2029.41,1,0,0,0.223,0.5259775119310878,0,0.1,0.2,0,0,1
2277.58,21,2,0,84.88,316,1924,3,860.53,0,0,1,0.161,2.6436456072336423,0,0.3,0.0,1,0,0
590.92,13,2,0,72.73,1161,1073,5,2584.57,0,0,1,0.09,0.2285453497681362,0,0.5,0.0,1,0,0
1265.76,10,5,1,11.9,535,1338,4,1039.93,0,0,0,0.14,1.21598954780821,0,0.4,0.0,0,1,0
1665.97,13,3,0,7.33,759,1490,2,820.01,0,0,0,0.557,2.029171386463015,0,0.2,0.0,1,0,0
429.64,19,3,0,20.6,1314,1686,0,1185.92,0,0,0,0.247,0.36197890338017724,0,0.0,0.0,0,0,1
1325.06,16,4,0,8.27,422,1329,4,2632.44,0,0,0,0.284,0.5031669603256577,0,0.4,0.0,1,0,0
1790.59,4,0,0,35.89,898,1913,1,339.08,1,1,0,0.203,5.26520230533992,1,0.1,0.2,0,0,1
1838.46,16,5,1,71.57,785,1355,4,1251.01,2,0,0,0.227,1.4684068018626049,0,0.4,0.4,0,0,1
409.62,3,6,1,74.65,748,244,1,760.02,0,0,0,0.247,0.5382512943155239,1,0.1,0.0,0,0,1
6441.61,1,2,0,18.65,1135,630,3,905.86,0,0,0,0.236,7.1032022583419705,1,0.3,0.0,0,0,1
5308.15,9,1,0,11.88,423,1619,1,1356.55,1,0,0,0.173,3.910095392434901,0,0.1,0.2,0,0,1
4400.88,2,3,0,13.37,230,508,5,2128.45,1,0,1,0.122,2.0666744934137924,1,0.5,0.2,0,1,0
5986.15,2,0,0,10.92,532,1481,1,1673.4,1,0,0,0.632,3.5751015289058765,1,0.1,0.2,0,0,1
1134.06,4,0,0,52.23,722,1615,3,2355.8,0,0,1,0.215,0.4811863543788187,1,0.3,0.0,1,0,0
19588.95,14,0,0,58.39,881,646,1,857.03,0,1,0,0.174,22.830145799097934,0,0.1,0.0,1,0,0
6392.1,8,4,0,51.84,919,859,1,861.76,0,0,0,0.44,7.408897028142242,0,0.1,0.0,0,0,1
3378.95,21,2,0,1.31,1220,2053,3,402.29,0,0,0,0.355,8.378462148825905,0,0.3,0.0,0,0,1
829.62,16,1,0,28.8,1009,2074,1,4177.48,0,0,0,0.279,0.19854588271333118,0,0.1,0.0,0,0,1
454.13,7,1,0,20.85,360,1969,3,1761.84,0,0,0,0.049,0.25761271584488665,0,0.3,0.0,1,0,0
3014.32,9,1,0,30.64,647,2469,4,752.55,0,0,0,0.071,4.000159246234491,0,0.4,0.0,0,0,1
795.05,17,3,0,34.39,898,1181,7,2044.86,1,0,1,0.025,0.3886140791647522,0,0.7,0.2,0,0,1
3150.27,20,2,0,3.51,993,2168,2,1410.68,0,0,0,0.333,2.2315751445086702,0,0.2,0.0,0,0,1
576.59,21,2,0,53.17,165,1036,3,1723.12,0,1,0,0.279,0.33442567802705153,0,0.3,0.0,1,0,0
2713.57,11,2,0,11.43,803,208,3,1429.1,0,0,0,0.478,1.8974687084819246,0,0.3,0.0,0,1,0
3893.17,15,2,0,28.24,709,423,4,2331.42,1,0,1,0.116,1.6691547834438052,0,0.4,0.2,0,1,0
2795.7,22,2,0,20.43,168,1993,3,2169.61,0,0,0,0.414,1.287978955224568,0,0.3,0.0,0,0,1
249.15,22,2,0,10.54,1496,1928,0,1515.8,2,0,0,0.337,0.16426028481012658,0,0.0,0.4,0,0,1
1342.2,23,0,0,39.09,884,1148,1,2470.6,0,0,0,0.229,0.5430490370610132,1,0.1,0.0,1,0,0
1178.77,19,5,1,32.06,731,1872,6,1042.72,1,0,0,0.673,1.1293929406354195,0,0.6,0.2,0,0,1
759.06,15,5,1,0.01,427,1990,3,6392.55,0,0,0,0.279,0.11872277529697897,0,0.3,0.0,0,0,1
6411.43,18,3,0,62.97,807,1077,2,2101.8,0,0,0,0.217,3.048996575993913,0,0.2,0.0,0,1,0
601.74,8,2,0,35.51,622,75,3,3830.93,0,0,0,0.071,0.1570331399581934,0,0.3,0.0,0,1,0
2119.96,5,0,0,78.68,32,1935,5,2305.69,1,1,0,0.383,0.9190485067347585,1,0.5,0.2,0,1,0
431.62,15,4,0,31.78,1103,1717,3,1842.56,0,0,0,0.632,0.23412310963570485,0,0.3,0.0,1,0,0
1319.08,22,6,1,43.49,950,1166,2,5258.71,1,0,0,0.414,0.2507894921963378,0,0.2,0.2,0,1,0
2266.4,23,2,0,3.98,757,197,3,2895.9,0,0,0,0.189,0.7823535503469226,1,0.3,0.0,1,0,0
1177.47,0,3,0,68.52,794,214,3,2478.53,0,0,0,0.559,0.47487628703826934,1,0.3,0.0,0,0,1
1288.06,11,1,0,13.99,912,1567,1,2133.55,0,0,1,0.169,0.6034339790588179,0,0.1,0.0,0,1,0
478.67,18,1,0,19.18,264,1095,2,1091.13,0,0,0,0.304,0.43829031342422603,0,0.2,0.0,1,0,0
2003.44,18,3,0,5.21,523,171,3,1998.78,1,0,0,0.353,1.0018302013221454,0,0.3,0.2,1,0,0
222.19,13,3,0,6.51,1343,1296,4,1534.96,2,0,0,0.399,0.14465871507070496,0,0.4,0.4,0,0,1
1740.77,6,1,0,8.82,281,560,2,2776.86,0,0,1,0.34,0.6266586509039332,0,0.2,0.0,1,0,0
7550.23,16,4,0,4.46,265,825,3,1643.5,1,0,0,0.328,4.591200972940103,0,0.3,0.2,0,1,0
7174.97,2,1,0,21.51,67,2282,4,752.32,0,0,0,0.346,9.524465034779377,1,0.4,0.0,1,0,0
6492.97,2,1,0,30.07,272,231,4,1544.02,1,1,0,0.275,4.202515177797052,1,0.4,0.2,0,1,0
792.22,22,4,0,23.18,1483,1526,2,2378.45,1,0,0,0.354,0.33294248670911347,0,0.2,0.2,0,1,0
2689.46,4,2,0,33.59,1024,1064,5,1695.24,0,0,0,0.393,1.5855421402631704,1,0.5,0.0,0,1,0
1988.92,2,6,1,8.53,512,1108,2,1502.33,1,0,1,0.298,1.3230095853871073,1,0.2,0.2,0,0,1
1271.27,6,0,0,5.35,1183,761,2,339.93,0,0,0,0.36,3.728829965095474,0,0.2,0.0,0,0,1
2133.08,19,1,0,37.34,273,2260,5,5137.07,0,0,0,0.22,0.41515199286891774,0,0.5,0.0,0,0,1
1582.38,14,1,0,66.06,1484,895,1,469.31,1,0,0,0.061,3.364546788288576,0,0.1,0.2,0,1,0
848.22,19,5,1,6.42,264,1900,2,3409.35,0,0,0,0.063,0.24871933965721996,0,0.2,0.0,0,0,1
906.75,2,4,0,1.96,223,1125,2,6571.82,0,1,0,0.166,0.13795448528941917,1,0.2,0.0,1,0,0
4711.06,12,2,0,16.38,307,984,3,935.46,0,0,0,0.611,5.030711402515858,0,0.3,0.0,0,0,1
4255.4,14,6,1,13.09,114,2189,1,1138.18,2,1,1,0.303,3.7354939517898833,0,0.1,0.4,0,0,1
351.85,12,6,1,17.8,38,1385,0,1694.3,2,0,0,0.169,0.20754438742405476,0,0.0,0.4,0,1,0
3763.57,21,4,0,47.73,1,786,1,724.49,0,0,0,0.184,5.187624915574301,0,0.1,0.0,1,0,0
2162.84,4,2,0,25.8,652,1375,2,676.45,0,0,0,0.386,3.19261938150417,1,0.2,0.0,0,1,0
7436.34,9,3,0,53.79,77,583,2,2643.24,0,1,0,0.038,2.8122787644086773,0,0.2,0.0,0,1,0
1298.62,4,2,0,26.45,499,1569,7,895.55,0,0,0,0.174,1.4484635547376052,1,0.7,0.0,1,0,0
4602.87,22,6,1,39.45,34,80,1,1668.01,0,0,0,0.174,2.757844470674232,0,0.1,0.0,0,1,0
302.1,14,1,0,30.03,532,2295,4,682.24,0,0,0,0.306,0.4421579532814238,0,0.4,0.0,1,0,0
350.12,13,3,0,41.31,1008,594,3,2025.14,2,0,0,0.097,0.17280148459632602,0,0.3,0.4,0,0,1
845.23,9,3,0,9.39,226,138,3,2071.59,1,0,0,0.534,0.40781341220405387,0,0.3,0.2,0,0,1
2440.48,23,6,1,36.43,1317,594,7,1275.13,0,0,0,0.644,1.912407043169583,1,0.7,0.0,0,0,1
541.78,22,5,1,8.24,949,182,2,798.05,0,0,0,0.156,0.678030160815969,0,0.2,0.0,1,0,0
946.62,23,5,1,10.64,870,238,6,2472.8,1,0,0,0.173,0.3826582585495998,1,0.6,0.2,0,0,1
366.18,9,2,0,32.96,827,1184,2,930.77,0,0,0,0.23,0.39299397920087575,0,0.2,0.0,1,0,0
676.79,13,2,0,44.13,10,1043,8,1363.78,1,0,0,0.214,0.4958967745717258,0,0.8,0.2,0,1,0
659.95,22,1,0,5.03,485,404,1,1808.55,1,0,0,0.282,0.3647039319167749,0,0.1,0.2,0,1,0
1805.96,5,0,0,47.96,903,1856,7,1654.13,0,0,0,0.046,1.0911287935086669,1,0.7,0.0,0,1,0
11435.97,19,4,0,31.91,393,2026,4,3993.31,0,0,0,0.508,2.863065210261597,0,0.4,0.0,0,1,0
24211.19,15,3,0,59.33,197,561,0,2148.56,0,0,0,0.225,11.263323656934443,0,0.0,0.0,1,0,0
7192.81,12,1,0,35.53,131,240,1,1553.96,0,0,0,0.536,4.6257202757627205,0,0.1,0.0,0,0,1
2832.52,18,5,1,40.4,1030,1487,4,998.89,1,0,0,0.451,2.8328316114772627,0,0.4,0.2,0,0,1
922.19,8,3,0,15.65,657,735,1,664.81,1,0,0,0.19,1.3850648082786383,0,0.1,0.2,1,0,0
2274.48,13,2,0,83.76,1342,1269,1,1224.57,0,0,1,0.365,1.8558548267336832,0,0.1,0.0,1,0,0
3773.72,21,4,0,15.68,1237,371,5,2232.36,0,0,0,0.54,1.6897051975498798,0,0.5,0.0,1,0,0
914.52,11,0,0,85.1,963,1281,2,1826.65,0,0,1,0.074,0.5003802697453013,0,0.2,0.0,1,0,0
1731.37,13,2,0,36.03,228,1014,5,1854.33,0,0,0,0.616,0.9331870880112971,0,0.5,0.0,0,0,1
1421.25,15,6,1,4.05,326,1960,3,867.18,0,0,0,0.079,1.637045313183902,0,0.3,0.0,0,1,0
1774.76,13,5,1,62.84,822,284,4,634.64,0,0,0,0.397,2.792083569315965,0,0.4,0.0,0,1,0
2629.43,0,6,1,4.21,1232,1493,2,890.66,0,0,1,0.139,2.9489155059103247,1,0.2,0.0,0,0,1
554.16,18,3,0,7.76,1292,2161,1,3836.53,1,0,0,0.111,0.14440538575594195,0,0.1,0.2,0,1,0
555.95,16,0,0,46.09,825,1204,4,656.9,0,0,0,0.129,0.8450372397020824,0,0.4,0.0,0,1,0
5252.0,15,5,1,14.95,211,1155,2,2248.18,0,0,0,0.558,2.3350732266870593,0,0.2,0.0,0,0,1
1091.52,17,4,0,28.05,1222,1019,2,2400.23,1,0,0,0.093,0.4545670343948726,0,0.2,0.2,0,1,0
553.13,11,3,0,13.24,55,1052,4,1414.81,0,0,0,0.342,0.3906809529527267,0,0.4,0.0,0,0,1
7096.57,9,3,0,51.93,587,810,3,1808.49,0,0,0,0.122,3.9218619611050625,0,0.3,0.0,0,0,1
3453.37,5,6,1,7.36,287,306,3,575.1,0,1,0,0.154,5.99439333449054,1,0.3,0.0,1,0,0
2177.98,9,5,1,30.62,1141,1142,1,1277.1,2,0,0,0.413,1.7040763633518505,0,0.1,0.4,0,0,1
1244.98,4,1,0,4.93,57,1475,2,1661.94,2,0,0,0.295,0.748662008250448,1,0.2,0.4,1,0,0
2694.34,18,2,0,63.44,460,1827,5,1743.46,0,0,0,0.503,1.5445123419281612,0,0.5,0.0,0,0,1
7785.98,7,1,0,4.43,1234,1639,1,1255.89,0,0,0,0.219,6.194639149010652,0,0.1,0.0,0,1,0
1698.31,18,5,1,16.34,208,2428,3,2366.13,0,0,0,0.063,0.7174553150862014,0,0.3,0.0,0,0,1
1647.18,9,6,1,52.21,1226,1870,2,786.87,0,0,0,0.166,2.090674857527257,0,0.2,0.0,0,1,0
644.19,1,5,1,58.98,566,1046,6,845.41,1,1,0,0.272,0.7610850533429426,1,0.6,0.2,0,0,1
1885.75,17,4,0,82.81,555,1097,5,3594.09,1,0,1,0.369,0.5245348517005137,0,0.5,0.2,1,0,0
4650.87,22,3,0,44.77,1206,1471,1,2313.38,0,0,0,0.154,2.0095533144945947,0,0.1,0.0,1,0,0
422.72,20,2,0,17.62,926,1045,3,2064.06,0,1,0,0.352,0.20470107406080212,0,0.3,0.0,0,1,0
626.51,10,3,0,29.77,1487,341,5,4024.2,0,0,0,0.863,0.1556469243764285,0,0.5,0.0,1,0,0
3484.73,0,1,0,1.89,1238,1832,2,520.75,1,0,0,0.094,6.678926689027312,1,0.2,0.2,0,1,0
10841.89,16,1,0,13.48,1025,2297,2,2133.31,0,0,0,0.472,5.07981033683017,0,0.2,0.0,0,1,0
5879.92,19,6,1,31.3,396,333,3,1980.41,3,0,0,0.622,2.9675433151139843,0,0.3,0.6,0,0,1
177.67,2,4,0,0.97,1213,1602,3,3378.31,0,1,0,0.276,0.052575821691410375,1,0.3,0.0,0,0,1
1931.43,17,1,0,3.45,64,724,3,1753.91,1,0,0,0.066,1.1005863548558046,0,0.3,0.2,1,0,0
1342.32,1,0,0,24.38,1355,1570,1,2410.22,1,0,0,0.495,0.5566974394704756,1,0.1,0.2,0,0,1
1076.74,4,0,0,8.04,763,54,3,11375.46,0,0,0,0.236,0.0946463135281098,1,0.3,0.0,0,0,1
436.35,11,3,0,32.89,1194,773,4,1605.41,0,0,0,0.348,0.2716305301884326,0,0.4,0.0,0,1,0
885.79,6,2,0,20.96,474,507,5,261.27,0,0,0,0.46,3.3773973386205056,0,0.5,0.0,1,0,0
5106.02,19,0,0,47.03,1302,1946,4,831.73,0,0,0,0.113,6.131663324246755,0,0.4,0.0,0,1,0
2280.24,15,6,1,41.94,147,1817,2,3787.41,1,0,0,0.143,0.6018989496912952,0,0.2,0.2,0,1,0
863.3,23,2,0,53.58,405,243,1,670.53,1,0,0,0.103,1.2855717540541747,1,0.1,0.2,0,1,0
1071.43,7,0,0,50.83,237,1439,2,1329.17,0,0,0,0.145,0.8054835096265891,0,0.2,0.0,0,0,1
1614.05,5,3,0,63.95,137,282,5,3215.73,1,0,0,0.169,0.5017673227159258,1,0.5,0.2,1,0,0
649.68,0,5,1,76.01,761,1485,2,561.25,0,0,0,0.531,1.1555002223210316,1,0.2,0.0,1,0,0
3990.33,12,1,0,32.13,1060,1575,4,384.36,0,0,0,0.118,10.35481108573801,0,0.4,0.0,1,0,0
604.38,10,1,0,35.57,555,164,2,1981.59,0,1,0,0.08,0.3048436640959553,0,0.2,0.0,1,0,0
1799.79,7,6,1,8.9,751,2236,2,1753.93,1,0,0,0.161,1.0255622731390994,0,0.2,0.2,0,1,0
4767.89,13,2,0,44.59,403,811,4,2383.55,0,0,0,0.156,1.9994925667316685,0,0.4,0.0,0,1,0
2061.12,18,6,1,1.83,594,1211,2,2136.78,0,0,0,0.453,0.9641403699164552,0,0.2,0.0,0,1,0
7095.99,20,6,1,18.2,1059,1538,2,1663.23,1,0,0,0.358,4.263827716120969,0,0.2,0.2,0,0,1
1532.23,15,2,0,40.77,672,1412,3,701.14,0,0,0,0.124,2.182228615375851,0,0.3,0.0,0,0,1
1717.29,20,5,1,6.38,1066,2155,0,3268.12,1,0,0,0.254,0.5253065045027409,0,0.0,0.2,0,0,1
1289.85,22,5,1,25.92,405,1693,3,5910.83,0,0,0,0.384,0.2181811723273504,0,0.3,0.0,0,1,0
667.52,23,1,0,22.91,119,1372,6,1164.94,0,0,0,0.068,0.5725165960512547,1,0.6,0.0,0,1,0
525.1,21,1,0,49.59,608,409,3,1979.03,0,0,0,0.352,0.265198002050474,0,0.3,0.0,0,0,1
1572.9,13,1,0,13.15,362,1949,5,2445.77,1,0,0,0.077,0.6428475091651443,0,0.5,0.2,0,0,1
2934.99,3,5,1,30.79,551,1610,2,1610.33,0,0,0,0.014,1.8214704622889166,1,0.2,0.0,1,0,0
604.72,22,5,1,26.76,1228,1858,0,1899.83,0,0,0,0.533,0.31813470957423867,0,0.0,0.0,0,1,0
1002.0,11,5,1,79.36,976,2302,1,956.83,0,0,0,0.649,1.0461146550014093,0,0.1,0.0,0,0,1
2897.53,14,6,1,9.29,671,2294,9,907.77,0,0,0,0.108,3.188408508203396,0,0.9,0.0,0,0,1
787.14,7,5,1,9.63,1042,1573,1,1283.47,0,0,0,0.15,0.6128130668680467,0,0.1,0.0,0,0,1
910.63,9,0,0,55.96,702,845,4,1599.74,0,0,1,0.062,0.56888064270275,0,0.4,0.0,0,1,0
3964.3,6,2,0,34.0,680,1473,0,3646.38,0,0,0,0.247,1.0868897674495117,0,0.0,0.0,0,1,0
863.64,4,3,0,26.36,1368,401,2,557.17,0,0,0,0.425,1.5472705448160955,1,0.2,0.0,0,1,0
834.02,1,4,0,19.77,852,575,5,4154.75,0,0,0,0.382,0.20069060939661915,1,0.5,0.0,0,1,0
4040.05,0,2,0,4.79,1068,94,3,1365.43,0,0,0,0.516,2.9566461509188176,1,0.3,0.0,0,0,1
1582.22,21,2,0,34.79,575,1956,2,3276.92,0,0,0,0.024,0.48269024259286375,0,0.2,0.0,0,1,0
6115.65,10,6,1,43.87,231,837,5,2305.29,1,0,0,0.421,2.65172636572157,0,0.5,0.2,1,0,0
17352.55,0,2,0,16.18,8,612,3,2620.75,0,0,0,0.204,6.618689806427005,1,0.3,0.0,0,1,0
4850.15,0,3,0,28.83,464,2317,2,749.85,0,1,0,0.245,6.459545848038888,1,0.2,0.0,0,1,0
3755.37,6,0,0,19.4,1111,64,1,1778.73,0,0,0,0.543,2.1100784950526204,0,0.1,0.0,0,0,1
4051.12,3,3,0,74.14,676,1889,5,1135.08,1,0,0,0.863,3.5658756425603833,1,0.5,0.2,0,1,0
638.32,4,2,0,50.78,1145,1525,1,628.56,0,0,0,0.114,1.0139144799542539,1,0.1,0.0,1,0,0
11372.03,18,6,1,9.34,596,1526,7,531.51,0,0,1,0.106,21.35552383992789,0,0.7,0.0,0,0,1
4365.31,23,0,0,46.07,600,1620,2,1315.76,0,0,0,0.15,3.3151903156231968,1,0.2,0.0,0,0,1
11212.05,18,1,0,60.12,1418,2088,3,1916.37,0,0,0,0.426,5.847619395317544,0,0.3,0.0,0,1,0
19943.36,9,0,0,41.2,104,2047,2,1426.78,0,0,0,0.309,13.96809032203841,0,0.2,0.0,0,0,1
731.16,4,2,0,53.48,721,800,4,1676.58,0,0,0,0.407,0.43584210589062816,1,0.4,0.0,1,0,0
7259.45,17,6,1,24.11,396,1708,2,1776.45,0,0,0,0.579,4.084193648203887,0,0.2,0.0,1,0,0
6709.16,1,5,1,36.14,793,1708,4,1048.31,1,1,0,0.246,6.393877881655564,1,0.4,0.2,0,1,0
2027.64,1,4,0,7.04,1025,671,3,3849.81,1,0,0,0.382,0.5265489598292308,1,0.3,0.2,0,0,1
1018.88,5,3,0,37.02,1243,2102,8,1507.84,0,0,0,0.197,0.6752737202089022,1,0.8,0.0,0,0,1
1959.2,2,6,1,16.88,801,495,4,3805.89,0,0,0,0.102,0.5146458132491352,1,0.4,0.0,0,1,0
3014.75,6,3,0,72.96,1411,2398,4,1548.13,2,0,0,0.1,1.946092322787629,0,0.4,0.4,1,0,0
9421.01,4,5,1,28.23,134,1822,3,1463.59,1,0,1,0.387,6.432523777985648,1,0.3,0.2,0,1,0
7314.24,16,0,0,0.93,1299,1892,4,1855.56,1,0,0,0.334,3.9396733744128927,0,0.4,0.2,0,1,0
2773.26,13,1,0,59.87,163,87,3,1549.5,0,0,0,0.125,1.7886230248307,0,0.3,0.0,0,1,0
1036.18,2,0,0,12.0,794,234,5,1541.76,0,0,1,0.224,0.6716404366200835,1,0.5,0.0,1,0,0
308.26,22,1,0,55.17,174,418,2,2129.1,0,0,1,0.729,0.14471621050654898,0,0.2,0.0,1,0,0
504.25,13,4,0,71.44,522,1895,3,2340.1,0,0,0,0.542,0.21539020118747598,0,0.3,0.0,0,0,1
1123.03,7,3,0,25.36,842,2485,2,1361.59,0,0,0,0.172,0.824187760074564,0,0.2,0.0,1,0,0
2058.42,9,6,1,10.09,1419,1496,3,821.23,0,0,0,0.407,2.503460102404437,0,0.3,0.0,0,1,0
1748.18,4,2,0,29.13,234,166,2,1210.19,2,0,0,0.121,1.4433573592912754,1,0.2,0.4,1,0,0
491.18,1,3,0,56.99,1418,1802,3,1917.07,0,0,0,0.428,0.2560803307491385,1,0.3,0.0,1,0,0
618.17,19,1,0,36.8,1332,1353,3,1838.6,0,0,0,0.228,0.33603500761035004,0,0.3,0.0,1,0,0
1947.14,8,6,1,77.14,1476,315,5,856.78,0,0,0,0.626,2.269975984518175,0,0.5,0.0,0,1,0
206.16,7,2,0,27.65,231,1461,4,3440.88,1,0,0,0.047,0.05989749787906609,0,0.4,0.2,1,0,0
458.27,9,6,1,36.3,741,1374,3,2372.71,0,0,0,0.215,0.1930606518909218,0,0.3,0.0,0,0,1
739.28,13,5,1,29.05,686,834,3,991.69,0,0,1,0.038,0.7447239319424996,0,0.3,0.0,1,0,0
1086.41,1,4,0,4.84,1007,398,1,1849.37,0,0,0,0.193,0.5871312224041679,1,0.1,0.0,0,1,0
3301.35,5,0,0,13.13,372,160,2,222.29,0,0,0,0.118,14.78503291683461,1,0.2,0.0,1,0,0
1592.64,1,0,0,75.13,305,2138,3,1098.32,0,0,0,0.523,1.4487501364479862,1,0.3,0.0,0,1,0
5740.5,18,0,0,7.31,278,846,3,3213.14,0,0,0,0.418,1.7860142993149024,0,0.3,0.0,0,0,1
1674.16,6,3,0,42.86,1395,185,2,742.64,0,0,0,0.064,2.2513043945995377,0,0.2,0.0,0,1,0
4840.88,3,6,1,38.74,449,1869,4,1804.03,0,0,0,0.279,2.68188340359994,1,0.4,0.0,1,0,0
2302.99,1,3,0,29.9,272,1640,1,2941.71,1,0,0,0.479,0.7826085479031232,1,0.1,0.2,1,0,0
492.84,3,5,1,28.15,96,427,2,604.92,1,0,0,0.034,0.81337470293108,1,0.2,0.2,0,0,1
545.57,14,3,0,18.29,1143,640,2,2042.09,0,0,0,0.278,0.2670317998717629,0,0.2,0.0,0,1,0
719.26,5,1,0,16.48,603,612,4,908.63,0,0,0,0.153,0.7907171047568792,1,0.4,0.0,1,0,0
5031.0,10,3,0,42.29,1298,1635,2,1348.2,1,0,0,0.181,3.728876371182923,0,0.2,0.2,0,0,1
3453.18,20,6,1,57.13,1186,1191,3,1322.34,0,0,0,0.4,2.6094427735880426,0,0.3,0.0,1,0,0
1022.43,7,2,0,25.73,909,761,4,686.5,0,0,0,0.105,1.487170909090909,0,0.4,0.0,0,0,1
4388.74,8,2,0,8.4,1409,2202,5,1546.0,1,0,0,0.028,2.836936005171299,0,0.5,0.2,1,0,0
3327.37,14,5,1,10.41,551,1738,1,2210.96,1,1,1,0.169,1.5042631873994103,0,0.1,0.2,0,0,1
1083.09,8,6,1,0.57,292,1541,6,2157.91,0,0,0,0.146,0.5016837200253832,0,0.6,0.0,1,0,0
1661.09,23,5,1,20.62,1086,2082,3,794.85,1,0,1,0.095,2.0871897970723126,1,0.3,0.2,1,0,0
650.27,8,4,0,31.64,1429,335,4,789.49,0,1,0,0.101,0.8226163518830092,0,0.4,0.0,0,0,1
5180.49,20,4,0,24.93,1371,2166,2,928.46,0,0,0,0.472,5.5736556710347935,0,0.2,0.0,0,1,0
1505.48,7,6,1,21.28,1202,1781,3,5726.77,0,0,0,0.444,0.262838766221409,0,0.3,0.0,0,0,1
325.38,6,2,0,57.4,878,199,6,1475.81,2,0,0,0.209,0.22032624372803544,0,0.6,0.4,0,0,1
161.46,8,1,0,8.75,331,1629,3,1833.63,0,0,0,0.342,0.08800684606705439,0,0.3,0.0,1,0,0
862.72,5,5,1,41.11,1407,503,3,1051.9,1,0,0,0.404,0.8193750593598632,1,0.3,0.2,1,0,0
490.5,8,1,0,23.01,1036,1362,4,3418.59,2,0,0,0.207,0.143438248444989,0,0.4,0.4,0,0,1
4381.84,22,1,0,36.11,9,208,4,1502.17,0,0,0,0.257,2.915066160181483,0,0.4,0.0,0,0,1
3532.49,16,3,0,12.13,570,1259,5,634.78,0,1,0,0.135,5.556151498946177,0,0.5,0.0,0,0,1
6321.49,16,1,0,21.03,1159,1902,3,2633.41,0,0,0,0.166,2.3995847267509616,0,0.3,0.0,1,0,0
3293.73,23,2,0,60.85,1426,2477,2,1208.67,1,0,0,0.177,2.722833500045467,1,0.2,0.2,0,0,1
2104.52,5,4,0,20.6,1201,2034,4,2084.39,1,0,0,0.125,1.0091733440747295,1,0.4,0.2,0,0,1
2468.45,5,6,1,35.93,1323,1826,3,2512.66,1,0,0,0.276,0.9820142740068267,1,0.3,0.2,1,0,0
1224.75,9,6,1,30.58,599,533,1,1308.48,0,0,0,0.371,0.9352949262302593,0,0.1,0.0,1,0,0
965.59,23,0,0,23.24,217,1992,4,2586.96,0,0,0,0.312,0.37310854881837435,1,0.4,0.0,0,1,0
3157.19,6,2,0,36.79,1245,1100,1,1202.84,1,0,0,0.187,2.622599348750665,0,0.1,0.2,0,1,0
1548.83,18,6,1,22.96,850,1243,3,830.48,1,0,1,0.272,1.8627387309376051,0,0.3,0.2,1,0,0
2090.6,7,1,0,17.6,1442,702,2,1129.62,0,0,0,0.284,1.849073959420495,0,0.2,0.0,1,0,0
1526.03,22,3,0,43.53,822,959,6,731.92,0,0,0,0.432,2.0821235605523114,0,0.6,0.0,0,0,1
770.75,4,4,0,36.19,895,552,2,878.69,0,0,0,0.256,0.8761609203242051,1,0.2,0.0,0,1,0
746.4,18,6,1,31.04,763,1597,3,972.78,0,0,0,0.199,0.7664975661853807,0,0.3,0.0,0,0,1
7208.18,17,2,0,38.82,167,766,1,1445.39,0,0,0,0.304,4.9835659815125934,0,0.1,0.0,0,0,1
22212.23,19,2,0,30.5,1408,1375,3,1306.65,0,0,0,0.372,16.986372500286773,0,0.3,0.0,1,0,0
6561.43,10,0,0,79.47,35,1506,1,1835.38,1,0,0,0.39,3.5730241017654296,0,0.1,0.2,0,0,1
1113.38,9,3,0,49.02,715,1819,4,1615.29,1,0,0,0.102,0.688849154545286,0,0.4,0.2,1,0,0
2651.95,10,0,0,28.68,774,631,0,1624.19,1,1,0,0.296,1.631778438213378,0,0.0,0.2,1,0,0
2598.83,11,5,1,1.43,522,1071,3,5511.93,0,1,0,0.578,0.4714063120699882,0,0.3,0.0,0,1,0
1299.83,11,3,0,14.62,1282,314,5,2301.4,0,0,0,0.396,0.5645543780403057,0,0.5,0.0,0,1,0
842.74,4,1,0,94.48,423,1891,2,1511.59,0,0,0,0.068,0.5571503183281656,1,0.2,0.0,0,1,0
657.94,8,4,0,29.96,578,1838,3,1883.67,0,0,0,0.328,0.34910090360646695,0,0.3,0.0,0,1,0
2758.38,20,6,1,39.27,845,1153,2,1722.02,1,0,0,0.498,1.6008984225371732,0,0.2,0.2,0,0,1
3031.72,16,3,0,25.79,645,1864,7,3109.33,0,0,0,0.359,0.9747261544594946,0,0.7,0.0,1,0,0
342.48,3,5,1,60.8,253,215,5,670.09,0,0,0,0.052,0.5103339343456168,1,0.5,0.0,1,0,0
9717.8,10,4,0,27.96,1000,1793,3,1417.51,0,1,1,0.413,6.850709547341928,0,0.3,0.0,0,0,1
5812.98,7,5,1,51.98,402,1067,6,2780.92,1,0,1,0.59,2.089556852821073,0,0.6,0.2,1,0,0
383.63,19,3,0,13.34,1180,226,1,1819.55,0,0,0,0.424,0.21072203454999863,0,0.1,0.0,0,1,0
1390.06,2,1,0,7.26,1136,463,6,2325.94,1,0,0,0.249,0.5973768124661573,1,0.6,0.2,0,1,0
851.77,4,4,0,17.55,410,1739,1,1394.18,1,0,0,0.351,0.6105090382602961,1,0.1,0.2,1,0,0
6251.57,23,1,0,0.28,1203,58,2,818.89,2,0,0,0.14,7.624888704582322,1,0.2,0.4,1,0,0
264.64,1,4,0,12.22,1449,990,2,1495.0,0,0,0,0.19,0.17689839572192512,1,0.2,0.0,0,0,1
3521.1,3,2,0,60.88,476,1413,3,1898.38,0,0,0,0.228,1.8538154555697122,1,0.3,0.0,0,1,0
5793.49,1,5,1,42.57,237,1209,1,1535.47,1,0,0,0.06,3.7706496059148567,1,0.1,0.2,0,0,1
2061.01,7,2,0,1.67,443,2218,4,1451.05,0,0,0,0.445,1.4193794979511727,0,0.4,0.0,0,0,1
2130.48,16,2,0,10.65,967,1717,2,1770.21,0,0,0,0.591,1.2028387373603355,0,0.2,0.0,0,0,1
2182.94,17,0,0,56.61,274,1650,4,2584.42,0,0,0,0.267,0.8443270339055163,0,0.4,0.0,1,0,0
1949.33,2,4,0,12.56,1435,1864,2,2255.51,0,0,0,0.219,0.863869426681025,1,0.2,0.0,1,0,0
1085.78,3,0,0,14.43,224,713,5,920.3,0,0,0,0.25,1.1785303375664822,1,0.5,0.0,0,0,1
519.9,12,1,0,51.6,1371,1808,3,4316.52,0,0,0,0.411,0.1204163501269247,0,0.3,0.0,1,0,0
1131.26,19,1,0,9.55,979,1299,4,1187.99,1,0,0,0.254,0.9514461854178756,0,0.4,0.2,0,1,0
435.17,4,3,0,97.3,829,1980,6,2764.82,0,0,0,0.319,0.1573385108213839,1,0.6,0.0,0,1,0
7872.13,4,3,0,40.26,1465,40,2,2630.5,1,1,0,0.189,2.991499144974349,1,0.2,0.2,0,1,0
4410.49,12,1,0,37.78,1451,1047,2,479.23,0,0,0,0.411,9.184120109114382,0,0.2,0.0,1,0,0
475.29,17,4,0,33.68,955,1346,2,1814.24,0,0,0,0.324,0.261833146030277,0,0.2,0.0,0,0,1
1690.34,3,6,1,34.91,1185,1954,1,546.56,0,0,0,0.424,3.0870406896047924,1,0.1,0.0,1,0,0
499.17,10,4,0,12.97,749,961,6,1401.08,0,0,0,0.485,0.35602105443341325,0,0.6,0.0,1,0,0
1964.38,4,5,1,20.52,590,1844,4,1699.58,0,0,0,0.313,1.1551235460842773,1,0.4,0.0,0,0,1
6182.64,23,1,0,64.06,475,728,3,1032.75,0,0,0,0.179,5.9807883917775095,1,0.3,0.0,1,0,0
1294.73,19,1,0,26.13,611,1641,1,1116.51,0,0,0,0.262,1.158584710651359,0,0.1,0.0,1,0,0
464.12,17,3,0,11.23,628,217,4,1160.09,0,0,0,0.073,0.39972784194162386,0,0.4,0.0,1,0,0
1704.74,2,0,0,8.1,290,560,4,3242.18,3,0,0,0.149,0.5256384166157907,1,0.4,0.6,0,0,1
1498.72,18,2,0,17.8,1393,700,2,1247.41,3,0,0,0.479,1.2005030398667105,0,0.2,0.6,0,0,1
926.38,8,6,1,2.47,457,1022,6,1859.07,0,0,0,0.492,0.4980350201874123,0,0.6,0.0,0,1,0
10598.79,13,3,0,33.38,1368,1961,2,1087.91,1,0,0,0.195,9.733393944403119,0,0.2,0.2,1,0,0
3188.68,4,1,0,4.68,1089,779,3,834.01,0,0,0,0.347,3.8187327097879065,1,0.3,0.0,0,1,0
468.01,22,4,0,27.14,387,2047,2,1297.86,0,0,0,0.394,0.3603236684477157,0,0.2,0.0,1,0,0
1137.12,21,0,0,55.45,1118,1415,4,1212.93,0,0,0,0.051,0.9367261703722618,0,0.4,0.0,0,0,1
5893.95,10,3,0,22.68,301,1356,4,2641.02,1,0,0,0.152,2.230849880016048,0,0.4,0.2,0,1,0
1065.24,7,6,1,34.97,256,1266,3,1765.0,0,0,0,0.135,0.6031936579841449,0,0.3,0.0,0,1,0
1670.96,22,4,0,56.32,1262,1775,5,1984.52,0,0,0,0.131,0.8415729884362787,0,0.5,0.0,0,0,1
1517.55,14,3,0,19.88,409,743,1,1015.17,0,0,1,0.388,1.4934016945983448,0,0.1,0.0,0,1,0
908.14,11,4,0,43.39,823,1910,0,2058.1,1,1,0,0.465,0.44103734641348163,0,0.0,0.2,0,0,1
2078.6,22,3,0,5.96,675,1726,4,2236.09,1,0,0,0.377,0.9291534985181641,0,0.4,0.2,0,0,1
4969.06,21,2,0,25.75,130,1425,3,5113.0,1,0,0,0.189,0.9716581931951507,0,0.3,0.2,0,1,0
8397.88,0,0,0,56.74,200,179,4,2028.72,2,1,0,0.17,4.137457383284393,1,0.4,0.4,0,0,1
5612.35,9,3,0,97.59,1288,781,2,3006.33,0,0,0,0.22,1.866223527181919,0,0.2,0.0,1,0,0
3103.94,5,1,0,4.82,1166,318,4,4289.29,1,0,0,0.139,0.7234802309400996,1,0.4,0.2,1,0,0
1989.23,4,3,0,14.59,841,2062,0,2506.17,0,0,0,0.042,0.7934164815309692,1,0.0,0.0,0,1,0
7675.39,7,2,0,4.59,1149,1571,8,2342.07,0,0,0,0.692,3.275783480647185,0,0.8,0.0,0,0,1
1612.08,18,1,0,2.48,410,1061,3,6079.58,2,1,0,0.253,0.2651194458423374,0,0.3,0.4,0,1,0
1432.37,4,2,0,35.78,198,440,2,1804.19,1,0,0,0.342,0.7934732632022113,1,0.2,0.2,0,0,1
5212.54,9,6,1,4.06,974,830,2,922.66,1,0,1,0.347,5.643353614966546,0,0.2,0.2,1,0,0
3650.85,11,4,0,3.66,248,1399,1,964.45,1,0,0,0.611,3.781500854523797,0,0.1,0.2,1,0,0
1923.71,1,6,1,63.81,1421,803,3,1013.54,0,0,0,0.292,1.8961401226171468,1,0.3,0.0,1,0,0
154.75,1,1,0,23.58,1309,2208,5,1687.93,0,0,0,0.473,0.09162605910250869,1,0.5,0.0,0,0,1
5629.93,10,0,0,36.07,454,2252,0,1327.62,0,0,0,0.359,4.237426803751261,0,0.0,0.0,0,1,0
3742.9,4,6,1,7.98,1216,2418,2,2351.49,0,1,0,0.171,1.5910375814562445,1,0.2,0.0,0,1,0
4460.54,16,5,1,42.75,1264,138,3,573.53,0,0,0,0.126,7.763806937844848,0,0.3,0.0,0,1,0
720.44,12,0,0,48.39,1229,2103,2,2585.4,0,1,0,0.186,0.27854933498298795,0,0.2,0.0,0,0,1
156.93,9,1,0,22.47,274,1056,5,2004.86,0,0,0,0.363,0.07823576919625498,0,0.5,0.0,1,0,0
5543.38,20,0,0,69.35,60,2085,4,1169.85,0,0,0,0.153,4.73449203570056,0,0.4,0.0,0,1,0
10016.1,1,5,1,20.43,81,1047,2,608.66,1,0,0,0.484,16.428993209329793,1,0.2,0.2,0,1,0
1286.59,16,6,1,61.79,782,458,4,2546.29,0,0,0,0.221,0.5050818713220717,0,0.4,0.0,0,0,1
1967.24,15,6,1,21.66,1157,1947,1,764.77,0,0,0,0.324,2.568969795108192,0,0.1,0.0,0,1,0
808.01,1,3,0,8.88,1277,121,1,455.55,0,0,0,0.331,1.76981710656007,1,0.1,0.0,0,0,1
8579.48,4,6,1,80.21,1320,1306,3,684.13,0,0,0,0.279,12.522411805058894,1,0.3,0.0,1,0,0
1178.74,3,5,1,8.11,539,1562,2,963.4,1,0,0,0.361,1.2222521775197015,1,0.2,0.2,0,0,1
7655.68,2,0,0,16.0,869,423,6,1243.53,0,0,0,0.28,6.1514628012181305,1,0.6,0.0,1,0,0
639.17,19,4,0,6.63,1208,1646,1,1568.51,1,0,1,0.212,0.407241750610063,0,0.1,0.2,1,0,0
3140.41,19,1,0,5.37,1498,1577,1,2209.67,2,0,0,0.148,1.4205693296602386,0,0.1,0.4,1,0,0
3338.48,13,2,0,26.81,234,1997,3,1345.83,0,0,0,0.296,2.4787686641966693,0,0.3,0.0,0,0,1
1074.8,9,3,0,29.7,611,2323,1,2849.86,0,1,0,0.267,0.37700904288530473,0,0.1,0.0,1,0,0
136279.43,16,2,0,58.51,1093,769,6,2713.1,0,0,0,0.325,50.21164658634538,0,0.6,0.0,0,1,0
728.44,11,4,0,36.57,156,557,2,1621.76,0,0,0,0.29,0.44888954620523064,0,0.2,0.0,1,0,0
6801.14,2,5,1,34.41,1162,537,5,679.04,0,0,0,0.601,10.001088171284042,1,0.5,0.0,0,1,0
12924.48,10,1,0,73.21,1323,903,3,1324.22,1,0,0,0.202,9.752705211210214,0,0.3,0.2,0,1,0
921.62,6,1,0,57.79,215,172,4,2359.42,0,0,0,0.153,0.3904474627396819,0,0.4,0.0,0,1,0
770.08,6,5,1,53.72,515,795,3,794.31,0,0,0,0.034,0.9682765211049781,0,0.3,0.0,0,1,0
1405.15,12,5,1,78.6,677,2321,4,1534.87,2,0,0,0.326,0.9148886298970618,0,0.4,0.4,0,0,1
788.16,18,1,0,13.6,891,1089,3,2653.4,1,0,0,0.264,0.2969258589511754,0,0.3,0.2,0,1,0
349.32,8,6,1,6.49,1270,547,6,1600.23,0,0,0,0.251,0.21815729158209626,0,0.6,0.0,1,0,0
1305.32,0,4,0,0.92,140,2175,2,2501.59,0,0,0,0.239,0.5215876352099225,1,0.2,0.0,0,1,0
424.33,21,1,0,40.94,946,2434,4,348.31,0,0,0,0.272,1.2147662534711288,0,0.4,0.0,0,1,0
1423.32,23,1,0,31.27,563,2298,1,1199.26,0,1,0,0.258,1.1858430673354106,1,0.1,0.0,1,0,0
4316.52,22,3,0,26.48,556,1599,3,869.5,0,0,1,0.131,4.958667432510052,0,0.3,0.0,0,1,0
1996.05,19,5,1,10.43,1369,1118,2,2240.18,0,0,0,0.111,0.8906245816935722,0,0.2,0.0,1,0,0
915.54,23,2,0,25.96,765,1675,4,2190.14,0,0,0,0.423,0.4178372901777157,1,0.4,0.0,0,1,0
2781.35,6,2,0,87.61,1034,2320,2,913.71,0,0,0,0.278,3.0406904920685243,0,0.2,0.0,0,1,0
1018.79,16,4,0,10.66,304,1365,3,2536.43,1,0,0,0.479,0.4015046720500664,0,0.3,0.2,1,0,0
3606.74,11,1,0,42.42,777,522,2,1602.62,0,1,0,0.062,2.24912385727292,0,0.2,0.0,0,0,1
1552.18,12,2,0,20.43,1407,1312,4,910.95,0,1,0,0.817,1.7020450682603212,0,0.4,0.0,0,0,1
3701.33,2,0,0,53.87,1235,2473,2,1156.48,1,0,0,0.506,3.197748557210492,1,0.2,0.2,0,0,1
13138.49,9,5,1,12.7,578,164,2,701.61,0,0,0,0.178,18.699548825095004,0,0.2,0.0,0,0,1
289.89,0,1,0,11.56,22,539,3,1016.69,0,0,0,0.282,0.2848509860566577,1,0.3,0.0,1,0,0
1219.32,0,3,0,1.16,1320,569,2,2223.31,1,0,0,0.264,0.5481789858428007,1,0.2,0.2,0,1,0
2085.83,14,0,0,28.5,1241,2377,4,1086.55,0,0,0,0.457,1.9179164176359709,0,0.4,0.0,0,0,1
1714.35,12,4,0,42.4,97,1838,2,1284.76,0,0,0,0.412,1.333335925833748,0,0.2,0.0,0,0,1
2479.52,15,0,0,19.66,488,1012,2,879.59,0,0,0,0.121,2.8157485322340703,0,0.2,0.0,1,0,0
1889.46,5,0,0,8.87,100,396,3,2166.13,0,0,1,0.36,0.8718720150613946,1,0.3,0.0,0,0,1
892.23,21,6,1,55.72,96,2347,0,2322.01,1,0,0,0.684,0.3840835812157502,0,0.0,0.2,0,0,1
3162.18,18,5,1,54.93,694,1016,3,2180.7,2,0,0,0.138,1.4494110097630288,0,0.3,0.4,0,1,0
2838.59,6,2,0,84.66,761,1872,2,2426.66,1,0,0,0.299,1.169269996622262,0,0.2,0.2,0,0,1
968.99,4,0,0,39.69,872,2114,3,1810.93,0,0,0,0.29,0.5347833525577699,1,0.3,0.0,0,0,1
2232.18,2,6,1,37.33,970,1031,0,3461.48,1,0,1,0.336,0.644676647951757,1,0.0,0.2,0,0,1
10244.73,13,2,0,12.84,1333,942,2,1497.54,0,0,0,0.097,6.836474168190372,0,0.2,0.0,0,0,1
10210.44,16,1,0,24.47,948,1931,2,2841.58,2,0,1,0.179,3.591962231493925,0,0.2,0.4,0,1,0
3913.9,5,6,1,49.69,18,150,3,1285.69,1,0,0,0.195,3.0418360288803052,1,0.3,0.2,0,1,0
4721.39,9,1,0,21.97,488,2040,0,1558.24,0,0,0,0.342,3.0280072342936304,0,0.0,0.0,0,1,0
522.84,19,6,1,16.73,1039,1655,3,1369.58,0,0,1,0.516,0.38147353675086465,0,0.3,0.0,1,0,0
1888.66,15,5,1,74.66,197,1297,6,686.52,0,0,0,0.243,2.7470619036537123,0,0.6,0.0,1,0,0
2894.04,16,4,0,28.95,883,2256,3,1099.47,0,0,0,0.046,2.6298218034112697,0,0.3,0.0,1,0,0
3974.03,0,3,0,27.43,589,1420,3,1643.39,0,0,0,0.218,2.416719877887849,1,0.3,0.0,0,1,0
674.77,9,1,0,18.83,1092,1490,1,747.82,0,0,0,0.317,0.9011110814347907,0,0.1,0.0,1,0,0
997.47,17,5,1,69.14,75,1437,7,1026.81,0,0,0,0.17,0.9704809254628775,0,0.7,0.0,0,0,1
1517.61,14,5,1,43.86,592,2058,3,707.83,1,0,0,0.495,2.141007011554251,0,0.3,0.2,0,1,0
5023.6,9,2,0,8.83,1377,1003,3,1217.57,1,1,0,0.167,4.122537072141937,0,0.3,0.2,0,0,1
1914.22,20,0,0,5.04,1195,446,3,3476.45,0,1,0,0.47,0.5504665775208846,0,0.3,0.0,0,1,0
109.71,13,5,1,17.05,901,1478,5,1644.09,2,0,0,0.106,0.06668936046052192,0,0.5,0.4,1,0,0
912.39,0,6,1,3.56,444,509,5,1976.43,0,0,0,0.15,0.4614019206748153,1,0.5,0.0,0,0,1
1815.41,3,5,1,50.09,1390,260,4,1163.56,0,0,0,0.133,1.5588806072679813,1,0.4,0.0,0,1,0
3262.11,9,3,0,14.47,32,1228,1,5046.83,0,0,0,0.442,0.6462400675141596,0,0.1,0.0,0,1,0
1594.51,9,3,0,40.58,502,295,5,1216.79,2,0,0,0.349,1.3093472602008558,0,0.5,0.4,0,1,0
2153.47,17,5,1,26.85,1358,1697,3,1907.57,0,0,0,0.256,1.1283159643083565,0,0.3,0.0,0,1,0
2514.34,12,4,0,8.99,61,1721,4,1330.33,0,0,0,0.339,1.8885926103971218,0,0.4,0.0,0,1,0
16809.79,22,2,0,24.9,1415,762,5,2331.87,0,0,0,0.102,7.205626545842676,0,0.5,0.0,1,0,0
11875.65,14,1,0,15.19,122,1969,2,1159.48,1,0,1,0.477,10.233394802150833,0,0.2,0.2,0,0,1
2449.7,10,1,0,58.64,1138,1960,1,1486.07,0,0,0,0.169,1.6473333467825992,0,0.1,0.0,0,1,0
272.28,0,6,1,56.21,1427,832,3,2331.58,1,0,0,0.268,0.11672911540011488,1,0.3,0.2,0,0,1
1456.82,13,4,0,29.6,1241,495,2,2779.09,2,0,0,0.156,0.5240190065789236,0,0.2,0.4,0,1,0
150.44,6,4,0,17.02,522,559,1,2751.05,0,0,0,0.179,0.05466470449301429,0,0.1,0.0,0,1,0
1803.43,4,0,0,13.72,1379,2439,1,1199.69,1,0,1,0.176,1.5019946863886597,1,0.1,0.2,0,1,0
1748.66,1,2,0,67.52,1118,1093,3,918.7,0,0,0,0.09,1.9013373926280308,1,0.3,0.0,0,1,0
2520.54,17,6,1,15.9,1156,1409,0,1512.47,0,0,0,0.219,1.665404666098436,0,0.0,0.0,0,1,0
3043.39,9,0,0,47.8,938,1795,4,2127.28,2,0,0,0.19,1.4299763189054069,0,0.4,0.4,0,0,1
1911.46,5,2,0,10.92,385,1331,2,1131.83,2,0,0,0.253,1.687331726737463,1,0.2,0.4,0,1,0
553.04,11,3,0,3.12,114,1448,8,3806.96,0,0,1,0.175,0.14523261798968476,0,0.8,0.0,0,1,0
817.06,21,0,0,45.4,242,1692,3,467.04,0,0,0,0.339,1.7457054952568154,0,0.3,0.0,1,0,0
1861.75,19,1,0,35.9,644,2124,1,1584.02,0,0,0,0.522,1.1745908568977048,0,0.1,0.0,0,1,0
1100.3,13,2,0,42.35,366,335,8,1782.08,1,0,0,0.429,0.6170783139287076,0,0.8,0.2,1,0,0
818.61,10,2,0,4.7,975,130,2,2638.89,0,0,0,0.152,0.31009246597396106,0,0.2,0.0,0,0,1
993.41,12,0,0,9.05,645,548,2,2504.28,0,0,0,0.607,0.39652653595606074,0,0.2,0.0,1,0,0
9896.36,7,1,0,16.08,1221,399,2,3467.98,1,0,1,0.145,2.852815525024647,0,0.2,0.2,0,0,1
2224.98,0,3,0,8.16,626,482,3,2232.56,0,0,0,0.506,0.9961585988287757,1,0.3,0.0,1,0,0
2786.18,13,3,0,28.12,319,256,3,1391.5,0,0,1,0.086,2.000847396768402,0,0.3,0.0,0,1,0
377.87,0,0,0,30.31,838,188,3,1814.63,0,0,0,0.461,0.20812059725825194,1,0.3,0.0,0,1,0
1010.98,14,6,1,20.02,1463,1213,4,508.61,0,0,0,0.509,1.983830772551559,0,0.4,0.0,0,0,1
1742.38,9,2,0,24.12,71,608,3,2081.55,0,0,0,0.165,0.8366569830256176,0,0.3,0.0,0,1,0
692.33,16,3,0,22.17,921,1780,1,1435.63,1,0,0,0.404,0.4819125314103144,0,0.1,0.2,0,0,1
5718.72,9,4,0,1.25,1151,1639,1,757.56,0,0,0,0.186,7.538915840539971,0,0.1,0.0,0,0,1
1779.74,18,4,0,33.01,961,539,4,609.91,0,0,0,0.389,2.9132605457432357,0,0.4,0.0,0,1,0
2290.61,0,0,0,51.87,363,2348,3,4180.67,0,0,0,0.182,0.5477739754691308,1,0.3,0.0,1,0,0
1225.27,23,4,0,8.2,337,1275,3,1032.39,0,0,0,0.22,1.1856801401213481,1,0.3,0.0,0,1,0
477.65,14,6,1,49.12,993,362,2,3249.76,0,0,0,0.115,0.1469348706148716,0,0.2,0.0,0,1,0
5152.98,16,1,0,1.65,149,1856,6,2423.44,1,0,1,0.566,2.125431027371269,0,0.6,0.2,0,0,1
6180.48,22,4,0,13.43,1140,1274,2,2486.14,1,0,0,0.096,2.4849747099077657,0,0.2,0.2,0,1,0
376.13,11,1,0,8.79,476,845,5,3351.6,0,0,0,0.388,0.11219053868639266,0,0.5,0.0,0,1,0
3218.35,8,4,0,54.38,934,249,3,3130.68,1,0,1,0.459,1.027675241403975,0,0.3,0.2,0,1,0
347.51,13,2,0,34.99,856,2390,3,921.88,0,0,0,0.249,0.3765494972260749,0,0.3,0.0,1,0,0
778.25,6,4,0,46.55,207,1716,2,822.68,0,0,1,0.401,0.9448450854700855,0,0.2,0.0,0,1,0
1501.38,15,5,1,15.71,359,397,5,1780.6,0,0,0,0.148,0.8427144140098789,0,0.5,0.0,0,1,0
6135.74,11,0,0,63.08,909,907,4,2649.98,0,0,0,0.432,2.314517650076575,0,0.4,0.0,1,0,0
2438.88,8,6,1,37.38,1195,436,2,1344.39,0,0,0,0.136,1.812768044953508,0,0.2,0.0,0,1,0
1194.01,16,2,0,36.11,811,737,4,435.66,0,1,0,0.427,2.7344157926075208,0,0.4,0.0,0,1,0
2405.75,14,5,1,11.97,619,947,2,1750.62,0,0,0,0.348,1.3734428700288877,0,0.2,0.0,1,0,0
5740.1,10,4,0,18.28,188,689,2,3685.9,0,0,0,0.371,1.5568906127098647,0,0.2,0.0,0,1,0
2063.91,13,6,1,38.3,1118,297,4,1369.59,1,0,0,0.089,1.505855142675782,0,0.4,0.2,1,0,0
13292.36,4,4,0,18.55,946,687,3,4014.46,0,0,0,0.477,3.3102957070920893,1,0.3,0.0,0,1,0
2232.78,6,6,1,62.62,247,515,5,886.43,0,0,0,0.163,2.5160068963185833,0,0.5,0.0,0,0,1
3531.46,22,0,0,69.15,1093,1494,2,524.43,2,0,0,0.147,6.721085587042994,0,0.2,0.4,0,1,0
1005.85,20,2,0,26.01,98,2459,1,2024.11,0,0,0,0.054,0.4966890687419449,0,0.1,0.0,0,1,0
829.9,15,6,1,67.77,779,1590,0,1421.36,0,0,0,0.178,0.5834669141426925,0,0.0,0.0,1,0,0
2815.69,14,2,0,61.63,208,1393,5,1203.11,0,0,0,0.203,2.3383993156771394,0,0.5,0.0,0,0,1
891.92,9,1,0,89.48,774,2208,3,1354.97,0,0,0,0.103,0.6577726645869746,0,0.3,0.0,0,1,0
1860.04,3,3,0,13.63,601,888,3,641.77,0,0,0,0.447,2.8937878245717754,1,0.3,0.0,0,1,0
472.85,5,3,0,7.58,46,324,6,1892.14,0,0,0,0.133,0.24977022301573049,1,0.6,0.0,0,1,0
1716.88,8,1,0,3.49,919,2179,5,3550.51,0,0,0,0.342,0.48342254421358805,0,0.5,0.0,1,0,0
1717.32,11,3,0,86.98,502,367,2,937.79,0,0,0,0.259,1.829290895727479,0,0.2,0.0,0,0,1
550.6,3,3,0,45.07,623,487,3,1097.56,0,0,0,0.277,0.5012015729682494,1,0.3,0.0,0,0,1
7226.38,14,5,1,58.65,587,2030,6,884.95,0,0,0,0.198,8.15664540888312,0,0.6,0.0,0,0,1
2296.88,13,2,0,38.07,609,2364,2,958.96,1,0,0,0.284,2.392683028459519,0,0.2,0.2,0,0,1
1934.02,15,4,0,16.98,463,1322,0,1155.44,0,1,0,0.261,1.672391131403272,0,0.0,0.0,0,0,1
2023.72,18,5,1,56.68,1429,987,3,782.21,0,0,1,0.085,2.5838791639534735,0,0.3,0.0,0,1,0
1009.11,10,6,1,57.21,417,1448,4,958.15,1,0,0,0.367,1.0520877860605744,0,0.4,0.2,0,1,0
3681.36,7,4,0,35.62,220,2201,4,1994.8,1,0,0,0.161,1.8445535624812106,0,0.4,0.2,0,0,1
3024.54,13,2,0,9.07,744,448,3,4143.4,0,0,0,0.086,0.7297895955988805,0,0.3,0.0,1,0,0
208.05,16,5,1,27.81,1331,1002,2,608.0,0,0,1,0.248,0.34162561576354683,0,0.2,0.0,1,0,0
39887.71,2,3,0,12.92,922,2036,1,1107.04,1,0,0,0.115,35.998438684524025,1,0.1,0.2,0,0,1
6762.01,4,1,0,30.21,1498,638,7,1690.78,0,0,0,0.338,3.9969795127025973,1,0.7,0.0,0,0,1
1644.09,12,2,0,76.29,1473,509,2,1559.5,0,0,0,0.494,1.053566164690804,0,0.2,0.0,1,0,0
585.99,19,6,1,15.12,269,416,3,1445.8,0,0,0,0.22,0.40502488249930885,0,0.3,0.0,1,0,0
2061.72,9,4,0,27.93,828,359,3,764.21,0,0,0,0.164,2.694319206492335,0,0.3,0.0,1,0,0
9655.81,2,1,0,64.44,556,509,1,1462.02,0,0,0,0.098,6.599916610846058,1,0.1,0.0,0,1,0
1944.59,19,2,0,34.85,875,2201,3,1128.16,0,0,0,0.48,1.7221562931736865,0,0.3,0.0,0,1,0
4575.73,7,3,0,32.08,1494,323,2,950.96,0,0,0,0.102,4.806641035337619,0,0.2,0.0,1,0,0
723.6,6,2,0,17.19,776,1134,4,1188.9,0,0,0,0.265,0.6081183292713673,0,0.4,0.0,0,0,1
586.23,23,2,0,37.98,482,543,0,1427.93,0,0,0,0.095,0.41025802523566585,1,0.0,0.0,1,0,0
7371.18,21,4,0,86.32,906,2091,2,2629.91,0,0,0,0.335,2.8017606075464387,0,0.2,0.0,0,0,1
1736.13,22,0,0,59.29,1281,2114,5,895.96,0,0,1,0.28,1.9355712629325723,0,0.5,0.0,1,0,0
1458.75,12,1,0,5.37,1085,1202,5,1474.68,1,0,0,0.418,0.9885273229968556,0,0.5,0.2,1,0,0
209.6,5,1,0,43.82,268,2443,2,1089.12,1,0,0,0.524,0.19227241037683926,1,0.2,0.2,0,0,1
10145.08,23,5,1,77.54,1376,2442,1,1491.93,1,0,1,0.076,6.795415726122457,1,0.1,0.2,0,0,1
2449.41,9,6,1,21.36,180,1614,3,750.21,1,0,0,0.329,3.260619533818772,0,0.3,0.2,0,1,0
281.94,13,6,1,59.5,101,1235,2,1138.86,1,0,0,0.334,0.24734616531854792,0,0.2,0.2,1,0,0
2487.19,16,6,1,3.68,1162,2223,2,622.81,1,0,0,0.165,3.9870954296981456,0,0.2,0.2,1,0,0
884.26,4,5,1,7.01,1010,445,2,1518.3,0,0,0,0.422,0.5820180346212072,1,0.2,0.0,1,0,0
11597.44,15,5,1,25.59,731,1014,2,1115.11,0,0,0,0.074,10.390947128867229,0,0.2,0.0,1,0,0
322.61,10,0,0,17.78,645,1832,2,1053.43,0,0,0,0.423,0.30595677285357964,0,0.2,0.0,0,0,1
3610.85,11,1,0,39.83,1400,567,1,1143.5,1,0,0,0.178,3.154958497160332,0,0.1,0.2,0,0,1
4640.12,10,4,0,35.27,74,1922,1,590.37,1,0,0,0.436,7.8463905845748005,0,0.1,0.2,0,0,1
1738.81,3,2,0,29.0,133,551,4,2028.32,0,0,0,0.293,0.8568436717718251,1,0.4,0.0,0,1,0
1070.8,11,0,0,28.19,117,183,3,1273.69,0,0,0,0.561,0.8400473840698522,0,0.3,0.0,1,0,0
1017.93,12,2,0,64.14,1092,2376,5,1235.63,0,0,0,0.417,0.8231483952354381,0,0.5,0.0,0,0,1
1972.29,23,3,0,60.36,550,1317,4,1117.88,0,0,0,0.328,1.76273595023595,1,0.4,0.0,0,0,1
1409.05,5,0,0,2.64,992,303,2,1262.71,0,0,0,0.35,1.1150105641325936,1,0.2,0.0,0,0,1
1531.66,15,1,0,6.45,115,415,3,213.24,0,0,0,0.552,7.149271844660194,0,0.3,0.0,0,0,1
2571.8,7,3,0,55.92,369,265,3,2198.09,0,0,0,0.121,1.1694837410019598,0,0.3,0.0,0,1,0
1270.58,7,1,0,60.6,1037,373,5,1159.81,0,1,0,0.336,1.0945632790896012,0,0.5,0.0,1,0,0
13540.13,12,3,0,65.8,391,122,3,6056.63,2,0,1,0.371,2.235219054316622,0,0.3,0.4,0,0,1
4024.04,3,2,0,37.69,109,128,1,749.6,0,0,0,0.207,5.361097788435917,1,0.1,0.0,1,0,0
6913.1,12,6,1,33.76,1037,837,2,1908.21,0,1,0,0.407,3.620921742500825,0,0.2,0.0,0,0,1
1452.28,21,5,1,72.64,481,624,1,986.28,1,1,0,0.158,1.470991005591119,0,0.1,0.2,0,1,0
4518.53,4,2,0,36.1,445,2479,1,1321.72,0,0,0,0.285,3.4160895730010883,1,0.1,0.0,0,0,1
749.99,8,6,1,6.23,313,2129,5,5615.59,0,0,1,0.405,0.1335311995356613,0,0.5,0.0,0,0,1
731.25,22,5,1,17.6,958,956,1,6601.71,0,0,0,0.324,0.11074997993248227,0,0.1,0.0,0,1,0
5243.71,19,5,1,9.77,1156,1328,3,2162.2,0,0,0,0.061,2.424052329881657,0,0.3,0.0,1,0,0
722.21,16,1,0,32.55,175,1127,3,4630.33,1,0,1,0.586,0.15594008632509454,0,0.3,0.2,0,1,0
659.79,17,6,1,10.41,1262,1986,6,816.8,0,0,0,0.16,0.8067865003668379,0,0.6,0.0,0,1,0
1315.86,16,6,1,25.72,675,2452,4,1780.03,0,0,0,0.11,0.7388196717629686,0,0.4,0.0,1,0,0
1064.82,18,4,0,26.5,235,1165,6,2481.34,0,0,0,0.102,0.42895816044538615,0,0.6,0.0,0,1,0
4265.94,9,3,0,19.69,533,408,2,1967.29,0,0,0,0.394,2.167333065757586,0,0.2,0.0,0,1,0
428.98,0,2,0,22.05,1005,100,5,1045.9,0,0,0,0.203,0.4097621549336135,1,0.5,0.0,0,1,0
645.83,10,0,0,23.19,534,2255,2,3875.38,1,0,0,0.312,0.16660647304959783,0,0.2,0.2,0,0,1
1262.87,16,1,0,13.56,317,463,3,939.03,0,0,0,0.183,1.3434358477920916,0,0.3,0.0,0,0,1
532.38,11,5,1,14.02,1389,544,1,1305.69,0,0,0,0.564,0.4074263979979949,0,0.1,0.0,0,1,0
2526.8,8,5,1,2.64,127,1246,5,1079.52,0,0,0,0.446,2.338503683411691,0,0.5,0.0,0,0,1
1161.04,0,1,0,49.11,364,2495,1,2077.72,0,0,1,0.158,0.5585360221674878,1,0.1,0.0,0,1,0
10347.74,11,3,0,32.69,1380,1284,3,2030.83,0,0,0,0.069,5.092817804639168,0,0.3,0.0,0,0,1
1592.62,16,1,0,59.15,27,1439,4,567.24,1,0,0,0.229,2.802724201041813,0,0.4,0.2,1,0,0
7920.68,0,0,0,24.88,549,735,4,2322.71,0,0,0,0.205,3.408635328849125,1,0.4,0.0,0,0,1
4239.14,17,4,0,62.56,1322,443,4,1131.93,0,0,0,0.416,3.741749269593002,0,0.4,0.0,0,0,1
560.73,10,3,0,4.35,939,2210,6,7261.32,0,0,0,0.212,0.07721086374602056,0,0.6,0.0,0,0,1
763.5,19,0,0,30.57,1033,936,1,1074.18,0,0,0,0.108,0.710113655387935,0,0.1,0.0,0,0,1
2452.82,16,1,0,7.33,1042,393,3,495.37,1,0,0,0.384,4.941515401817193,0,0.3,0.2,0,1,0
2064.7,11,3,0,48.52,336,1563,6,373.66,2,0,0,0.053,5.510863182618907,0,0.6,0.4,1,0,0
4143.04,5,2,0,20.36,766,2389,5,1807.66,1,0,0,0.313,2.2906682295179857,1,0.5,0.2,1,0,0
2324.47,3,4,0,12.46,643,1074,1,1338.86,1,0,0,0.307,1.7348603585449225,1,0.1,0.2,0,0,1
613.96,19,3,0,48.94,351,584,6,1459.19,0,0,1,0.166,0.420465829789274,0,0.6,0.0,1,0,0
7408.2,17,6,1,3.88,464,103,6,794.75,2,1,0,0.156,9.30970782280867,0,0.6,0.4,1,0,0
1365.32,20,6,1,52.47,1320,1459,5,2490.41,2,1,1,0.149,0.5480109656780698,0,0.5,0.4,1,0,0
2386.08,20,3,0,45.27,1217,1892,1,1449.08,2,1,0,0.255,1.6454816285998015,0,0.1,0.4,0,0,1
256.45,15,1,0,44.15,563,194,5,1752.51,1,0,0,0.528,0.14624952238652758,0,0.5,0.2,0,0,1
7466.12,15,5,1,5.5,580,404,3,1099.23,0,0,0,0.308,6.785962935022677,0,0.3,0.0,0,0,1
5738.85,1,3,0,2.87,1025,553,6,1071.8,0,0,0,0.124,5.349412751677853,1,0.6,0.0,0,1,0
2381.49,21,0,0,33.26,861,934,2,1904.71,1,0,1,0.555,1.2496602316197112,0,0.2,0.2,0,0,1
6694.45,22,2,0,43.12,1287,366,3,701.53,0,0,0,0.312,9.529059257255918,0,0.3,0.0,0,1,0
1442.37,10,1,0,68.67,830,1320,4,1051.51,0,0,1,0.294,1.370409782329859,0,0.4,0.0,0,1,0
6165.49,10,4,0,13.78,1118,2152,2,1980.2,1,0,0,0.291,3.1119977791237634,0,0.2,0.2,0,1,0
6522.21,9,0,0,5.05,741,298,1,1346.47,0,0,0,0.287,4.840337818281669,0,0.1,0.0,1,0,0
1090.45,10,5,1,60.84,804,2491,5,8817.37,1,0,0,0.257,0.12365663949233248,0,0.5,0.2,0,1,0
784.22,3,3,0,24.81,203,703,7,1381.42,1,1,0,0.379,0.5672805659640341,1,0.7,0.2,1,0,0
9015.42,14,3,0,72.58,1352,414,3,3446.52,1,0,0,0.52,2.6150450178679168,0,0.3,0.2,0,1,0
603.79,21,3,0,16.03,813,2415,3,1208.4,0,0,0,0.327,0.49924756077393745,0,0.3,0.0,1,0,0
2123.71,19,6,1,10.03,1203,143,6,2684.88,1,0,0,0.326,0.7906942975858936,0,0.6,0.2,1,0,0
534.36,18,6,1,2.1,405,1625,1,1241.06,0,0,1,0.489,0.4302207622820154,0,0.1,0.0,1,0,0
3946.91,23,5,1,48.98,22,1223,4,1709.43,1,0,0,0.022,2.307554240746479,1,0.4,0.2,0,0,1
7775.77,17,6,1,38.64,278,355,2,2366.01,0,0,0,0.17,3.2850600546681257,0,0.2,0.0,0,0,1
5100.03,19,2,0,16.3,1428,200,1,1380.08,0,0,0,0.345,3.692783908245721,0,0.1,0.0,1,0,0
1647.27,10,5,1,71.23,746,2315,0,3167.66,0,0,0,0.102,0.5198632860578288,0,0.0,0.0,1,0,0
887.41,14,6,1,46.79,404,708,2,1637.25,0,0,0,0.167,0.5416816725164046,0,0.2,0.0,0,0,1
1546.46,18,1,0,0.78,1365,1371,2,7200.0,2,0,0,0.094,0.21475628384946535,0,0.2,0.4,0,1,0
1041.16,1,0,0,36.8,863,1936,5,1338.3,0,0,0,0.368,0.7773911744941389,1,0.5,0.0,0,1,0
631.87,11,5,1,67.46,636,43,4,1565.78,0,0,0,0.274,0.4032921022734526,0,0.4,0.0,0,0,1
2070.34,15,1,0,75.6,1108,2375,2,1529.7,0,0,0,0.31,1.3525445874436532,0,0.2,0.0,1,0,0
19125.59,5,6,1,5.53,1443,527,0,1582.74,0,0,0,0.245,12.076218318663416,1,0.0,0.0,0,1,0
1951.24,14,6,1,35.8,929,1295,1,2013.58,0,0,0,0.231,0.9685592034071618,0,0.1,0.0,0,1,0
316.65,15,0,0,61.0,1034,1793,2,713.29,1,0,0,0.026,0.4433073401559591,0,0.2,0.2,1,0,0
1057.91,21,6,1,79.3,917,390,6,1130.88,0,0,0,0.114,0.9346485493161819,0,0.6,0.0,1,0,0
12042.93,4,6,1,32.33,877,853,3,1272.31,0,0,0,0.188,9.457971742937698,1,0.3,0.0,0,0,1
663.29,4,6,1,19.6,507,948,3,513.7,0,1,0,0.179,1.2886924421993393,1,0.3,0.0,0,0,1
973.59,19,2,0,45.26,498,490,1,4164.83,1,0,0,0.298,0.23370852867255745,0,0.1,0.2,0,1,0
2143.48,19,1,0,9.98,542,2197,3,1410.75,1,1,0,0.137,1.51831414910572,0,0.3,0.2,0,0,1
976.97,0,1,0,26.25,1358,953,3,1333.83,0,0,0,0.051,0.7319059355873033,1,0.3,0.0,0,1,0
1338.57,20,6,1,43.77,1169,620,6,1571.14,1,0,0,0.102,0.8514318063276807,0,0.6,0.2,0,1,0
5203.96,19,5,1,49.26,471,1590,7,4243.79,0,0,0,0.094,1.2259640641822094,0,0.7,0.0,1,0,0
7007.38,13,4,0,35.48,148,166,5,572.67,0,0,0,0.109,12.215001656004324,0,0.5,0.0,0,0,1
2882.78,0,0,0,32.34,318,1884,2,976.79,0,0,0,0.615,2.9482608740118024,1,0.2,0.0,0,1,0
1494.32,19,2,0,40.96,851,869,4,1136.8,0,0,0,0.254,1.3133415362981191,0,0.4,0.0,1,0,0
9004.97,2,4,0,48.31,175,2350,5,1097.88,0,0,0,0.253,8.194680037856726,1,0.5,0.0,0,1,0
2877.33,12,6,1,61.77,1115,525,1,4230.46,1,0,0,0.376,0.6799851587868017,0,0.1,0.2,0,1,0
2836.1,20,6,1,48.52,2,1290,1,867.29,0,0,0,0.582,3.2663050363357864,0,0.1,0.0,0,0,1
2680.98,3,0,0,18.45,1331,433,0,3164.33,1,0,0,0.264,0.8469827790467345,1,0.0,0.2,0,0,1
1541.1,4,1,0,51.33,1195,1610,2,1231.41,2,0,0,0.182,1.2504767082383297,1,0.2,0.4,0,1,0
1923.45,11,1,0,51.37,566,1656,2,1241.02,1,0,0,0.268,1.548646559636721,0,0.2,0.2,0,1,0
928.29,18,5,1,19.11,876,1031,2,850.74,0,0,0,0.373,1.0898748444360955,0,0.2,0.0,1,0,0
3031.97,22,0,0,13.64,566,1704,1,849.73,0,0,0,0.191,3.5639627143747132,0,0.1,0.0,0,0,1
231.64,17,2,0,42.11,1360,270,2,1098.12,3,1,0,0.114,0.21075041851663148,0,0.2,0.6,0,0,1
4389.74,22,4,0,23.37,108,1863,3,908.11,0,0,0,0.483,4.828612599135417,0,0.3,0.0,0,0,1
6759.21,12,0,0,46.37,1312,360,5,1175.66,0,1,0,0.329,5.7444036510121865,0,0.5,0.0,1,0,0
3442.94,1,2,0,35.36,63,653,3,2202.79,0,0,0,0.386,1.562281342596164,1,0.3,0.0,0,0,1
818.8,0,0,0,50.24,202,1068,4,977.64,1,0,0,0.113,0.8366712989454753,1,0.4,0.2,0,1,0
607.81,13,4,0,60.36,924,1863,3,804.72,0,0,0,0.43,0.7543687633421039,0,0.3,0.0,0,0,1
2660.38,19,1,0,18.05,1323,2034,6,3617.19,0,0,0,0.156,0.7352792418308602,0,0.6,0.0,0,1,0
2471.77,7,0,0,16.21,1317,1016,1,2329.12,0,0,0,0.328,1.060790860556538,0,0.1,0.0,1,0,0
2972.74,0,1,0,57.53,334,1267,2,943.17,1,0,0,0.392,3.148521982270142,1,0.2,0.2,1,0,0
748.91,10,4,0,35.18,1134,82,4,817.11,0,0,0,0.069,0.9154147975211157,0,0.4,0.0,0,0,1
254.79,18,0,0,9.86,1437,405,4,633.4,0,1,0,0.08,0.40162358133669607,0,0.4,0.0,0,1,0
1377.1,13,5,1,33.26,239,35,1,292.66,0,0,0,0.25,4.689436763604167,0,0.1,0.0,1,0,0
2966.83,2,4,0,3.32,429,2141,3,713.1,0,1,0,0.137,4.154642206973813,1,0.3,0.0,0,0,1
8805.34,7,6,1,8.46,875,1001,6,850.94,0,0,0,0.284,10.335633964833203,0,0.6,0.0,0,1,0
639.7,22,2,0,51.38,218,880,4,489.89,0,0,0,0.427,1.3031432703864412,0,0.4,0.0,0,1,0
4763.57,15,0,0,22.65,949,806,5,5300.02,1,0,0,0.122,0.8986138516738287,0,0.5,0.2,0,0,1
2203.63,20,3,0,25.82,534,200,2,566.07,0,0,1,0.305,3.885992910928104,0,0.2,0.0,0,1,0
642.9,15,1,0,8.31,1037,782,3,2239.69,0,0,0,0.19,0.28692054679585305,0,0.3,0.0,0,1,0
532.99,6,5,1,3.74,1253,1941,1,1675.96,0,0,0,0.347,0.31783107527907645,0,0.1,0.0,0,0,1
588.18,5,5,1,4.15,371,1756,4,3834.63,0,0,0,0.829,0.15334638638241957,1,0.4,0.0,1,0,0
535.13,8,0,0,19.4,741,2272,3,3752.76,0,0,0,0.054,0.14255839478283108,0,0.3,0.0,0,0,1
348.32,16,5,1,65.22,892,1707,3,1214.78,0,0,0,0.114,0.2864992021582852,0,0.3,0.0,0,0,1
3578.12,7,1,0,37.3,1465,2080,4,1974.87,2,1,0,0.429,1.810908612408711,0,0.4,0.4,1,0,0
3286.5,7,2,0,54.11,1161,1207,3,336.01,1,0,0,0.516,9.751936144328061,0,0.3,0.2,0,1,0
1488.47,14,5,1,10.02,466,1932,2,2477.59,0,0,1,0.326,0.600530947030368,0,0.2,0.0,0,0,1
845.87,23,5,1,33.91,1379,785,2,1566.48,0,0,0,0.115,0.5396368693699441,1,0.2,0.0,0,1,0
668.16,19,3,0,0.47,948,31,2,2405.34,0,1,0,0.391,0.2776664976686586,0,0.2,0.0,0,0,1
1548.11,16,2,0,13.02,607,325,3,379.3,0,0,0,0.065,4.070759926373915,0,0.3,0.0,0,0,1
1734.86,16,1,0,6.44,1059,1911,3,1455.56,1,0,1,0.087,1.1910666227275224,0,0.3,0.2,0,0,1
2222.3,14,3,0,33.46,253,1910,4,4109.71,0,1,0,0.268,0.5406122056773648,0,0.4,0.0,1,0,0
3518.84,9,1,0,12.03,814,1123,5,893.43,0,0,1,0.507,3.9341703654841633,0,0.5,0.0,1,0,0
527.55,17,4,0,43.86,139,1415,4,1611.67,1,0,0,0.35,0.327128302752578,0,0.4,0.2,0,1,0
5065.23,14,3,0,32.65,41,280,1,724.56,0,0,0,0.118,6.981131815425327,0,0.1,0.0,1,0,0
2788.49,22,1,0,24.9,972,1570,5,377.68,0,0,0,0.173,7.363710784831519,0,0.5,0.0,1,0,0
474.91,11,1,0,65.01,664,377,5,2632.63,0,1,0,0.331,0.18032525449664533,0,0.5,0.0,0,1,0
1452.49,6,1,0,31.55,1014,717,4,6413.34,1,0,0,0.44,0.22644418599575325,0,0.4,0.2,0,0,1
2490.48,9,6,1,23.65,684,1297,3,1050.71,0,0,0,0.034,2.368029209572981,0,0.3,0.0,1,0,0
6179.76,8,1,0,42.68,249,2174,6,2946.2,0,0,0,0.52,2.096824104234528,0,0.6,0.0,1,0,0
703.49,18,2,0,2.9,818,388,4,6930.54,0,0,0,0.036,0.10149115492372547,0,0.4,0.0,1,0,0
990.5,20,6,1,39.7,434,2396,5,1616.41,0,0,0,0.101,0.6123988351747547,0,0.5,0.0,0,1,0
2608.88,8,1,0,8.23,268,373,0,1626.57,0,0,0,0.227,1.6029295206964986,0,0.0,0.0,1,0,0
777.9,19,4,0,49.62,1374,2421,4,2034.83,0,0,0,0.114,0.38210459615979725,0,0.4,0.0,0,0,1
8358.82,7,2,0,23.41,1056,1642,5,1187.22,1,0,0,0.334,7.034741041221322,0,0.5,0.2,0,0,1
3885.98,18,1,0,21.48,745,996,1,1959.13,0,0,0,0.17,1.9825113640421808,0,0.1,0.0,0,0,1
14586.26,5,0,0,10.01,541,2075,1,2347.08,0,0,0,0.682,6.211994480596913,1,0.1,0.0,0,1,0
1839.44,15,0,0,9.37,307,1127,3,1490.86,0,0,0,0.163,1.2329843282881774,0,0.3,0.0,1,0,0
1728.33,7,0,0,67.14,609,1482,3,589.65,0,0,0,0.206,2.92614915770761,0,0.3,0.0,1,0,0
678.94,8,0,0,15.38,1107,1153,3,227.9,0,0,0,0.46,2.96609873307121,0,0.3,0.0,0,1,0
9077.28,1,4,0,57.55,1477,36,4,2360.83,0,0,1,0.342,3.8433248794367083,1,0.4,0.0,0,0,1
344.94,4,5,1,9.42,574,2051,5,1946.05,0,0,0,0.423,0.17716031945764105,1,0.5,0.0,0,0,1
1418.23,20,3,0,1.53,1150,1865,5,1233.52,0,0,0,0.243,1.1488108738619058,0,0.5,0.0,1,0,0
4833.39,9,1,0,1.54,1317,1849,5,1344.56,1,0,0,0.302,3.5921029162579154,0,0.5,0.2,0,0,1
977.52,9,4,0,54.37,160,993,3,2076.67,0,0,1,0.24,0.47048857614539363,0,0.3,0.0,1,0,0
557.03,11,4,0,7.48,704,1498,2,6950.49,0,0,0,0.06,0.0801310222700457,0,0.2,0.0,1,0,0
1339.13,23,1,0,28.88,1357,1205,1,422.91,0,0,0,0.092,3.158996013304711,1,0.1,0.0,0,0,1
2103.52,15,6,1,21.05,779,1668,2,507.74,0,1,0,0.59,4.134764319691787,0,0.2,0.0,0,1,0
335.09,14,4,0,35.76,927,1191,6,2265.1,0,0,0,0.313,0.14787079122721855,0,0.6,0.0,0,1,0
2843.95,17,0,0,30.87,1453,1134,4,2423.48,0,0,0,0.373,1.1730144195868804,0,0.4,0.0,1,0,0
5127.93,23,6,1,4.56,493,2431,5,2421.62,1,0,0,0.196,2.116687718255443,1,0.5,0.2,0,1,0
1251.73,4,6,1,20.14,702,2375,2,2567.88,0,0,0,0.138,0.48726682445267977,1,0.2,0.0,1,0,0
3359.45,23,4,0,3.24,147,1237,2,1149.7,0,0,0,0.119,2.919483792474146,1,0.2,0.0,0,1,0
598.85,10,6,1,38.15,1151,1352,0,1399.49,1,0,0,0.173,0.4276003398810416,0,0.0,0.2,1,0,0
422.07,10,1,0,31.0,529,32,0,1241.82,0,0,0,0.358,0.3396067008899117,0,0.0,0.0,0,1,0
2277.26,2,5,1,29.67,1416,613,2,839.57,1,0,1,0.18,2.7091854336938033,1,0.2,0.2,0,0,1
1462.45,3,5,1,45.34,709,2297,5,2063.67,0,1,0,0.231,0.7083214266686686,1,0.5,0.0,1,0,0
6011.99,18,0,0,37.37,830,1686,6,1542.45,1,0,0,0.263,3.895163432569892,0,0.6,0.2,0,0,1
1499.59,3,2,0,63.56,503,1470,1,1442.12,0,0,0,0.206,1.0391304950385276,1,0.1,0.0,0,1,0
732.82,2,6,1,12.81,294,1975,7,1630.21,0,0,0,0.594,0.4492493302517763,1,0.7,0.0,0,1,0
7495.13,12,5,1,59.11,1265,820,5,6350.08,1,0,0,0.215,1.180134717244941,0,0.5,0.2,0,1,0
2794.62,23,6,1,40.32,128,89,4,1420.57,0,0,0,0.307,1.9658687226095093,1,0.4,0.0,1,0,0
1600.29,5,2,0,1.02,1326,81,3,941.28,1,0,1,0.059,1.6983168484951394,1,0.3,0.2,0,1,0
645.29,8,0,0,6.48,967,2401,4,428.58,0,0,0,0.035,1.502141626705154,0,0.4,0.0,1,0,0
159.0,0,4,0,5.45,549,2338,1,2955.99,0,1,0,0.017,0.053770895403772084,1,0.1,0.0,0,0,1
838.46,0,2,0,56.4,1418,1535,1,1309.53,1,1,1,0.239,0.639786956422211,1,0.1,0.2,0,1,0
2171.91,0,1,0,47.26,1108,1067,7,707.02,0,0,1,0.268,3.0675828366430324,1,0.7,0.0,0,0,1
331.24,17,0,0,25.68,687,2021,3,1757.59,0,1,0,0.338,0.1883554438499025,0,0.3,0.0,0,1,0
492.64,20,2,0,0.95,1335,808,5,3610.24,0,0,0,0.071,0.13641851552375361,0,0.5,0.0,0,0,1
1641.6,11,0,0,3.03,1152,1858,1,1327.93,0,0,0,0.077,1.2352795105837024,0,0.1,0.0,1,0,0
783.81,4,2,0,30.37,157,1681,3,2279.83,0,0,0,0.261,0.34365121468938936,1,0.3,0.0,1,0,0
7823.13,6,6,1,79.2,17,2183,2,3142.58,0,0,0,0.112,2.4886053480426775,0,0.2,0.0,0,0,1
265.92,5,2,0,44.65,1388,1172,3,3420.05,0,0,0,0.231,0.07773052133117025,1,0.3,0.0,1,0,0
6635.38,12,0,0,27.45,560,1222,3,2524.69,2,0,1,0.315,2.6271553516068877,0,0.3,0.4,0,1,0
10254.95,3,3,0,7.11,735,903,5,5307.17,0,1,0,0.362,1.9319181563514358,1,0.5,0.0,1,0,0
1550.14,6,1,0,45.79,1280,2353,1,2935.87,0,0,0,0.243,0.5278204346804591,0,0.1,0.0,0,1,0
3931.36,9,1,0,5.09,1461,337,2,403.03,0,0,0,0.026,9.730366556938842,0,0.2,0.0,0,0,1
2171.15,17,5,1,29.75,408,1674,2,3265.94,0,0,0,0.55,0.6645821472080907,0,0.2,0.0,0,0,1
14850.35,22,2,0,4.45,841,231,2,2701.37,0,0,0,0.415,5.495305972165174,0,0.2,0.0,0,1,0
313.75,1,6,1,32.75,299,285,3,1077.43,1,0,0,0.475,0.2909321884591489,1,0.3,0.2,0,0,1
5628.28,20,1,0,0.34,1036,1033,6,1712.97,0,0,1,0.192,3.2837680939573035,0,0.6,0.0,1,0,0
2686.76,19,0,0,16.63,20,1882,6,7816.9,0,0,0,0.535,0.34366773686028224,0,0.6,0.0,1,0,0
3194.38,8,2,0,30.09,614,2421,2,686.15,0,1,0,0.209,4.6487375391108205,0,0.2,0.0,0,1,0
4127.48,23,0,0,3.35,1260,698,2,763.55,0,1,0,0.321,5.398574324766202,1,0.2,0.0,1,0,0
1740.75,0,6,1,69.22,1246,1951,2,1489.79,3,0,0,0.118,1.1676694906727305,1,0.2,0.6,0,1,0
2253.13,22,1,0,29.39,1319,792,1,4788.42,2,0,0,0.225,0.4704390093163682,0,0.1,0.4,0,0,1
609.35,4,6,1,8.37,86,1410,5,4020.36,0,0,0,0.151,0.15152833867149423,1,0.5,0.0,1,0,0
3799.65,9,3,0,90.26,207,1438,0,1669.29,0,0,1,0.284,2.2748444880829077,0,0.0,0.0,1,0,0
277.48,1,0,0,18.1,226,1859,3,997.77,0,0,0,0.366,0.2778217207164813,1,0.3,0.0,0,0,1
1322.17,23,5,1,49.76,947,1147,2,1702.55,0,0,0,0.019,0.7761263244401397,1,0.2,0.0,0,0,1
2358.33,7,6,1,28.14,73,1073,4,1098.51,0,0,0,0.351,2.144891815445062,0,0.4,0.0,0,1,0
1167.33,4,2,0,7.2,1470,2147,4,2093.83,0,0,0,0.217,0.5572433085262288,1,0.4,0.0,1,0,0
5445.26,5,2,0,14.99,289,1158,3,2351.98,1,0,0,0.062,2.3141973157442903,1,0.3,0.2,0,0,1
409.25,7,0,0,23.18,1211,1404,6,2612.0,0,0,0,0.246,0.15662074244163796,0,0.6,0.0,0,0,1
4957.63,8,0,0,26.18,372,1117,2,1821.2,0,1,0,0.446,2.720683788826693,0,0.2,0.0,0,0,1
183.27,15,6,1,55.98,1113,1789,2,2221.57,0,0,0,0.165,0.08245859522984653,0,0.2,0.0,1,0,0
1448.09,12,5,1,79.81,558,1050,4,1361.96,1,0,0,0.428,1.0624596466514056,0,0.4,0.2,0,0,1
1156.41,23,4,0,65.83,738,1781,1,895.06,0,1,0,0.737,1.29054973997277,1,0.1,0.0,0,0,1
1581.84,12,2,0,32.73,88,2013,4,577.93,0,0,0,0.281,2.732351061440934,0,0.4,0.0,1,0,0
2115.51,4,3,0,12.1,843,1352,1,2819.37,0,0,0,0.42,0.7500824359924408,1,0.1,0.0,0,0,1
1590.93,10,0,0,20.68,174,1583,5,921.54,0,0,0,0.117,1.7245105903267068,0,0.5,0.0,0,0,1
2383.96,10,1,0,16.5,1012,55,4,5809.18,0,0,0,0.217,0.4103074259317267,0,0.4,0.0,0,1,0
1719.56,4,5,1,1.15,384,1206,0,3553.91,0,0,0,0.179,0.4837140743366217,1,0.0,0.0,0,1,0
1345.28,8,1,0,12.61,265,480,1,593.44,1,0,0,0.118,2.2631047708767915,0,0.1,0.2,0,0,1
624.04,7,3,0,56.58,109,1677,5,4979.5,0,0,0,0.155,0.1252966569621524,0,0.5,0.0,0,1,0
18686.39,12,1,0,44.87,1113,1826,2,2963.37,1,1,0,0.286,6.303663172950745,0,0.2,0.2,0,0,1
7886.66,13,0,0,16.12,701,1420,1,355.54,0,0,0,0.36,22.11998653727492,0,0.1,0.0,0,0,1
2642.99,21,5,1,31.79,804,1497,3,2896.77,1,0,1,0.435,0.9120772179986679,0,0.3,0.2,0,0,1
261.03,1,4,0,29.68,270,647,1,1266.35,0,0,0,0.269,0.2059652029826015,1,0.1,0.0,1,0,0
701.57,23,6,1,29.88,1025,924,1,2041.38,0,0,0,0.14,0.3435061056218725,1,0.1,0.0,0,0,1
1740.1,23,5,1,10.85,1383,1801,4,1296.6,1,0,0,0.456,1.3410141800246609,1,0.4,0.2,0,0,1
5465.54,20,4,0,27.48,538,1527,1,1682.76,0,0,0,0.085,3.246032688744239,0,0.1,0.0,0,0,1
1992.25,1,1,0,0.43,41,1604,3,2439.81,0,0,0,0.171,0.8162249417201667,1,0.3,0.0,1,0,0
4908.16,14,6,1,4.99,925,1054,1,1579.06,0,0,0,0.049,3.1063124185157527,0,0.1,0.0,1,0,0
278.22,5,0,0,26.35,655,2012,2,1863.4,0,0,0,0.423,0.1492276335550311,1,0.2,0.0,0,1,0
996.49,13,6,1,48.33,1434,1750,3,1502.24,0,0,0,0.259,0.6628948138687103,0,0.3,0.0,0,0,1
341.55,21,4,0,15.43,263,272,1,3149.43,0,0,0,0.246,0.10841377208825463,0,0.1,0.0,0,0,1
4085.13,21,4,0,52.09,1176,1209,2,819.79,1,0,0,0.158,4.977070870746476,0,0.2,0.2,1,0,0
1934.81,5,3,0,9.19,1452,1997,1,2132.33,2,0,0,0.127,0.9069436045993822,1,0.1,0.4,0,1,0
5017.45,9,1,0,17.72,687,2089,6,1572.8,0,1,1,0.344,3.1881115770745967,0,0.6,0.0,0,0,1
766.17,11,2,0,26.17,462,1404,5,1400.95,0,0,0,0.229,0.5465030849887657,0,0.5,0.0,1,0,0
3087.54,0,1,0,18.46,529,570,4,1813.62,2,0,0,0.073,1.7014801997112343,1,0.4,0.4,1,0,0
1485.92,11,4,0,13.98,1287,788,3,833.06,1,0,0,0.19,1.7815504879744863,0,0.3,0.2,0,1,0
2875.78,22,2,0,16.44,1141,2435,3,1314.4,0,1,0,0.191,2.1862399270183976,0,0.3,0.0,0,1,0
2695.87,4,0,0,38.03,349,2306,2,1106.24,1,1,0,0.51,2.434765723781655,1,0.2,0.2,0,1,0
1786.94,0,6,1,77.38,111,1373,3,1595.8,0,1,0,0.134,1.1190756513026052,1,0.3,0.0,0,1,0
591.94,9,5,1,6.99,1367,461,3,616.56,2,1,0,0.211,0.9585141524710151,0,0.3,0.4,1,0,0
472.7,19,4,0,42.02,677,206,3,479.94,0,0,0,0.499,0.9828668856822057,0,0.3,0.0,0,1,0
6086.82,21,6,1,21.46,870,2037,3,3212.89,1,0,0,0.34,1.893910494758688,0,0.3,0.2,0,1,0
491.56,3,5,1,26.99,922,946,1,1026.09,0,0,0,0.432,0.4785948651043239,1,0.1,0.0,0,0,1
829.77,6,0,0,0.45,519,395,1,1136.58,0,0,0,0.435,0.7294168322227887,0,0.1,0.0,1,0,0
674.01,13,1,0,37.52,235,1375,2,1087.5,0,0,0,0.154,0.6192099219108865,0,0.2,0.0,0,1,0
708.36,6,3,0,40.5,1019,1803,1,2931.96,0,0,0,0.464,0.24151710217664066,0,0.1,0.0,0,1,0
821.48,16,4,0,87.48,736,736,1,909.71,0,1,0,0.205,0.9020214997090182,0,0.1,0.0,1,0,0
11562.61,7,4,0,37.28,136,1333,3,3780.83,1,0,0,0.405,3.0574113590510414,0,0.3,0.2,1,0,0
806.49,19,0,0,20.87,1408,1398,2,2216.62,1,0,0,0.397,0.36367366816677343,0,0.2,0.2,0,1,0
2535.8,7,0,0,0.58,1290,1020,3,1752.43,1,0,0,0.216,1.4461940311275614,0,0.3,0.2,0,0,1
3362.65,19,1,0,37.56,620,472,5,1194.65,0,0,0,0.047,2.8124032952787186,0,0.5,0.0,0,0,1
14492.25,7,6,1,6.58,607,660,3,809.62,0,0,0,0.243,17.877982285164443,0,0.3,0.0,0,0,1
3466.79,14,1,0,50.62,315,2399,7,4083.36,0,0,1,0.197,0.8487963842560401,0,0.7,0.0,0,1,0
5185.91,8,6,1,2.66,15,1525,2,894.32,0,0,0,0.4,5.792241879998213,0,0.2,0.0,0,1,0
1658.83,6,4,0,40.93,7,1846,4,1426.3,0,0,0,0.291,1.162215371680796,0,0.4,0.0,0,0,1
6094.94,14,2,0,17.92,1112,1882,2,4497.34,0,0,0,0.202,1.354930930076428,0,0.2,0.0,1,0,0
680.54,9,3,0,20.3,1292,1593,4,1546.15,1,0,0,0.421,0.43986685195359204,0,0.4,0.2,0,0,1
7106.17,21,4,0,0.11,19,166,6,2200.01,1,0,1,0.211,3.2285950540888044,0,0.6,0.2,0,0,1
2914.89,8,5,1,74.2,331,2333,3,2855.49,0,0,0,0.512,1.0204446716074624,0,0.3,0.0,0,1,0
10058.29,17,2,0,31.02,1333,256,8,1840.6,1,0,0,0.258,5.461712641181582,0,0.8,0.2,0,0,1
3780.7,3,5,1,17.97,352,2263,5,1121.87,0,0,0,0.415,3.366997070008104,1,0.5,0.0,0,0,1
2296.99,11,4,0,9.12,991,459,4,536.04,1,0,0,0.323,4.277130195143751,0,0.4,0.2,1,0,0
823.81,14,3,0,31.66,1156,2253,3,2149.47,1,0,1,0.632,0.3830836979823016,0,0.3,0.2,0,1,0
1042.05,13,3,0,54.86,20,1036,1,1046.63,0,0,0,0.136,0.9946736920477648,0,0.1,0.0,0,1,0
3917.52,21,0,0,93.68,162,1874,4,1193.59,1,0,0,0.358,3.279384558718891,0,0.4,0.2,0,0,1
2032.37,0,6,1,6.5,1335,2258,2,1360.43,2,0,0,0.306,1.4928200495067685,1,0.2,0.4,1,0,0
361.77,10,2,0,27.86,1428,1113,4,744.82,0,0,0,0.151,0.485063420128181,0,0.4,0.0,0,0,1
9505.91,4,1,0,54.6,380,2183,0,600.21,0,0,0,0.182,15.811297217278486,1,0.0,0.0,0,0,1
833.67,18,6,1,9.49,944,692,3,909.63,1,0,0,0.11,0.9154870803729286,0,0.3,0.2,0,0,1
937.95,15,1,0,4.18,1439,2129,1,998.69,0,0,0,0.186,0.9382408546649461,0,0.1,0.0,0,1,0
2292.3,11,2,0,69.06,904,2368,3,4119.14,0,1,0,0.073,0.5563645895527822,0,0.3,0.0,0,0,1
1553.31,4,5,1,7.21,841,2110,2,2995.17,0,0,1,0.332,0.5184318646805754,1,0.2,0.0,0,1,0
954.43,0,0,0,13.37,279,1882,2,2232.85,0,0,0,0.119,0.427257873178593,1,0.2,0.0,0,1,0
6225.62,20,0,0,22.08,654,348,4,1271.48,1,0,0,0.528,4.892509116056834,0,0.4,0.2,0,1,0
4926.47,0,0,0,7.54,724,1112,2,2721.95,0,0,0,0.087,1.8092399786995723,1,0.2,0.0,0,1,0
567.42,7,2,0,56.0,528,862,2,2135.11,0,0,0,0.367,0.2656323878451952,0,0.2,0.0,0,0,1
475.57,4,0,0,4.54,400,1138,0,905.09,0,1,0,0.026,0.5248595614122217,1,0.0,0.0,0,0,1
1562.04,7,6,1,8.47,1366,1274,1,2960.82,0,0,0,0.219,0.527391941441411,0,0.1,0.0,0,1,0
910.69,17,1,0,38.74,1270,1054,5,2788.13,0,0,0,0.168,0.3265140025742794,0,0.5,0.0,0,0,1
591.26,1,6,1,74.96,965,122,4,911.56,1,1,1,0.197,0.6479135618479881,1,0.4,0.2,0,1,0
1173.12,8,0,0,9.7,1071,132,4,1052.05,0,0,1,0.365,1.1140211765823085,0,0.4,0.0,0,1,0
3788.74,22,6,1,14.84,1009,674,1,5644.67,0,0,0,0.107,0.6710877539778272,0,0.1,0.0,0,0,1
578.08,1,3,0,11.21,1477,552,2,1359.22,0,0,0,0.279,0.42499007513490467,1,0.2,0.0,1,0,0
830.0,9,6,1,17.3,1130,956,2,2600.76,0,0,0,0.058,0.31901482073673204,0,0.2,0.0,1,0,0
5473.3,20,5,1,17.86,188,1272,3,366.33,1,0,0,0.423,14.900225954863476,0,0.3,0.2,0,0,1
3424.72,11,3,0,90.94,462,584,3,1150.52,0,0,0,0.36,2.9740864248992636,0,0.3,0.0,0,0,1
4529.64,1,0,0,79.03,1260,1219,1,515.81,0,0,1,0.379,8.76461368781564,1,0.1,0.0,0,0,1
2486.22,23,5,1,33.59,1497,1660,3,2012.96,1,0,1,0.033,1.2344932372043138,1,0.3,0.2,0,0,1
14247.17,7,4,0,3.57,1375,1668,3,733.56,1,0,0,0.122,19.395515682857766,0,0.3,0.2,0,0,1
881.7,9,3,0,23.48,289,1573,2,1399.69,0,0,0,0.157,0.6294754728026901,0,0.2,0.0,1,0,0
895.03,18,2,0,12.95,205,790,6,7500.33,1,0,0,0.446,0.11931617459837122,0,0.6,0.2,0,0,1
860.94,14,3,0,35.98,496,2003,1,1006.43,0,0,0,0.251,0.8545903933772074,0,0.1,0.0,0,1,0
708.63,0,4,0,36.8,1421,2202,6,504.48,0,0,0,0.34,1.4018952282978554,1,0.6,0.0,0,1,0
7127.86,7,2,0,4.3,1318,2429,3,1046.55,0,1,0,0.411,6.804314829841058,0,0.3,0.0,0,1,0
1257.92,23,3,0,26.7,383,1507,1,1137.74,0,1,0,0.296,1.1046595359783622,1,0.1,0.0,0,0,1
5265.41,13,0,0,40.69,260,445,2,2434.54,1,0,0,0.25,2.1619065997684292,0,0.2,0.2,0,1,0
2458.09,23,2,0,36.98,625,1795,1,1393.26,0,0,0,0.598,1.7630068997174129,1,0.1,0.0,1,0,0
6803.06,21,1,0,33.72,1377,2258,1,624.32,0,0,0,0.189,10.87932578519798,0,0.1,0.0,0,0,1
4407.46,0,0,0,1.28,1245,1462,5,2093.34,0,0,0,0.049,2.1044625037004496,1,0.5,0.0,0,1,0
273.34,7,0,0,14.85,1279,701,3,3198.47,0,0,0,0.238,0.08543289982403335,0,0.3,0.0,0,1,0
687.21,20,6,1,26.57,1051,501,9,2014.08,0,0,0,0.422,0.34103360660618937,0,0.9,0.0,1,0,0
1767.61,13,5,1,128.45,1456,1217,0,1313.96,2,1,1,0.034,1.3442310032244327,0,0.0,0.4,0,0,1
1355.85,22,4,0,26.36,797,889,3,1115.36,0,0,0,0.46,1.214527571751048,0,0.3,0.0,0,1,0
7460.71,16,1,0,50.85,1498,1572,8,1182.15,1,0,0,0.566,6.305802307399738,0,0.8,0.2,0,0,1
2615.36,7,6,1,69.49,551,940,2,2236.07,0,1,0,0.138,1.1691006539804298,0,0.2,0.0,0,0,1
1554.43,23,3,0,40.71,1365,229,2,5145.07,0,0,0,0.181,0.30206157320052,1,0.2,0.0,0,0,1
1461.24,23,2,0,16.6,1464,2390,2,2056.82,0,0,0,0.306,0.7100912616263813,1,0.2,0.0,0,1,0
2457.82,13,5,1,25.42,803,1500,5,4754.25,0,0,1,0.356,0.5168645181641344,0,0.5,0.0,0,0,1
6556.0,18,6,1,49.83,1012,1748,2,3336.77,1,0,0,0.178,1.9641856688747277,0,0.2,0.2,0,1,0
1409.57,13,0,0,87.7,386,250,3,1404.93,0,0,0,0.294,1.002589033593422,0,0.3,0.0,0,0,1
1145.39,14,6,1,12.97,568,1602,1,2349.94,0,1,0,0.267,0.4872051179528189,0,0.1,0.0,0,1,0
4204.57,8,6,1,30.53,915,634,1,584.84,0,0,0,0.211,7.176993718421411,0,0.1,0.0,0,1,0
1818.58,22,4,0,5.24,1364,1642,4,575.62,1,0,0,0.343,3.153862162255905,0,0.4,0.2,1,0,0
7283.9,20,1,0,39.74,277,1116,3,772.22,0,0,0,0.165,9.420216755903882,0,0.3,0.0,0,0,1
5205.13,20,2,0,48.79,939,928,0,1403.85,0,0,0,0.296,3.7051144250275834,0,0.0,0.0,0,1,0
2604.55,19,5,1,15.38,1100,1140,3,1929.68,0,0,1,0.366,1.3490324652454058,0,0.3,0.0,0,1,0
3528.25,1,5,1,42.1,165,723,1,796.51,0,0,0,0.201,4.424082456646311,1,0.1,0.0,0,0,1
7003.04,18,5,1,53.13,954,2313,3,3007.43,0,0,0,0.179,2.3278055331186036,0,0.3,0.0,0,0,1
3382.52,11,6,1,9.55,1101,799,1,1378.81,0,1,0,0.131,2.4514389662344818,0,0.1,0.0,0,0,1
2075.21,5,6,1,63.21,1276,1149,3,2752.38,1,0,0,0.699,0.7536954579462334,1,0.3,0.2,0,0,1
589.58,19,0,0,83.03,201,1917,3,846.62,0,0,0,0.195,0.6955711285717657,0,0.3,0.0,0,0,1
1035.8,6,4,0,21.99,24,1712,4,1683.22,0,0,0,0.103,0.6150027906093027,0,0.4,0.0,1,0,0
3243.64,20,3,0,24.93,512,762,1,2449.14,2,0,0,0.042,1.3238590447892773,0,0.1,0.4,0,1,0
3729.57,18,4,0,24.63,1203,1828,5,1295.27,1,0,0,0.309,2.8771552222916523,0,0.5,0.2,1,0,0
926.59,22,6,1,29.84,83,2313,2,729.13,0,1,0,0.157,1.2690753701395643,0,0.2,0.0,1,0,0
1097.83,10,6,1,30.06,729,1109,1,1369.53,0,1,0,0.33,0.8010258804987851,0,0.1,0.0,1,0,0
1010.09,17,4,0,59.58,446,2033,3,2064.16,0,0,0,0.164,0.48910980263030474,0,0.3,0.0,1,0,0
1403.35,6,4,0,82.9,1198,1579,4,1816.24,1,0,0,0.447,0.7722425216262023,0,0.4,0.2,0,0,1
1579.33,17,3,0,58.45,894,1653,1,2460.04,0,0,0,0.364,0.6417327633845854,0,0.1,0.0,0,1,0
4715.51,6,1,0,9.46,259,35,2,1430.22,0,1,0,0.321,3.2947485362138598,0,0.2,0.0,0,0,1
3268.16,19,4,0,8.62,1309,2093,2,1094.01,0,0,0,0.089,2.9845937480023013,0,0.2,0.0,1,0,0
1565.89,15,1,0,36.28,838,1214,4,2466.61,0,0,0,0.334,0.6345775872200227,0,0.4,0.0,0,0,1
8754.54,2,6,1,27.41,1023,841,3,971.49,0,0,0,0.185,9.00219025388436,1,0.3,0.0,0,1,0
7139.95,7,2,0,33.36,1193,932,0,1293.52,1,0,0,0.365,5.515519265828261,0,0.0,0.2,0,0,1
2910.25,4,1,0,9.87,974,460,2,753.94,0,0,0,0.053,3.8549421146051337,1,0.2,0.0,1,0,0
790.81,19,0,0,1.85,1338,826,1,2617.59,0,1,0,0.105,0.3019984037210865,0,0.1,0.0,0,0,1
2767.29,16,3,0,14.2,340,2294,3,1179.63,0,1,1,0.532,2.3439096075823924,0,0.3,0.0,0,1,0
1243.57,14,1,0,35.46,279,612,0,1422.42,1,0,0,0.228,0.8736493796630649,0,0.0,0.2,0,0,1
3458.02,9,5,1,32.24,470,931,4,910.78,0,0,0,0.333,3.792603478909386,0,0.4,0.0,1,0,0
519.45,5,0,0,36.77,689,825,6,1370.38,0,0,0,0.253,0.3787790400910032,1,0.6,0.0,1,0,0
154.87,0,6,1,20.09,1351,964,4,848.34,1,1,0,0.434,0.18234158287611557,1,0.4,0.2,1,0,0
948.5,19,3,0,20.69,932,640,5,2038.99,1,0,0,0.275,0.4649532595748018,0,0.5,0.2,0,0,1
3434.76,7,3,0,81.64,624,106,1,2280.9,0,0,0,0.305,1.505219334764889,0,0.1,0.0,0,1,0
409.69,2,3,0,56.99,594,564,3,395.58,0,0,0,0.689,1.0330576428463363,1,0.3,0.0,0,0,1
3438.19,6,2,0,8.03,1055,1545,3,2332.52,0,0,0,0.159,1.4733921286297096,0,0.3,0.0,1,0,0
10272.91,23,0,0,21.09,139,167,3,2324.64,0,0,0,0.357,4.4172399855523645,1,0.3,0.0,0,0,1
5737.38,19,1,0,3.68,1083,1340,1,776.98,0,0,0,0.384,7.374714002930666,0,0.1,0.0,1,0,0
3868.3,21,3,0,5.82,623,538,8,1148.19,0,0,0,0.327,3.366110042725746,0,0.8,0.0,0,0,1
560.09,2,5,1,15.49,542,998,4,4127.49,0,0,0,0.285,0.13566461345431383,1,0.4,0.0,0,0,1
6343.15,14,6,1,0.73,1130,628,5,950.13,2,0,0,0.412,6.669067319924721,0,0.5,0.4,0,1,0
917.37,21,2,0,14.44,1355,1309,2,6279.08,0,0,1,0.156,0.1460761646348454,0,0.2,0.0,1,0,0
1437.09,17,0,0,36.17,383,1648,2,3098.46,0,0,1,0.306,0.46365818561943045,0,0.2,0.0,0,0,1
925.79,5,2,0,23.91,701,1160,2,2455.32,1,1,0,0.39,0.3769012180823345,1,0.2,0.2,0,1,0
1843.72,9,2,0,89.89,436,457,3,1722.89,0,0,0,0.151,1.0695113957387072,0,0.3,0.0,0,1,0
3822.15,18,6,1,32.68,944,1640,1,2813.43,0,0,0,0.225,1.3580547393255473,0,0.1,0.0,0,1,0
649.64,8,3,0,10.87,496,1819,2,1829.25,0,0,0,0.485,0.35494604562218274,0,0.2,0.0,0,0,1
244.97,23,1,0,7.25,228,79,2,2039.51,0,0,1,0.287,0.1200533200033325,1,0.2,0.0,0,0,1
3000.93,13,6,1,53.94,663,2172,2,3014.37,1,0,0,0.341,0.9952112012787817,0,0.2,0.2,1,0,0
1081.46,6,5,1,10.74,606,2238,2,1361.2,0,0,0,0.273,0.7939069152840993,0,0.2,0.0,0,1,0
1513.54,0,5,1,32.61,482,952,5,594.53,0,0,0,0.27,2.5415008479841488,1,0.5,0.0,0,1,0
547.41,21,1,0,20.6,137,1937,4,3847.35,0,0,0,0.064,0.14224537788922526,0,0.4,0.0,0,0,1
635.8,8,6,1,13.37,1213,1075,4,3552.49,0,0,0,0.065,0.1789226929019077,0,0.4,0.0,0,1,0
3574.43,21,0,0,58.24,1482,199,1,7517.8,1,0,0,0.436,0.4753989998404,0,0.1,0.2,0,0,1
2125.43,2,1,0,1.51,1189,2062,2,1278.03,0,0,0,0.287,1.6617514835461247,1,0.2,0.0,0,1,0
1057.49,0,3,0,15.24,663,276,3,296.75,0,0,1,0.239,3.5516036943744753,1,0.3,0.0,0,0,1
1214.89,4,2,0,39.98,925,573,4,1799.35,0,0,1,0.438,0.6748076762851669,1,0.4,0.0,1,0,0
1248.95,19,1,0,29.42,874,2444,2,2706.89,1,1,0,0.14,0.46122626842301573,0,0.2,0.2,0,1,0
1964.27,21,4,0,24.4,1066,122,0,1482.19,0,1,0,0.436,1.324354937668134,0,0.0,0.0,1,0,0
1560.96,2,4,0,13.52,1171,132,3,1904.31,0,0,0,0.446,0.8192682555594628,1,0.3,0.0,0,1,0
19781.1,9,2,0,18.02,39,1599,3,615.14,0,0,0,0.218,32.10487876132048,0,0.3,0.0,1,0,0
1319.41,9,3,0,6.03,982,2252,1,2613.43,1,1,0,0.046,0.5046644966589277,0,0.1,0.2,0,1,0
762.71,3,1,0,52.95,940,792,2,835.17,1,0,0,0.255,0.9121470514369089,1,0.2,0.2,1,0,0
388.28,5,5,1,27.67,4,1220,5,1170.93,1,0,0,0.17,0.3313167168687549,1,0.5,0.2,0,0,1
791.03,10,6,1,42.57,595,1102,3,2023.08,0,0,0,0.461,0.3908096517924193,0,0.3,0.0,1,0,0
1632.32,10,0,0,95.49,993,395,3,1553.2,0,0,1,0.454,1.0502638013125722,0,0.3,0.0,0,0,1
2348.25,22,0,0,12.73,293,2009,4,2267.21,0,0,0,0.466,1.0352877379078655,0,0.4,0.0,0,0,1
8018.12,1,5,1,59.09,1415,1576,3,1318.25,0,0,0,0.31,6.07778662118628,1,0.3,0.0,1,0,0
2494.47,20,6,1,9.69,1309,694,1,698.37,2,0,0,0.538,3.566738636201152,0,0.1,0.4,1,0,0
903.2,3,4,0,2.27,316,249,2,2929.24,0,0,0,0.105,0.30823413781806275,1,0.2,0.0,0,1,0
4988.04,18,1,0,54.42,808,2061,5,850.6,0,0,1,0.383,5.857256928135275,0,0.5,0.0,1,0,0
1414.57,22,6,1,47.97,277,1762,3,850.92,0,0,1,0.242,1.6604493379660061,0,0.3,0.0,0,1,0
7065.72,2,0,0,81.59,957,731,6,640.39,0,0,0,0.142,11.016261556931042,1,0.6,0.0,0,0,1
3045.02,23,4,0,23.18,465,1234,4,1684.68,0,1,0,0.029,1.8064045370414312,1,0.4,0.0,0,0,1
1212.14,21,4,0,54.02,1494,657,3,761.05,1,0,1,0.392,1.590630536054065,0,0.3,0.2,0,0,1
1333.54,4,2,0,2.08,1446,383,1,412.97,0,0,0,0.32,3.221344541875015,1,0.1,0.0,0,0,1
5002.39,18,3,0,16.7,1196,1121,2,2296.98,0,0,0,0.145,2.176864028407558,0,0.2,0.0,1,0,0
9227.74,16,6,1,21.29,936,1323,1,495.08,2,0,0,0.285,18.60131430414449,0,0.1,0.4,0,0,1
140.73,20,2,0,25.69,317,1043,3,3720.14,0,0,0,0.37,0.03781905545074896,0,0.3,0.0,0,1,0
5161.11,23,5,1,21.58,811,1921,4,2513.9,0,0,1,0.67,2.05221281164261,1,0.4,0.0,1,0,0
1543.27,13,5,1,49.02,1023,723,4,2105.69,1,0,0,0.241,0.732556759656143,0,0.4,0.2,0,0,1
2383.84,10,1,0,19.74,1076,1150,2,1442.97,0,0,0,0.1,1.6508930240932984,0,0.2,0.0,1,0,0
2330.31,12,3,0,27.38,1249,1700,1,693.61,0,1,0,0.074,3.3548466045694707,0,0.1,0.0,0,1,0
223.65,23,1,0,41.47,880,2187,3,1852.79,0,0,0,0.374,0.12064473322220964,1,0.3,0.0,0,1,0
2146.24,19,6,1,60.85,24,230,1,2532.3,1,0,0,0.421,0.8472111475150987,0,0.1,0.2,0,0,1
1112.17,15,4,0,26.2,776,1206,1,1667.78,0,0,0,0.461,0.6664569326094513,0,0.1,0.0,0,0,1
8660.35,8,2,0,19.8,183,1289,0,720.31,0,0,0,0.345,12.006418876765887,0,0.0,0.0,1,0,0
9109.04,15,0,0,10.3,205,1245,3,2768.64,0,1,0,0.221,3.2888895307693424,0,0.3,0.0,0,1,0
1213.0,8,3,0,27.33,29,894,1,3072.91,0,0,0,0.235,0.3946114232362041,0,0.1,0.0,0,1,0
220.22,2,5,1,33.45,391,1955,2,1147.08,0,0,0,0.131,0.19181590133091772,1,0.2,0.0,0,0,1
1169.47,4,1,0,64.46,1207,1663,2,663.9,3,0,0,0.174,1.7588659948864491,1,0.2,0.6,1,0,0
1417.6,23,6,1,64.35,54,2081,1,3158.2,0,0,0,0.235,0.4487211952393011,1,0.1,0.0,0,1,0
5346.65,2,0,0,100.29,214,1876,1,1954.35,0,0,0,0.44,2.7343698059170993,1,0.1,0.0,0,1,0
643.52,16,3,0,11.29,1296,1238,1,909.79,1,0,0,0.107,0.7065514553299883,0,0.1,0.2,0,0,1
2177.79,1,0,0,32.02,183,446,4,1149.89,0,0,1,0.111,1.8922659854547348,1,0.4,0.0,1,0,0
1458.47,0,3,0,27.59,1112,1450,0,1625.74,0,1,0,0.463,0.89655999114794,1,0.0,0.0,0,0,1
1440.42,9,5,1,1.52,1455,124,3,4322.98,0,1,0,0.206,0.333123649970629,0,0.3,0.0,1,0,0
173.57,2,0,0,30.21,978,997,9,958.02,1,1,0,0.207,0.18098684073324853,1,0.9,0.2,0,0,1
2209.64,20,6,1,50.12,1028,338,0,2506.57,0,0,0,0.083,0.8811877634522665,0,0.0,0.0,0,0,1
4332.15,20,0,0,43.42,133,786,2,537.62,0,0,0,0.221,8.043054472540938,0,0.2,0.0,0,1,0
948.03,16,3,0,10.62,203,1974,3,930.48,1,0,1,0.229,1.0177674238845706,0,0.3,0.2,1,0,0
180.39,4,0,0,12.91,144,1295,6,329.54,0,0,0,0.458,0.5457433290978398,1,0.6,0.0,0,1,0
328.94,7,6,1,90.92,384,1384,1,1730.9,0,0,0,0.451,0.18993013453432644,0,0.1,0.0,1,0,0
3985.21,12,0,0,14.89,996,1886,1,3244.72,0,0,0,0.04,1.2278354263460804,0,0.1,0.0,1,0,0
1023.79,15,4,0,67.83,731,1654,2,2391.24,0,1,0,0.416,0.4279629134200582,0,0.2,0.0,1,0,0
268.62,1,6,1,106.89,1290,584,2,850.6,0,1,0,0.167,0.3154297792390794,1,0.2,0.0,0,0,1
2357.31,22,0,0,52.01,1441,664,3,1906.51,0,0,1,0.118,1.2358047926354252,0,0.3,0.0,1,0,0
8279.73,19,0,0,85.24,324,2334,1,1895.12,2,0,1,0.045,4.366669831023353,0,0.1,0.4,0,1,0
2738.87,23,0,0,94.54,1095,1810,1,1513.78,2,0,0,0.098,1.808097545518161,1,0.1,0.4,0,1,0
1757.93,3,4,0,20.85,966,2173,2,2033.81,0,0,0,0.364,0.8639283274605492,1,0.2,0.0,0,0,1
1096.7,1,5,1,42.31,708,1315,0,1137.55,0,0,1,0.275,0.9632427210047869,1,0.0,0.0,0,0,1
244.41,6,1,0,37.82,186,1479,2,1664.29,1,0,0,0.241,0.14676722973175843,0,0.2,0.2,0,1,0
1610.69,12,4,0,41.99,813,1992,1,1207.34,1,1,0,0.42,1.332977473227734,0,0.1,0.2,0,1,0
2693.65,22,2,0,54.92,928,1296,2,3820.96,0,0,0,0.425,0.7047823629760647,0,0.2,0.0,1,0,0
393.82,9,4,0,45.96,440,1177,1,2491.89,0,1,0,0.237,0.15797728740538092,0,0.1,0.0,0,1,0
1388.49,20,2,0,44.71,543,1404,3,3702.28,0,0,0,0.475,0.3749351925860318,0,0.3,0.0,1,0,0
2872.16,21,5,1,20.45,1197,247,2,1020.25,1,0,0,0.234,2.812396572827417,0,0.2,0.2,1,0,0
1079.46,15,6,1,27.34,1040,195,6,203.41,0,0,0,0.326,5.280857100924613,0,0.6,0.0,0,1,0
7358.15,5,5,1,27.83,419,1638,4,3112.94,0,0,0,0.296,2.362971027058967,1,0.4,0.0,0,0,1
998.8,13,4,0,1.86,1050,2044,5,1939.8,1,0,0,0.331,0.5146331409727947,0,0.5,0.2,1,0,0
1397.07,3,3,0,22.28,1437,314,3,949.29,0,0,0,0.193,1.4701512169969166,1,0.3,0.0,0,0,1
5377.32,14,1,0,44.12,81,374,3,5667.45,1,0,0,0.315,0.9486402808527904,0,0.3,0.2,0,1,0
3417.2,14,6,1,40.74,754,773,2,2535.58,1,0,0,0.164,1.3471682343943419,0,0.2,0.2,0,1,0
5307.12,11,3,0,31.92,1245,409,7,391.87,0,0,0,0.532,13.508590627943086,0,0.7,0.0,0,1,0
5891.47,13,0,0,19.46,891,1105,4,1792.53,0,0,0,0.229,3.284846085652317,0,0.4,0.0,0,1,0
1206.28,16,2,0,24.17,494,1975,2,336.04,0,1,0,0.138,3.579041063375267,0,0.2,0.0,0,1,0
1653.18,16,4,0,8.41,958,893,3,2138.74,1,0,0,0.39,0.7726078869395349,0,0.3,0.2,0,1,0
423.61,9,2,0,60.37,267,2153,2,3965.04,1,0,0,0.197,0.10680931105082148,0,0.2,0.2,0,0,1
627.09,17,4,0,51.5,81,1479,2,830.6,0,0,0,0.076,0.7540764790764791,0,0.2,0.0,0,0,1
942.64,17,2,0,37.2,421,561,3,1060.5,0,0,1,0.633,0.8880263777673104,0,0.3,0.0,0,1,0
628.54,17,6,1,24.5,1323,2108,3,1951.13,0,1,0,0.253,0.3219765077120888,0,0.3,0.0,1,0,0
1540.12,23,2,0,8.21,1425,651,1,3018.85,1,0,0,0.114,0.5099988410020365,1,0.1,0.2,1,0,0
788.78,23,3,0,38.25,1387,876,4,300.14,0,0,0,0.196,2.619313276217042,1,0.4,0.0,0,0,1
1365.66,0,1,0,32.87,1140,1129,2,1931.36,0,0,0,0.31,0.7067316649071602,1,0.2,0.0,1,0,0
439.37,3,5,1,3.52,901,399,4,3878.46,0,0,0,0.118,0.11325545307852124,1,0.4,0.0,0,1,0
539.23,14,5,1,78.08,1138,1921,3,1343.1,1,0,0,0.378,0.401182947697344,0,0.3,0.2,1,0,0
2673.48,2,4,0,24.01,1257,355,3,1700.96,0,1,0,0.554,1.5708242261862793,1,0.3,0.0,1,0,0
2303.33,23,3,0,19.47,408,406,2,5814.48,1,1,0,0.524,0.39606876818422554,1,0.2,0.2,0,0,1
541.55,2,5,1,79.45,815,2162,4,602.26,0,0,0,0.039,0.8977057984948447,1,0.4,0.0,1,0,0
2598.8,0,3,0,69.92,302,85,0,1778.7,0,0,0,0.285,1.4602461088947576,1,0.0,0.0,0,0,1
12114.53,3,2,0,33.6,186,41,5,2986.42,0,0,0,0.593,4.055181393978751,1,0.5,0.0,0,0,1
1323.97,18,6,1,18.98,945,1661,2,1106.95,1,0,0,0.211,1.1949726973238863,0,0.2,0.2,1,0,0
2195.08,14,4,0,22.63,125,257,5,953.13,1,0,0,0.339,2.3006089316969387,0,0.5,0.2,0,0,1
3998.53,5,0,0,13.83,608,894,4,1167.53,1,0,0,0.464,3.4218462512729673,1,0.4,0.2,0,0,1
1520.85,9,4,0,29.55,1239,1393,0,933.38,1,0,0,0.308,1.6276568419700763,0,0.0,0.2,0,1,0
256.0,20,0,0,36.91,32,2305,7,1421.18,0,0,1,0.391,0.18000534390864728,0,0.7,0.0,0,0,1
620.19,21,1,0,11.02,340,474,3,1776.24,0,0,0,0.353,0.34896243613693145,0,0.3,0.0,1,0,0
9621.46,0,3,0,26.96,359,1857,2,2885.35,0,0,0,0.35,3.3334349611100524,1,0.2,0.0,1,0,0
2002.22,0,2,0,44.14,792,1455,0,610.71,0,1,0,0.319,3.273152310735479,1,0.0,0.0,0,1,0
6828.44,7,2,0,45.41,416,2208,2,2978.52,0,0,0,0.316,2.291791966491247,0,0.2,0.0,1,0,0
691.42,16,5,1,60.27,1162,172,3,1552.96,0,1,0,0.208,0.44494066771345464,0,0.3,0.0,0,0,1
1848.4,14,0,0,38.59,1385,385,1,612.0,1,0,0,0.19,3.015334420880914,0,0.1,0.2,1,0,0
1807.35,15,5,1,19.09,1446,658,5,3797.38,1,0,0,0.276,0.47582127117350026,0,0.5,0.2,1,0,0
15185.36,5,4,0,102.48,1293,1914,4,3032.23,1,0,0,0.211,5.0063331827787545,1,0.4,0.2,0,1,0
1605.05,12,4,0,42.31,1090,2114,7,1571.7,0,0,0,0.495,1.0205697208622113,0,0.7,0.0,0,1,0
2353.2,9,5,1,7.74,1488,980,2,807.53,0,0,0,0.145,2.9104671440762866,0,0.2,0.0,0,1,0
2830.79,12,5,1,7.87,1443,2210,1,1766.16,1,1,0,0.057,1.601886642975169,0,0.1,0.2,1,0,0
3069.71,4,4,0,34.0,708,1954,2,4216.75,0,0,0,0.263,0.7278074802916247,1,0.2,0.0,0,1,0
1595.23,14,4,0,47.16,553,2121,5,1732.62,0,0,0,0.161,0.9201728175724785,0,0.5,0.0,1,0,0
3046.07,16,6,1,29.24,896,566,5,848.01,0,1,0,0.152,3.5877904853888647,0,0.5,0.0,1,0,0
4359.38,3,3,0,21.64,1176,980,7,2205.32,0,1,0,0.166,1.9758602559918779,1,0.7,0.0,0,1,0
2991.47,0,1,0,27.92,346,2106,5,1842.61,0,0,0,0.191,1.6226154121533296,1,0.5,0.0,1,0,0
1151.17,2,0,0,15.89,463,888,5,896.24,0,0,0,0.444,1.2830123489813205,1,0.5,0.0,1,0,0
13520.0,15,6,1,6.5,702,852,3,1793.74,0,0,0,0.108,7.533124575147375,0,0.3,0.0,0,0,1
734.83,8,4,0,15.6,242,1542,3,841.54,1,0,0,0.251,0.8721603722078478,0,0.3,0.2,1,0,0
450.04,11,4,0,57.65,1497,696,2,1284.27,0,0,0,0.205,0.3501521081173606,0,0.2,0.0,1,0,0
4504.05,0,6,1,37.74,405,164,1,7789.39,1,0,0,0.597,0.578154623837831,1,0.1,0.2,0,0,1
1891.06,6,0,0,57.34,1257,1293,3,2740.6,0,0,0,0.521,0.6897651006711409,0,0.3,0.0,1,0,0
3527.42,21,6,1,24.64,1415,810,2,784.21,0,0,0,0.336,4.4923268934425185,0,0.2,0.0,0,1,0
4232.99,11,4,0,33.18,141,1951,2,840.12,0,1,0,0.133,5.032563724557733,0,0.2,0.0,0,1,0
2536.36,1,1,0,2.83,934,505,0,691.6,1,0,0,0.357,3.6620848974877274,1,0.0,0.2,1,0,0
7008.33,9,3,0,16.23,205,1056,4,641.62,0,0,0,0.174,10.905869720830351,0,0.4,0.0,0,1,0
1106.85,6,0,0,39.14,619,2233,5,2913.54,0,0,0,0.285,0.37976833393948956,0,0.5,0.0,1,0,0
1430.79,19,3,0,57.52,219,2300,2,1503.04,0,0,0,0.257,0.9512978378234621,0,0.2,0.0,0,0,1
3183.48,19,0,0,59.31,937,1753,3,1146.07,0,0,0,0.273,2.775314496935671,0,0.3,0.0,0,1,0
1064.05,9,4,0,35.36,160,1978,1,1419.92,0,1,0,0.124,0.7488458182022915,0,0.1,0.0,1,0,0
1978.25,8,3,0,59.25,1451,1479,2,1301.77,1,0,1,0.045,1.5184952063679698,0,0.2,0.2,0,1,0
5925.05,5,3,0,56.55,676,140,1,1636.59,0,0,0,0.182,3.6181522847599217,1,0.1,0.0,1,0,0
1211.37,0,3,0,22.85,38,1050,3,430.73,0,0,0,0.211,2.8058508790216106,1,0.3,0.0,0,0,1
2918.59,17,6,1,39.84,983,1424,6,893.38,0,0,1,0.074,3.263254992285159,0,0.6,0.0,0,0,1
342.52,10,4,0,50.67,67,187,3,1321.24,1,0,0,0.246,0.2590452565343659,0,0.3,0.2,0,1,0
2173.31,11,4,0,12.68,238,1944,3,1105.85,0,1,1,0.178,1.9635090572344944,0,0.3,0.0,0,0,1
254.61,20,4,0,42.01,983,82,4,1103.1,0,1,0,0.211,0.2306041119463817,0,0.4,0.0,0,1,0
1829.48,2,5,1,34.17,393,1071,5,1967.66,0,0,0,0.34,0.9293021649243648,1,0.5,0.0,0,1,0
1109.54,3,5,1,6.53,1373,1274,2,2875.2,0,0,0,0.244,0.3857659411723802,1,0.2,0.0,0,0,1
4354.85,9,4,0,10.26,1239,703,2,3109.56,0,0,0,0.318,1.4000212180443394,0,0.2,0.0,1,0,0
1584.13,3,6,1,42.82,634,275,3,3038.86,1,0,0,0.254,0.5211193936562868,1,0.3,0.2,0,0,1
3359.54,8,4,0,13.62,409,2253,8,3502.4,1,0,0,0.025,0.9589370325969059,0,0.8,0.2,0,1,0
2387.94,4,1,0,23.56,455,730,3,2215.05,1,0,0,0.623,1.077565939396674,1,0.3,0.2,1,0,0
2761.3,17,3,0,16.05,188,1855,4,777.9,0,0,0,0.178,3.5451277442547187,0,0.4,0.0,0,1,0
356.79,8,6,1,28.8,255,2240,8,2103.1,0,1,0,0.492,0.1695689368376028,0,0.8,0.0,0,0,1
982.7,17,5,1,18.29,1163,1545,6,3365.97,1,0,0,0.191,0.2918647923800925,0,0.6,0.2,0,0,1
8647.86,18,5,1,34.53,1141,931,6,2391.75,0,0,0,0.355,3.614192874307805,0,0.6,0.0,0,0,1
116.98,13,5,1,41.04,831,336,0,1225.97,1,0,0,0.42,0.09534055437378257,0,0.0,0.2,0,1,0
2998.69,6,3,0,23.54,766,209,2,1288.46,0,0,0,0.276,2.3255393730708978,0,0.2,0.0,0,0,1
837.43,16,1,0,12.43,631,902,1,1570.28,0,0,0,0.281,0.532960388982231,0,0.1,0.0,0,0,1
25276.03,23,2,0,17.71,1104,1257,4,2242.46,0,0,0,0.15,11.26653918500887,1,0.4,0.0,0,0,1
724.04,14,4,0,36.99,63,2280,5,327.11,0,0,0,0.371,2.206698972905428,0,0.5,0.0,0,0,1
2087.44,11,6,1,26.43,792,449,5,3190.7,0,0,0,0.109,0.6540213679230504,0,0.5,0.0,0,1,0
514.16,23,4,0,51.78,1396,909,3,1671.89,0,0,0,0.515,0.30734836121920744,1,0.3,0.0,1,0,0
3755.23,15,0,0,22.42,112,1191,4,487.38,0,0,0,0.101,7.689155985093575,0,0.4,0.0,0,0,1
172.29,4,4,0,23.73,1392,1428,2,1045.47,0,0,0,0.111,0.16463921564880024,1,0.2,0.0,0,0,1
3919.28,14,5,1,50.97,452,589,2,1148.98,0,0,0,0.519,3.4081288370232525,0,0.2,0.0,0,1,0
9954.51,4,2,0,34.47,42,2480,4,5081.06,0,1,0,0.246,1.9587549143457572,1,0.4,0.0,1,0,0
2919.28,9,6,1,9.29,524,693,4,1257.5,0,0,0,0.428,2.3196503774334527,0,0.4,0.0,0,1,0
1004.29,8,6,1,23.93,832,1770,1,1220.34,1,1,0,0.125,0.8222853587043739,0,0.1,0.2,0,0,1
5007.67,18,6,1,57.69,1482,836,4,1642.46,0,0,0,0.102,3.047028829420856,0,0.4,0.0,0,0,1
3963.88,21,0,0,38.03,548,801,4,2177.78,0,0,0,0.526,1.8193117249102708,0,0.4,0.0,1,0,0
1446.57,15,4,0,6.76,12,1697,3,1161.62,0,0,0,0.163,1.2442328533828766,0,0.3,0.0,0,0,1
2813.5,1,5,1,42.45,141,2310,5,2860.29,0,0,0,0.685,0.983297743325563,1,0.5,0.0,1,0,0
876.22,19,0,0,11.23,461,1088,3,3443.6,0,1,0,0.151,0.2543749637113163,0,0.3,0.0,0,0,1
836.01,23,3,0,61.87,781,1956,2,984.89,0,0,0,0.024,0.8479749262088062,1,0.2,0.0,0,0,1
4241.0,13,6,1,91.21,719,2373,3,839.12,0,0,0,0.124,5.048088368328334,0,0.3,0.0,0,1,0
2926.3,6,5,1,21.52,244,779,3,761.24,1,0,0,0.436,3.839079554995802,0,0.3,0.2,1,0,0
1631.3,2,0,0,20.97,156,2091,1,1493.42,0,0,0,0.39,1.091594063248618,1,0.1,0.0,0,1,0
2422.45,15,0,0,48.48,1484,950,1,717.93,0,0,0,0.293,3.3695213720390025,0,0.1,0.0,0,1,0
716.76,19,0,0,21.16,908,585,1,1990.9,1,0,0,0.32,0.3598373412319895,0,0.1,0.2,1,0,0
7665.65,17,2,0,41.49,234,213,0,353.35,0,0,1,0.186,21.63298998165655,0,0.0,0.0,1,0,0
2810.99,1,0,0,20.03,1169,470,1,857.47,0,0,0,0.186,3.2744184421121294,1,0.1,0.0,1,0,0
1187.81,23,1,0,56.14,853,2181,3,930.9,0,0,0,0.121,1.2746110097649963,1,0.3,0.0,0,1,0
5019.54,21,1,0,83.27,905,1384,10,1282.98,1,1,0,0.436,3.909359958877864,0,1.0,0.2,0,0,1
263.01,20,4,0,55.61,705,655,1,2143.58,0,0,0,0.302,0.12263939792406905,0,0.1,0.0,1,0,0
3942.33,2,3,0,17.37,1469,359,2,4349.89,0,0,0,0.146,0.9060973731811192,1,0.2,0.0,1,0,0
340.53,23,1,0,46.92,785,792,3,5998.85,0,0,0,0.153,0.056756418910472756,1,0.3,0.0,0,1,0
6030.52,22,1,0,98.68,684,2393,3,6004.7,1,0,0,0.369,1.0041327405631317,0,0.3,0.2,0,1,0
1299.46,19,3,0,33.67,1422,1316,5,2652.4,0,1,0,0.351,0.48973392628325924,0,0.5,0.0,0,0,1
1217.58,4,4,0,21.14,894,45,2,1397.4,0,0,0,0.244,0.8706950800915331,1,0.2,0.0,0,0,1
3819.2,18,6,1,14.77,1420,1495,2,562.28,0,0,0,0.243,6.78028689106661,0,0.2,0.0,0,1,0
1139.01,1,6,1,10.83,634,268,6,1199.76,0,0,0,0.514,0.9485742363169992,1,0.6,0.0,1,0,0
1314.65,3,1,0,25.85,268,2399,3,1047.18,1,0,0,0.407,1.2542216031597626,1,0.3,0.2,0,0,1
3053.91,8,1,0,47.12,182,1016,4,1248.8,0,0,0,0.178,2.4435189630340854,0,0.4,0.0,0,0,1
2650.28,8,5,1,10.88,603,817,4,2668.52,0,0,0,0.305,0.9927927117983758,0,0.4,0.0,0,0,1
645.93,23,5,1,45.13,142,193,2,2180.01,1,1,0,0.251,0.2961609529529896,1,0.2,0.2,0,0,1
1750.39,21,6,1,29.84,249,2050,5,4109.24,0,0,0,0.336,0.42586077698625874,0,0.5,0.0,1,0,0
432.53,10,0,0,0.64,1471,2275,1,3779.04,0,0,0,0.264,0.11442471508238007,0,0.1,0.0,0,1,0
4795.25,16,1,0,22.03,1049,979,2,1033.1,0,0,0,0.508,4.637124069238952,0,0.2,0.0,1,0,0
500.44,1,5,1,21.74,896,2220,4,1695.44,0,0,1,0.674,0.2949942231968121,1,0.4,0.0,1,0,0
668.36,2,6,1,63.99,432,437,2,939.51,0,0,0,0.28,0.7106357189184591,1,0.2,0.0,0,0,1
512.24,9,0,0,18.56,1133,908,2,2093.92,0,0,0,0.35,0.2445153036870143,0,0.2,0.0,0,0,1
5409.62,12,1,0,43.56,1492,1678,3,1073.12,0,0,0,0.39,5.036327412207203,0,0.3,0.0,0,1,0
2330.74,8,5,1,60.11,1238,1421,6,2523.98,0,0,0,0.133,0.9230726580012514,0,0.6,0.0,0,0,1
1152.59,5,5,1,34.63,1379,2458,2,1098.03,0,0,0,0.728,1.0487338835154636,1,0.2,0.0,1,0,0
506.52,12,3,0,80.91,1058,2283,3,1562.97,0,0,0,0.432,0.32386810488692236,0,0.3,0.0,0,0,1
3027.71,16,4,0,61.58,1451,577,5,2578.59,0,0,0,0.247,1.1737175287545696,0,0.5,0.0,0,1,0
1342.59,0,0,0,3.69,1376,1511,3,3337.82,0,0,0,0.253,0.4021151185149244,1,0.3,0.0,0,1,0
4673.3,21,4,0,13.45,805,1924,1,847.66,0,0,0,0.27,5.506681120825773,0,0.1,0.0,0,1,0
990.52,3,1,0,51.85,1280,351,0,2008.05,0,0,0,0.306,0.4930290435778104,1,0.0,0.0,0,1,0
6424.47,0,2,0,11.07,264,1397,3,420.93,1,0,0,0.284,15.226388263456023,1,0.3,0.2,0,0,1
2348.52,16,3,0,71.02,842,143,3,2813.1,0,0,1,0.084,0.8345545645144096,0,0.3,0.0,0,0,1
1694.95,23,1,0,74.23,241,1775,1,2767.91,0,1,0,0.354,0.6121361835523726,1,0.1,0.0,1,0,0
3839.97,15,2,0,10.28,608,1825,2,1174.27,1,0,0,0.159,3.2673087886187853,0,0.2,0.2,1,0,0
194.83,15,3,0,18.09,913,1332,5,574.5,0,0,0,0.417,0.3385403996524761,0,0.5,0.0,0,0,1
6750.77,0,4,0,9.25,414,527,1,1941.56,1,0,0,0.133,3.4751925294456805,1,0.1,0.2,0,1,0
5217.68,22,6,1,70.71,1138,960,0,4191.7,1,0,1,0.394,1.24446776540177,0,0.0,0.2,0,0,1
13284.72,5,0,0,72.2,1432,2224,4,1213.6,0,0,0,0.333,10.93752675778034,1,0.4,0.0,1,0,0
888.2,0,3,0,2.56,90,2113,5,2983.08,1,0,0,0.34,0.2976461757057452,1,0.5,0.2,0,1,0
705.1,12,4,0,46.98,635,190,5,1270.75,1,0,0,0.178,0.5544328680951445,0,0.5,0.2,0,0,1
2790.83,5,0,0,64.18,534,894,2,1053.45,2,0,1,0.183,2.646716297595903,1,0.2,0.4,1,0,0
2439.9,11,4,0,24.03,1412,339,2,693.0,0,0,1,0.324,3.515706051873199,0,0.2,0.0,0,0,1
5559.3,20,0,0,15.75,492,1886,2,1411.57,0,0,1,0.363,3.935592572403492,0,0.2,0.0,1,0,0
787.94,10,4,0,74.45,88,59,4,6827.58,0,0,0,0.019,0.11538855808967605,0,0.4,0.0,0,0,1
1492.72,20,5,1,51.09,231,284,4,1554.45,0,0,0,0.117,0.9596708348066476,0,0.4,0.0,0,1,0
1405.07,21,6,1,51.03,183,352,3,626.2,0,0,0,0.272,2.2402264030612242,0,0.3,0.0,0,0,1
1151.46,11,1,0,55.89,1376,227,2,977.21,0,0,0,0.178,1.1771092096789033,0,0.2,0.0,1,0,0
2100.93,9,0,0,36.83,535,2445,2,2147.24,0,0,0,0.01,0.9779773209697241,0,0.2,0.0,1,0,0
1422.22,2,1,0,53.44,1086,1276,5,567.12,0,0,0,0.025,2.5033795676969657,1,0.5,0.0,0,1,0
3670.82,20,6,1,25.94,987,463,1,2476.2,0,0,0,0.18,1.4818424027127404,0,0.1,0.0,1,0,0
183.57,7,2,0,36.41,786,1832,3,2846.58,0,0,0,0.316,0.06446526524276754,0,0.3,0.0,1,0,0
1598.56,4,4,0,18.12,191,616,2,1350.04,1,0,0,0.21,1.1832070108953103,1,0.2,0.2,1,0,0
7971.71,11,1,0,30.71,496,1916,2,1654.66,0,0,0,0.661,4.814823091697571,0,0.2,0.0,0,0,1
413.89,19,6,1,3.42,726,473,4,2135.94,0,0,0,0.077,0.19368349134744073,0,0.4,0.0,1,0,0
4230.3,11,0,0,74.15,759,407,2,1136.34,0,0,1,0.349,3.7194682328942976,0,0.2,0.0,1,0,0
865.8,1,2,0,47.17,512,2155,2,1285.8,1,1,0,0.638,0.6728318308983525,1,0.2,0.2,1,0,0
2317.2,7,5,1,37.16,159,66,5,862.33,1,0,0,0.203,2.684025807049448,0,0.5,0.2,1,0,0
673.65,9,5,1,10.91,336,1488,4,867.91,0,0,0,0.366,0.775281674741918,0,0.4,0.0,0,1,0
243.03,15,5,1,99.76,825,2033,5,658.25,0,0,0,0.473,0.368646188850967,0,0.5,0.0,1,0,0
2271.52,12,4,0,72.35,1114,1068,1,1755.82,0,1,0,0.293,1.292972529912,0,0.1,0.0,1,0,0
705.74,14,2,0,14.16,908,1120,2,685.23,1,0,0,0.14,1.0284307010768985,0,0.2,0.2,0,1,0
178.19,20,1,0,22.38,905,2039,2,1026.65,0,0,0,0.256,0.17339561134627546,0,0.2,0.0,0,1,0
2438.48,21,4,0,4.52,214,617,3,1027.46,0,0,0,0.296,2.3710013029189274,0,0.3,0.0,0,0,1
2190.44,17,0,0,73.27,327,735,3,2207.22,0,1,1,0.266,0.9919482660242187,0,0.3,0.0,0,1,0
2696.61,14,4,0,87.08,1073,686,2,1735.82,0,0,0,0.084,1.5526133968977789,0,0.2,0.0,1,0,0
1407.67,16,3,0,30.36,419,740,0,1126.42,0,0,1,0.185,1.2485763956644373,0,0.0,0.0,1,0,0
2682.0,13,0,0,14.79,811,1395,3,5861.6,0,0,0,0.112,0.4574762050967147,0,0.3,0.0,0,0,1
461.64,21,4,0,22.34,60,1796,2,3858.09,0,0,0,0.148,0.11962405644854097,0,0.2,0.0,0,0,1
1610.36,18,2,0,24.71,417,962,3,1356.52,0,0,0,0.047,1.1862513996110553,0,0.3,0.0,0,1,0
714.32,9,0,0,102.73,739,1621,4,1887.54,0,0,0,0.271,0.3782392747836954,0,0.4,0.0,0,0,1
2180.87,15,4,0,63.1,8,145,7,535.98,0,0,0,0.489,4.061361689448396,0,0.7,0.0,0,1,0
1193.59,1,5,1,10.64,934,668,0,479.34,1,0,0,0.215,2.4848857059582796,1,0.0,0.2,1,0,0
1289.92,11,4,0,48.38,110,1959,4,508.24,0,0,0,0.387,2.5330296127562644,0,0.4,0.0,0,1,0
672.81,9,3,0,11.62,1201,2163,4,5425.86,0,0,0,0.155,0.12397776983375285,0,0.4,0.0,1,0,0
3460.7,13,5,1,9.93,253,342,0,964.21,0,0,0,0.125,3.5854373659618113,0,0.0,0.0,0,1,0
2554.06,1,1,0,22.94,1085,673,4,1063.51,2,0,1,0.261,2.3992822988980844,1,0.4,0.4,0,1,0
1054.0,18,6,1,15.1,897,996,0,1486.56,1,0,1,0.45,0.7085428486918175,0,0.0,0.2,1,0,0
891.67,8,3,0,86.96,523,386,1,3021.53,0,1,0,0.18,0.29500782457080654,0,0.1,0.0,0,1,0
5864.15,20,5,1,11.76,1312,1820,1,1621.45,1,0,0,0.147,3.6143794878116426,0,0.1,0.2,0,1,0
8968.03,5,5,1,35.84,693,1071,1,901.01,0,0,0,0.09,9.94227336725757,1,0.1,0.0,0,1,0
2907.45,21,5,1,22.2,1410,795,1,1245.33,1,0,0,0.189,2.3328091275986296,0,0.1,0.2,1,0,0
2236.74,7,4,0,2.44,1454,1452,3,1175.07,1,0,0,0.114,1.9018765889785472,0,0.3,0.2,0,0,1
1339.64,6,2,0,26.88,1189,277,3,1201.61,0,0,0,0.337,1.1139438388172394,0,0.3,0.0,0,0,1
7601.87,19,1,0,49.21,219,2069,2,680.76,0,0,0,0.429,11.150360830790895,0,0.2,0.0,0,1,0
1665.07,14,2,0,72.15,720,914,2,2748.94,0,1,0,0.385,0.6054932107609621,0,0.2,0.0,0,0,1
3591.36,1,2,0,36.41,272,1564,2,1223.05,0,0,0,0.366,2.933997794207753,1,0.2,0.0,0,0,1
713.18,21,5,1,44.65,167,1058,3,1171.93,0,0,0,0.276,0.6080328749371232,0,0.3,0.0,0,1,0
261.82,23,4,0,9.75,632,1081,1,2034.6,1,0,0,0.158,0.12862055413637258,1,0.1,0.2,1,0,0
2894.04,16,2,0,106.83,284,1103,3,352.18,0,0,0,0.297,8.194235234158219,0,0.3,0.0,0,0,1
392.95,10,1,0,11.18,203,580,2,2465.31,0,0,0,0.102,0.15932709189031388,0,0.2,0.0,1,0,0
3096.25,7,3,0,16.4,111,948,4,3377.08,0,0,0,0.407,0.9165709515464406,0,0.4,0.0,1,0,0
2781.2,7,3,0,15.16,740,161,1,2253.8,1,1,0,0.473,1.2334575128614509,0,0.1,0.2,0,1,0
640.91,11,1,0,9.46,1459,1490,5,2075.61,0,0,1,0.66,0.3086328198361753,0,0.5,0.0,0,0,1
1826.42,1,2,0,19.37,279,2093,4,481.09,1,0,0,0.53,3.7885457072330895,1,0.4,0.2,0,1,0
1323.67,21,2,0,19.94,220,2017,2,934.54,2,0,0,0.213,1.414872693845266,0,0.2,0.4,0,1,0
1439.01,14,5,1,25.29,465,742,1,1438.11,0,0,0,0.347,0.9999305126084872,0,0.1,0.0,1,0,0
197.62,16,2,0,19.65,69,533,2,2337.1,0,0,0,0.459,0.08452162011889996,0,0.2,0.0,0,0,1
1327.19,11,3,0,92.76,637,2416,3,468.23,1,0,0,0.105,2.8284423417087567,0,0.3,0.2,0,1,0
13659.42,19,2,0,69.26,833,358,6,3564.1,1,0,0,0.286,3.831426888446327,0,0.6,0.2,1,0,0
353.49,5,6,1,17.94,1241,2236,1,1416.85,0,0,0,0.32,0.24931410233804707,1,0.1,0.0,0,1,0
16046.65,0,4,0,67.93,649,2096,0,551.39,1,0,0,0.288,29.049494016908344,1,0.0,0.2,1,0,0
802.6,7,3,0,1.37,1354,794,2,1863.46,0,0,0,0.509,0.4304731664932474,0,0.2,0.0,0,1,0
1280.77,21,6,1,2.37,11,2321,0,2759.46,0,0,0,0.165,0.4639697731537497,0,0.0,0.0,0,0,1
2473.22,16,1,0,4.79,562,1496,2,1133.63,0,0,0,0.361,2.1797590403920215,0,0.2,0.0,0,1,0
3303.65,23,1,0,3.63,712,2386,3,1396.27,1,0,0,0.061,2.3643605029808126,1,0.3,0.2,1,0,0
1226.33,9,3,0,39.49,118,117,3,3947.72,0,1,0,0.587,0.31056392957717943,0,0.3,0.0,1,0,0
1356.14,0,4,0,66.88,397,863,8,3264.0,0,0,0,0.171,0.4153568147013783,1,0.8,0.0,1,0,0
6468.54,18,1,0,27.15,1463,229,3,1170.52,0,0,0,0.242,5.521493444414094,0,0.3,0.0,1,0,0
593.22,17,6,1,21.76,158,2136,3,2665.55,0,0,0,0.032,0.2224672329414412,0,0.3,0.0,0,0,1
4493.42,20,6,1,10.53,871,884,3,1396.79,1,0,0,0.26,3.214660285164438,0,0.3,0.2,0,1,0
1183.42,16,4,0,1.46,426,1794,3,940.94,0,0,0,0.209,1.2563645242796782,0,0.3,0.0,1,0,0
262.72,19,3,0,4.93,1374,300,3,1805.47,0,0,0,0.144,0.14543280541608775,0,0.3,0.0,0,1,0
2164.49,14,2,0,9.21,1266,777,4,581.81,0,0,0,0.191,3.713886172165886,0,0.4,0.0,1,0,0
2635.52,15,0,0,9.13,282,306,3,4384.59,1,0,0,0.33,0.6009499291999479,0,0.3,0.2,0,0,1
837.67,9,1,0,27.26,497,550,2,1399.72,0,0,1,0.172,0.5980281569478554,0,0.2,0.0,1,0,0
535.05,20,3,0,62.72,767,1852,2,3058.41,0,0,0,0.431,0.17488666115362111,0,0.2,0.0,0,1,0
1117.75,14,3,0,3.45,164,845,1,2301.12,0,0,0,0.134,0.4855307281983563,0,0.1,0.0,0,0,1
1647.5,18,0,0,12.35,1260,2478,0,439.96,0,0,0,0.288,3.7361665457184325,0,0.0,0.0,0,1,0
699.51,9,4,0,5.58,1176,574,2,1809.5,0,0,1,0.212,0.3863628831814416,0,0.2,0.0,0,1,0
1119.44,17,3,0,25.38,234,1909,3,958.84,0,0,0,0.253,1.1662777129521587,0,0.3,0.0,0,0,1
16912.25,23,0,0,20.45,1384,1691,2,963.15,0,0,0,0.425,17.541098376808588,1,0.2,0.0,0,0,1
703.84,8,2,0,18.77,1441,766,5,1357.19,0,0,0,0.298,0.5182191004204124,0,0.5,0.0,0,0,1
2495.48,20,5,1,0.47,712,1575,2,2168.37,0,0,1,0.323,1.1503247486597492,0,0.2,0.0,1,0,0
3203.86,9,3,0,38.38,1391,1403,2,1643.98,0,0,0,0.343,1.947658938102591,0,0.2,0.0,0,0,1
1666.53,5,5,1,58.86,1378,921,6,1385.63,0,0,0,0.342,1.2018562990848314,1,0.6,0.0,1,0,0
3065.04,9,3,0,56.78,1094,2160,3,2449.98,0,0,0,0.369,1.2505365200858432,0,0.3,0.0,0,0,1
1751.17,19,0,0,39.69,719,1186,2,1678.82,0,0,1,0.308,1.0424747889654844,0,0.2,0.0,0,1,0
7734.22,6,1,0,62.47,445,2235,4,1203.13,0,0,0,0.112,6.423077242490429,0,0.4,0.0,0,1,0
1351.03,5,5,1,4.91,97,1235,5,443.43,1,0,0,0.265,3.0399162972796616,1,0.5,0.2,0,1,0
2044.53,9,1,0,39.92,306,2160,1,1026.48,2,0,0,0.172,1.9898489508311596,0,0.1,0.4,1,0,0
2270.1,1,5,1,21.74,1217,1937,6,692.38,0,0,0,0.078,3.2739623294585942,1,0.6,0.0,0,1,0
2823.13,3,0,0,51.51,315,1016,5,2598.17,0,0,0,0.343,1.0861659683668248,1,0.5,0.0,0,0,1
19623.32,0,0,0,59.86,761,277,2,985.37,1,0,1,0.114,19.89448178675345,1,0.2,0.2,1,0,0
1065.61,23,0,0,53.66,741,1529,1,1529.35,0,0,0,0.289,0.6963178357891985,1,0.1,0.0,1,0,0
4448.44,15,3,0,49.0,328,1983,5,1033.96,0,0,0,0.365,4.298175774909175,0,0.5,0.0,0,1,0
466.06,12,0,0,99.43,1252,2481,2,2311.04,0,0,0,0.32,0.20157955744710299,0,0.2,0.0,0,0,1
962.84,12,3,0,17.47,190,1402,1,1574.4,0,0,0,0.325,0.6111717659007236,0,0.1,0.0,1,0,0
26231.2,1,6,1,28.65,1031,1107,0,389.72,0,0,0,0.692,67.13554463554463,1,0.0,0.0,0,0,1
2201.79,8,6,1,4.78,399,1246,4,1004.79,0,0,0,0.085,2.1891150240109765,0,0.4,0.0,0,0,1
13015.82,12,3,0,94.75,951,1140,5,10772.47,0,0,0,0.246,1.2081362829246287,0,0.5,0.0,1,0,0
480.3,23,2,0,16.27,295,2280,5,2470.76,0,0,0,0.038,0.19431498203709097,1,0.5,0.0,0,0,1
323.88,13,3,0,46.22,1099,681,4,2380.33,0,0,0,0.502,0.13600802912658053,0,0.4,0.0,1,0,0
1140.46,7,4,0,47.09,85,1031,1,952.63,0,0,0,0.751,1.1959145580571082,0,0.1,0.0,1,0,0
2297.62,4,4,0,14.23,116,1115,4,404.93,0,0,0,0.459,5.660138447515581,1,0.4,0.0,1,0,0
6177.67,7,2,0,2.71,489,1292,4,1751.11,1,0,0,0.34,3.525845979989841,0,0.4,0.2,1,0,0
1617.54,5,2,0,13.54,148,1348,0,6857.14,1,0,0,0.192,0.2358569524681619,1,0.0,0.2,1,0,0
7238.62,14,0,0,70.86,466,1096,1,1035.88,0,0,0,0.06,6.981155003471954,0,0.1,0.0,0,0,1
3651.36,18,0,0,27.51,718,541,5,797.45,0,0,0,0.228,4.573060304339658,0,0.5,0.0,0,0,1
1043.02,15,4,0,38.8,1017,657,4,628.26,0,0,0,0.249,1.6575342465753424,0,0.4,0.0,0,1,0
1627.73,13,6,1,41.73,62,1732,2,778.78,0,0,0,0.328,2.087422093410962,0,0.2,0.0,0,0,1
1487.72,1,0,0,32.0,1040,452,2,481.14,1,0,0,0.343,3.0856597668726926,1,0.2,0.2,0,0,1
1407.9,8,4,0,45.46,720,639,4,3000.42,1,1,0,0.258,0.4690779697609798,0,0.4,0.2,0,1,0
3164.62,15,6,1,42.52,1017,946,1,8558.3,0,0,0,0.704,0.3697288329653126,0,0.1,0.0,0,1,0
773.08,14,4,0,2.24,1293,1893,1,668.95,0,0,0,0.368,1.153936860959773,0,0.1,0.0,0,1,0
10936.3,20,5,1,9.86,469,1814,1,1607.42,1,0,0,0.437,6.799405627883264,0,0.1,0.2,1,0,0
1832.16,3,2,0,86.76,957,1276,7,705.35,0,1,0,0.14,2.593841579953281,1,0.7,0.0,1,0,0
1374.9,14,6,1,30.15,779,1042,3,2274.23,0,1,0,0.283,0.6042905552405691,0,0.3,0.0,0,0,1
295.4,16,0,0,13.04,1116,1086,1,851.01,0,0,0,0.455,0.3467095456626096,0,0.1,0.0,0,0,1
400.9,4,6,1,39.26,1169,1778,5,3486.59,0,0,0,0.479,0.11495043855499068,1,0.5,0.0,0,1,0
1013.17,5,1,0,32.56,1331,1877,1,1136.9,2,0,0,0.292,0.8903857984005623,1,0.1,0.4,1,0,0
10870.99,6,4,0,23.12,1107,1895,3,766.98,0,0,0,0.22,14.155303523529257,0,0.3,0.0,0,0,1
539.11,21,5,1,28.06,1026,1498,3,3700.73,1,0,0,0.247,0.1456373101225643,0,0.3,0.2,1,0,0
1037.82,15,3,0,29.53,35,1698,1,2903.52,0,0,1,0.11,0.3573120515610152,0,0.1,0.0,0,1,0
1325.74,5,2,0,46.9,416,637,1,1196.95,1,0,0,0.316,1.1066739012479652,1,0.1,0.2,0,0,1
404.84,18,5,1,32.26,1009,135,6,2993.51,0,0,1,0.241,0.13519407181809376,0,0.6,0.0,0,1,0
285.16,0,2,0,2.81,651,1465,2,1400.48,0,1,0,0.368,0.2034706167765505,1,0.2,0.0,1,0,0
1904.82,4,4,0,3.12,178,45,3,2232.25,0,0,0,0.227,0.8529363035934177,1,0.3,0.0,1,0,0
4439.22,13,0,0,6.66,611,2253,0,6197.3,0,0,0,0.236,0.7161996031169837,0,0.0,0.0,0,0,1
2824.28,5,4,0,65.43,219,746,4,2851.1,0,1,0,0.305,0.990245783808422,1,0.4,0.0,1,0,0
867.36,4,3,0,6.9,162,110,2,713.39,0,0,0,0.053,1.2141267374963256,1,0.2,0.0,1,0,0
2406.03,16,2,0,9.39,1117,474,1,847.98,1,0,0,0.323,2.8340243586421354,0,0.1,0.2,0,0,1
2677.92,23,0,0,29.18,317,476,2,2184.47,0,0,0,0.273,1.2253291054098205,1,0.2,0.0,0,0,1
2339.27,19,4,0,8.32,1483,2043,2,1928.38,1,0,0,0.321,1.2124464853994548,0,0.2,0.2,0,1,0
645.38,6,6,1,56.72,1348,1542,4,537.23,0,0,0,0.271,1.1990784608810359,0,0.4,0.0,0,1,0
7642.51,16,3,0,27.79,385,1750,1,1857.12,0,0,0,0.331,4.113033603857663,0,0.1,0.0,0,0,1
1528.42,13,2,0,21.21,506,1362,4,771.78,0,0,0,0.415,1.9778203369652425,0,0.4,0.0,1,0,0
2255.85,4,5,1,13.73,1355,2269,3,1230.65,0,0,0,0.135,1.8315674095725245,1,0.3,0.0,0,0,1
408.77,3,1,0,26.51,967,1084,1,876.73,1,0,0,0.203,0.4657126906907591,1,0.1,0.2,0,0,1
1045.75,10,5,1,54.98,495,332,2,1476.37,0,0,0,0.665,0.7078456987755268,0,0.2,0.0,0,0,1
679.16,13,4,0,6.81,578,989,4,1440.93,0,0,0,0.182,0.47100760785891127,0,0.4,0.0,1,0,0
94.46,14,6,1,56.61,1441,594,7,813.1,1,0,0,0.342,0.11602997174794251,0,0.7,0.2,1,0,0
3237.22,22,1,0,25.52,670,1053,4,1803.17,2,1,0,0.376,1.7942987634202983,0,0.4,0.4,1,0,0
5427.93,23,1,0,40.64,600,1731,5,854.8,0,0,0,0.613,6.342521617200281,1,0.5,0.0,0,0,1
674.22,22,6,1,5.5,592,891,3,1484.08,0,0,0,0.04,0.45399574433700546,0,0.3,0.0,0,0,1
229.38,23,5,1,20.15,102,1181,8,1098.85,0,0,1,0.488,0.2085557121425649,1,0.8,0.0,0,1,0
3192.45,10,6,1,24.42,529,456,1,3110.08,0,0,0,0.276,1.0261549044061868,0,0.1,0.0,0,0,1
375.7,20,2,0,28.25,1141,631,3,1734.31,0,1,0,0.506,0.21650310319193689,0,0.3,0.0,1,0,0
1949.25,4,3,0,66.53,137,2395,3,2124.16,0,0,0,0.351,0.9172250559957839,1,0.3,0.0,0,0,1
7576.29,15,1,0,55.66,1188,2364,1,1726.56,0,0,0,0.092,4.385543772719906,0,0.1,0.0,0,0,1
492.54,23,0,0,36.9,905,2471,4,1081.87,0,1,0,0.421,0.4548468421878897,1,0.4,0.0,1,0,0
2179.92,8,4,0,20.62,176,605,2,840.3,0,1,0,0.217,2.5911327707119938,0,0.2,0.0,0,1,0
628.9,8,1,0,71.58,1058,975,5,1669.71,0,0,1,0.153,0.3764267886108301,0,0.5,0.0,0,0,1
2317.15,3,6,1,10.88,166,1519,3,3087.02,0,0,0,0.333,0.75036754943297,1,0.3,0.0,1,0,0
1118.04,10,4,0,117.94,208,1476,6,1198.25,1,1,0,0.059,0.9322826766729205,0,0.6,0.2,1,0,0
813.24,4,3,0,62.2,609,494,2,3198.5,0,0,0,0.225,0.2541772151898734,1,0.2,0.0,1,0,0
2189.29,13,1,0,68.79,557,1370,3,1631.23,0,0,0,0.076,1.3412876861716791,0,0.3,0.0,1,0,0
2539.31,5,2,0,26.15,748,1020,3,3218.89,0,0,0,0.242,0.7886325309249695,1,0.3,0.0,0,0,1
789.46,4,5,1,14.69,933,2287,1,1864.45,0,1,0,0.403,0.4232008362593476,1,0.1,0.0,0,1,0
1765.87,15,4,0,78.97,544,964,4,1505.4,0,0,0,0.25,1.1722450876261283,0,0.4,0.0,0,0,1
938.68,5,0,0,34.28,945,473,4,1170.28,0,0,0,0.503,0.8014138378526057,1,0.4,0.0,0,0,1
4258.6,13,0,0,57.43,269,1923,4,1680.62,1,0,0,0.069,2.5324389576717694,0,0.4,0.2,1,0,0
3583.58,16,4,0,10.21,1195,556,3,1860.54,0,0,0,0.256,1.9250620454032683,0,0.3,0.0,0,0,1
507.98,15,2,0,48.37,1044,711,1,887.02,0,0,0,0.255,0.5720366658408594,0,0.1,0.0,1,0,0
321.94,17,1,0,25.96,9,2219,4,2510.24,0,1,0,0.384,0.12819961453305936,0,0.4,0.0,0,0,1
1333.37,15,4,0,24.62,85,1959,3,549.67,0,0,0,0.05,2.421359434870249,0,0.3,0.0,0,0,1
3141.01,14,4,0,38.32,1269,715,4,772.91,0,0,0,0.629,4.058624387848717,0,0.4,0.0,0,1,0
610.94,8,1,0,56.28,215,827,1,2630.74,1,1,0,0.233,0.2321429928488377,0,0.1,0.2,0,0,1
2933.78,5,3,0,17.93,1203,653,3,1410.96,0,1,0,0.124,2.0778067367347517,1,0.3,0.0,0,1,0
1455.93,15,0,0,27.38,107,2472,2,687.48,2,0,0,0.193,2.1147019521264236,0,0.2,0.4,0,0,1
1132.92,4,2,0,60.81,764,1411,5,322.96,0,1,1,0.189,3.497098407210767,1,0.5,0.0,1,0,0
8256.92,23,6,1,62.12,862,2204,4,3919.25,0,0,1,0.207,2.1062228174223585,1,0.4,0.0,1,0,0
475.17,9,6,1,22.66,934,420,4,512.97,0,0,0,0.181,0.9245092125999572,0,0.4,0.0,1,0,0
2364.42,22,4,0,52.39,1401,2197,3,4013.75,0,0,0,0.34,0.5889333084251822,0,0.3,0.0,1,0,0
2211.79,19,2,0,38.57,816,1378,5,1312.72,0,0,0,0.728,1.6836083792588983,0,0.5,0.0,0,0,1
1021.46,21,2,0,63.19,479,1354,0,1019.91,1,0,0,0.618,1.0005387350501025,0,0.0,0.2,0,1,0
5333.89,23,3,0,22.63,1136,700,3,982.63,0,0,0,0.424,5.422658926628916,1,0.3,0.0,1,0,0
1035.15,1,1,0,15.66,1322,2221,1,3294.44,1,0,0,0.682,0.31411586920107787,1,0.1,0.2,0,1,0
1795.57,20,4,0,15.88,1007,2202,3,981.4,0,0,0,0.227,1.8277381921824103,0,0.3,0.0,1,0,0
340.12,0,5,1,8.33,1052,56,2,2421.52,0,0,1,0.104,0.14039925366973235,1,0.2,0.0,0,1,0
1636.32,7,0,0,11.55,64,604,3,2473.88,0,0,0,0.428,0.6611714507370053,0,0.3,0.0,1,0,0
1406.3,14,0,0,19.04,1456,1218,3,2661.78,2,0,0,0.297,0.5281322527583953,0,0.3,0.4,0,1,0
9657.12,12,6,1,28.03,1020,1244,3,1568.68,1,0,1,0.269,6.152285816217319,0,0.3,0.2,0,0,1
1202.7,19,6,1,30.38,1275,1509,2,1585.91,0,1,0,0.176,0.7578879709624364,0,0.2,0.0,0,0,1
618.15,0,0,0,14.82,776,1393,3,3065.93,0,0,1,0.39,0.20155334487582044,1,0.3,0.0,0,1,0
2156.79,3,6,1,6.92,854,1292,4,1995.52,1,1,0,0.324,1.0802746779396148,1,0.4,0.2,1,0,0
878.72,23,1,0,18.95,717,561,2,1403.92,1,0,0,0.199,0.6254591008740711,1,0.2,0.2,0,1,0
3368.6,17,1,0,83.11,1151,1803,6,2917.2,0,0,0,0.185,1.1543417174970874,0,0.6,0.0,0,1,0
2477.27,0,5,1,49.35,1299,512,1,3798.98,0,1,0,0.529,0.6519165890346791,1,0.1,0.0,0,1,0
869.59,23,0,0,2.53,445,713,2,705.04,0,0,0,0.272,1.2316440994844486,1,0.2,0.0,0,0,1
2981.14,9,1,0,58.31,774,1339,4,1138.4,0,0,0,0.064,2.6164121467439,0,0.4,0.0,0,1,0
957.07,0,0,0,8.7,834,405,4,2631.37,1,0,1,0.481,0.3635773086610165,1,0.4,0.2,1,0,0
6717.25,2,2,0,39.26,236,1464,0,1700.9,3,0,0,0.283,3.9469122745167162,1,0.0,0.6,0,0,1
2459.68,13,4,0,33.12,176,1798,8,2748.29,0,1,0,0.25,0.8946600758741348,0,0.8,0.0,1,0,0
818.86,0,5,1,17.43,521,1922,2,5280.15,1,0,0,0.306,0.15505335012260588,1,0.2,0.2,0,0,1
6730.15,17,1,0,59.98,47,1644,2,2065.57,0,0,1,0.032,3.25667652196635,0,0.2,0.0,0,1,0
11529.29,23,6,1,21.4,947,536,2,3279.43,0,0,0,0.435,3.5145666879037205,1,0.2,0.0,1,0,0
904.6,14,3,0,33.25,440,609,3,4169.1,0,0,0,0.302,0.21692525359104098,0,0.3,0.0,1,0,0
4397.9,19,1,0,6.09,788,401,1,1460.6,0,0,0,0.596,3.0089627805145045,0,0.1,0.0,0,1,0
123.69,20,3,0,20.18,329,1501,8,4314.13,1,0,1,0.287,0.028664258087241868,0,0.8,0.2,0,0,1
1106.63,9,4,0,12.96,788,2008,3,1691.99,0,1,0,0.147,0.6536541857896385,0,0.3,0.0,1,0,0
732.12,9,5,1,36.66,476,1923,0,1748.64,0,0,0,0.131,0.41844036487506,0,0.0,0.0,0,0,1
390.82,22,1,0,80.52,961,335,3,3227.67,0,0,0,0.355,0.12104674680286309,0,0.3,0.0,0,0,1
5309.89,5,4,0,24.39,1363,1664,6,1479.27,1,0,0,0.182,3.5871091084734545,1,0.6,0.2,0,0,1
514.01,20,3,0,15.55,1493,46,9,1548.23,0,0,1,0.327,0.3317841766554998,0,0.9,0.0,0,1,0
1391.43,9,6,1,8.82,673,1991,3,1470.09,0,0,0,0.178,0.9458496760905181,0,0.3,0.0,0,0,1
2132.62,11,3,0,77.41,195,1512,3,849.04,1,0,0,0.242,2.5088466425109406,0,0.3,0.2,0,1,0
1399.04,22,1,0,24.24,353,2053,4,606.09,0,0,0,0.562,2.3045018036864384,0,0.4,0.0,0,1,0
370.5,1,5,1,46.26,1066,1554,0,1094.77,0,1,0,0.435,0.33811840075928346,1,0.0,0.0,1,0,0
27439.77,21,0,0,67.59,638,2340,3,2150.57,0,0,0,0.031,12.753370794350172,0,0.3,0.0,0,0,1
1629.01,7,2,0,48.55,675,2324,2,1263.15,0,0,0,0.037,1.2886208124035912,0,0.2,0.0,0,0,1
4227.51,10,1,0,54.46,250,1384,5,4399.06,1,0,0,0.093,0.9607846256641954,0,0.5,0.2,0,1,0
923.48,14,1,0,47.97,729,2437,3,2496.12,0,0,0,0.211,0.3698180303709874,0,0.3,0.0,0,0,1
1052.29,20,6,1,0.49,1088,857,5,2677.98,1,0,0,0.43,0.39279501899976854,0,0.5,0.2,0,0,1
1771.4,10,3,0,8.53,472,1692,3,2559.96,0,0,0,0.125,0.6916937398475572,0,0.3,0.0,0,0,1
643.18,22,0,0,13.54,509,364,2,1899.23,0,0,0,0.351,0.3384748162064592,0,0.2,0.0,0,1,0
1670.59,14,6,1,7.0,485,1121,4,725.7,2,0,0,0.46,2.2988716113939724,0,0.4,0.4,1,0,0
348.08,3,6,1,5.71,1245,2128,3,965.16,0,0,0,0.299,0.3602715906268113,1,0.3,0.0,1,0,0
373.72,11,1,0,17.11,814,759,1,1036.89,0,0,0,0.49,0.36007669406199116,0,0.1,0.0,1,0,0
4629.39,4,1,0,18.17,1393,919,4,1457.57,2,0,0,0.259,3.173923774655999,1,0.4,0.4,1,0,0
4354.15,17,0,0,23.23,1397,1395,2,522.06,0,0,0,0.309,8.324379612281573,0,0.2,0.0,0,1,0
1517.8,22,1,0,60.33,604,1445,3,1330.6,0,0,0,0.295,1.1398317813157104,0,0.3,0.0,0,0,1
2310.65,23,6,1,84.28,1117,2226,4,961.78,1,0,0,0.191,2.39997714950456,1,0.4,0.2,1,0,0
4292.98,20,4,0,40.3,34,1157,4,2871.12,0,0,1,0.418,1.4947077420163501,0,0.4,0.0,1,0,0
4991.89,22,6,1,28.25,663,1060,4,604.41,1,0,1,0.084,8.245470012057945,0,0.4,0.2,0,1,0
854.94,5,0,0,36.68,225,698,0,1582.02,1,0,0,0.411,0.5400689820722417,1,0.0,0.2,0,1,0
1728.51,0,2,0,22.24,1086,2277,4,2129.92,0,0,0,0.205,0.8111566834982074,1,0.4,0.0,1,0,0
407.7,23,2,0,14.63,1150,904,3,4069.09,0,0,0,0.594,0.10016977511553798,1,0.3,0.0,0,1,0
1476.25,8,3,0,46.66,1196,1586,2,778.3,1,0,0,0.456,1.894328243295265,0,0.2,0.2,0,0,1
357.37,16,3,0,71.71,1422,1530,2,2086.22,1,0,1,0.545,0.17121817537202597,0,0.2,0.2,0,0,1
2084.88,17,2,0,45.88,706,2002,4,2851.76,0,0,0,0.392,0.7308290918268624,0,0.4,0.0,0,1,0
1700.98,9,4,0,27.35,26,2199,1,5895.45,0,0,0,0.419,0.28847526901779885,0,0.1,0.0,0,1,0
449.08,12,1,0,7.3,667,2472,2,1434.5,3,0,0,0.14,0.312838732149077,0,0.2,0.6,1,0,0
452.88,2,3,0,26.4,1298,2185,1,3025.39,0,0,0,0.325,0.14964363482565038,1,0.1,0.0,0,0,1
2680.49,12,0,0,63.51,897,608,8,913.04,1,1,0,0.263,2.932574066780447,0,0.8,0.2,0,1,0
529.11,18,2,0,28.13,798,1014,1,1156.48,0,1,0,0.363,0.45712236928499844,0,0.1,0.0,0,1,0
8511.5,5,6,1,44.62,416,260,1,2306.05,0,0,0,0.43,3.6893435339502827,1,0.1,0.0,0,1,0
1095.81,20,6,1,22.93,1295,1156,2,1352.32,1,0,0,0.435,0.8097198001950758,0,0.2,0.2,1,0,0
829.13,21,6,1,24.79,1087,597,1,963.33,1,0,0,0.089,0.8597990314518889,0,0.1,0.2,1,0,0
1519.39,11,6,1,63.05,1109,2184,3,1153.63,0,0,0,0.139,1.3159107246477226,0,0.3,0.0,1,0,0
2442.4,19,6,1,22.54,1449,1212,1,3757.18,0,0,0,0.164,0.6498890420363048,0,0.1,0.0,0,1,0
1355.78,6,0,0,52.35,238,2070,4,2093.79,0,0,0,0.35,0.6472152339852683,0,0.4,0.0,0,0,1
3899.73,8,1,0,57.41,1044,1400,4,565.97,1,0,0,0.296,6.878194613471612,0,0.4,0.2,0,1,0
3369.37,14,0,0,26.85,661,1019,2,1961.32,2,0,0,0.136,1.717033919034612,0,0.2,0.4,1,0,0
827.31,16,5,1,15.66,417,2351,4,3201.1,0,0,0,0.494,0.25836482308485054,0,0.4,0.0,0,0,1
339.77,4,5,1,42.29,536,2267,1,1471.21,0,0,0,0.266,0.23078908579618396,1,0.1,0.0,1,0,0
2341.18,11,5,1,0.56,213,861,2,1267.07,0,0,0,0.328,1.846254544307491,0,0.2,0.0,0,0,1
1803.91,3,5,1,20.99,880,2300,3,966.15,0,0,0,0.057,1.8651812025021972,1,0.3,0.0,0,1,0
235.2,14,5,1,2.56,957,1310,3,2989.49,0,0,0,0.241,0.07864931833913506,0,0.3,0.0,0,1,0
1142.26,3,0,0,50.33,735,1998,4,4435.16,1,0,0,0.091,0.25748845848661905,1,0.4,0.2,0,0,1
1246.02,0,6,1,15.02,151,1634,4,3715.15,0,0,0,0.28,0.33529862895738866,1,0.4,0.0,1,0,0
797.59,9,5,1,11.77,6,1770,4,2218.03,0,0,0,0.105,0.3594318238149101,0,0.4,0.0,0,1,0
2322.02,5,4,0,29.71,667,416,2,1094.76,1,0,0,0.135,2.1190954223552603,1,0.2,0.2,0,0,1
290.29,23,0,0,6.52,1253,2206,3,4717.5,0,0,0,0.18,0.06152167002225284,1,0.3,0.0,1,0,0
6099.53,12,2,0,18.3,972,53,2,2525.15,0,0,1,0.052,2.414555746887556,0,0.2,0.0,0,1,0
283.86,18,0,0,21.47,799,2035,3,564.84,0,0,0,0.377,0.5016612469956171,0,0.3,0.0,0,1,0
494.64,21,3,0,54.84,312,1260,4,1415.22,0,0,0,0.138,0.34926776913191454,0,0.4,0.0,0,1,0
1856.59,19,4,0,15.21,881,406,3,842.55,0,0,0,0.112,2.20092466362397,0,0.3,0.0,0,1,0
892.09,15,3,0,49.68,337,1618,2,1181.38,0,0,0,0.493,0.7544867132393984,0,0.2,0.0,1,0,0
3835.33,4,1,0,7.66,313,1277,4,377.11,0,0,0,0.037,10.143423871360186,1,0.4,0.0,0,1,0
1027.53,18,6,1,0.09,240,1830,3,602.35,0,0,0,0.691,1.7030413524488273,0,0.3,0.0,1,0,0
2307.92,15,2,0,29.86,535,1795,5,565.55,0,1,0,0.267,4.073638690318595,0,0.5,0.0,0,1,0
470.95,0,2,0,47.86,868,571,2,2325.08,0,0,0,0.173,0.20246509148438574,1,0.2,0.0,0,0,1
148.2,1,0,0,14.03,465,134,1,822.14,0,0,0,0.11,0.1800422771339019,1,0.1,0.0,1,0,0
863.42,16,6,1,13.24,275,2402,2,5357.04,0,0,0,0.11,0.16114474695970915,0,0.2,0.0,1,0,0
1739.09,16,2,0,17.79,763,1803,1,1284.01,0,0,0,0.242,1.3533668998684834,0,0.1,0.0,1,0,0
920.67,13,5,1,10.67,1488,251,1,3541.48,0,0,0,0.475,0.25989419841466993,0,0.1,0.0,0,1,0
8622.52,3,0,0,8.06,441,540,3,2407.66,1,0,0,0.195,3.5797995565999354,1,0.3,0.2,0,1,0
2671.72,16,6,1,49.36,633,1577,2,7260.72,0,0,0,0.121,0.36791834441427096,0,0.2,0.0,0,0,1
645.53,8,5,1,35.59,639,102,1,1269.03,0,0,0,0.276,0.5082793319842839,0,0.1,0.0,0,0,1
12923.89,5,5,1,45.62,1313,60,4,973.3,0,1,0,0.303,13.264795237606487,1,0.4,0.0,0,1,0
1471.33,6,5,1,71.51,112,365,0,2163.39,0,0,0,0.222,0.6797896867015649,0,0.0,0.0,0,1,0
2431.78,14,6,1,6.02,1218,1005,5,1828.64,1,0,1,0.384,1.3291029929385016,0,0.5,0.2,0,0,1
1953.61,17,6,1,42.28,658,948,3,1251.38,0,0,0,0.255,1.5599179162873886,0,0.3,0.0,0,1,0
912.53,3,3,0,48.08,168,1928,2,993.22,0,1,0,0.34,0.9178350868017139,1,0.2,0.0,0,0,1
540.13,3,2,0,6.35,80,2162,3,573.34,1,1,0,0.107,0.9404359786885816,1,0.3,0.2,1,0,0
2911.73,17,2,0,35.63,635,858,8,1553.74,1,0,0,0.308,1.872808315216692,0,0.8,0.2,0,1,0
903.17,18,3,0,50.45,454,1864,6,268.04,2,0,0,0.544,3.3570101100208145,0,0.6,0.4,1,0,0
153.83,13,0,0,60.44,767,1219,3,2585.05,0,0,0,0.066,0.05948454206221844,0,0.3,0.0,0,0,1
214.63,7,0,0,22.33,984,659,2,1807.29,2,0,1,0.085,0.11869224515979185,0,0.2,0.4,1,0,0
3057.98,0,1,0,40.12,48,2258,4,7481.03,1,0,0,0.228,0.4087099356725381,1,0.4,0.2,1,0,0
969.06,2,3,0,57.11,653,1695,1,3924.05,0,0,0,0.557,0.24689112240608396,1,0.1,0.0,0,0,1
517.98,17,4,0,80.51,206,2346,3,1363.44,0,0,0,0.106,0.37962827240479613,0,0.3,0.0,0,1,0
1174.4,13,4,0,17.96,142,1702,2,800.61,0,0,0,0.22,1.4650515836878284,0,0.2,0.0,0,1,0
541.13,2,6,1,19.38,104,680,2,2899.5,0,0,0,0.555,0.18656438545078435,1,0.2,0.0,0,1,0
6779.76,5,5,1,0.47,1446,558,1,1504.76,0,1,0,0.189,4.502550207204336,1,0.1,0.0,0,0,1
360.53,0,5,1,22.96,662,400,2,2117.18,0,1,0,0.029,0.17020744223814785,1,0.2,0.0,0,0,1
1727.31,8,2,0,60.72,1108,2027,0,707.35,1,0,0,0.245,2.438497917696054,0,0.0,0.2,1,0,0
4009.5,6,1,0,27.02,1175,1421,5,3791.88,0,0,0,0.221,1.057112273523022,0,0.5,0.0,0,0,1
640.8,1,4,0,30.12,750,988,5,3062.82,0,0,0,0.077,0.20915066812018981,1,0.5,0.0,1,0,0
3952.38,9,3,0,3.17,120,1410,3,2249.82,0,0,1,0.372,1.7559733785909135,0,0.3,0.0,1,0,0
7600.55,7,5,1,33.06,178,1068,2,1308.64,0,0,0,0.108,5.80354143123301,0,0.2,0.0,0,1,0
11099.22,5,6,1,121.76,194,1659,1,4665.12,1,0,0,0.268,2.3786829314291102,1,0.1,0.2,0,1,0
2531.28,18,3,0,11.22,388,1817,1,1037.91,1,0,0,0.02,2.4364766919174903,0,0.1,0.2,0,1,0
4826.08,1,4,0,2.17,1269,667,3,700.05,0,0,0,0.349,6.884073889166251,1,0.3,0.0,0,0,1
520.79,10,3,0,38.23,897,354,6,680.72,0,0,0,0.14,0.7639353400222965,0,0.6,0.0,0,1,0
6767.16,16,0,0,62.18,547,1551,2,1765.92,0,0,0,0.315,3.829918728635139,0,0.2,0.0,0,0,1
734.18,17,1,0,35.57,327,1467,1,1784.53,0,0,0,0.581,0.4111832341097601,0,0.1,0.0,0,0,1
3416.32,15,2,0,28.42,790,818,4,5299.94,0,0,1,0.124,0.6444743762427042,0,0.4,0.0,0,1,0
423.66,22,1,0,42.88,680,820,3,1911.84,0,0,0,0.184,0.22148219401518163,0,0.3,0.0,0,1,0
6981.52,23,4,0,40.81,1259,760,1,794.92,0,0,0,0.275,8.7716353402352,1,0.1,0.0,0,0,1
1355.81,5,0,0,20.45,1207,1376,4,719.28,0,1,0,0.189,1.8823374243349809,1,0.4,0.0,1,0,0
3772.97,17,2,0,17.64,1254,1221,6,450.0,1,1,0,0.21,8.365787139689578,0,0.6,0.2,1,0,0
1118.99,5,6,1,16.48,1356,2027,3,935.1,0,0,0,0.165,1.1953744258092085,1,0.3,0.0,0,0,1
684.16,13,3,0,102.06,584,1634,0,529.39,1,1,0,0.097,1.289918739041083,0,0.0,0.2,1,0,0
896.96,19,5,1,59.55,1018,1993,3,1990.9,2,0,0,0.136,0.4503037301069331,0,0.3,0.4,0,0,1
2130.67,22,6,1,12.57,36,1051,1,1970.78,1,0,0,0.409,1.0805820121920295,0,0.1,0.2,0,1,0
3894.43,14,1,0,36.21,1372,189,4,1128.11,1,0,0,0.249,3.4491147895244927,0,0.4,0.2,0,1,0
616.59,6,2,0,40.89,242,704,4,1187.76,1,0,0,0.218,0.5186833338941418,0,0.4,0.2,0,0,1
1887.48,17,1,0,36.94,306,1543,0,933.6,0,0,0,0.182,2.0195591696982667,0,0.0,0.0,1,0,0
7033.84,9,1,0,80.2,1181,2476,7,2725.85,0,0,0,0.05,2.5794744852118745,0,0.7,0.0,1,0,0
2162.05,22,3,0,13.47,401,1548,1,1183.68,0,0,0,0.133,1.8250075969882162,0,0.1,0.0,0,0,1
1406.91,20,4,0,95.76,891,64,5,1907.28,2,1,0,0.018,0.7372660196616849,0,0.5,0.4,0,1,0
316.75,11,1,0,51.54,487,68,4,696.04,0,0,0,0.621,0.45442155399977047,0,0.4,0.0,1,0,0
425.45,14,4,0,25.47,1224,763,2,938.43,1,0,0,0.289,0.45288100230991135,0,0.2,0.2,0,1,0
5467.23,16,5,1,60.94,735,694,2,6494.7,0,0,0,0.067,0.8416691041766091,0,0.2,0.0,0,1,0
3552.95,0,4,0,47.15,445,1371,1,1073.84,0,0,0,0.227,3.305561758029102,1,0.1,0.0,0,1,0
1628.7,0,6,1,19.35,1304,1041,5,1874.33,0,0,0,0.622,0.8684871462622579,1,0.5,0.0,1,0,0
1613.75,16,2,0,41.17,1151,641,4,538.75,1,0,0,0.164,2.989810097267253,0,0.4,0.2,0,0,1
2517.46,16,3,0,27.7,136,1446,0,2277.14,0,0,0,0.061,1.105050611463738,0,0.0,0.0,0,0,1
1138.24,20,2,0,29.99,490,1638,2,727.49,1,1,0,0.292,1.562464824499993,0,0.2,0.2,0,0,1
2892.4,5,6,1,17.24,136,1238,3,1717.63,0,0,0,0.276,1.6829684108854146,1,0.3,0.0,1,0,0
1582.2,13,3,0,135.08,974,375,2,2636.08,0,1,0,0.518,0.5999817980493577,0,0.2,0.0,0,0,1
5082.1,19,4,0,16.51,933,1437,3,6679.82,0,0,0,0.32,0.7607000338281829,0,0.3,0.0,0,0,1
3123.87,2,0,0,4.95,262,511,7,890.63,0,0,1,0.227,3.5035496786783753,1,0.7,0.0,0,0,1
3978.82,17,1,0,16.34,876,1577,3,4738.68,1,0,0,0.363,0.8394701752017014,0,0.3,0.2,0,1,0
805.61,1,6,1,0.04,181,463,5,1120.0,0,1,0,0.414,0.7186529884032115,1,0.5,0.0,0,0,1
1609.82,13,6,1,64.92,639,1509,2,557.48,0,0,0,0.15,2.8825025068041827,0,0.2,0.0,0,0,1
2131.46,7,0,0,54.55,710,1694,2,5867.13,1,0,0,0.478,0.36322644522190206,0,0.2,0.2,0,0,1
1317.62,10,4,0,62.21,187,791,4,1370.05,0,0,0,0.755,0.9610298676197074,0,0.4,0.0,0,1,0
278.08,6,5,1,40.19,38,212,1,2129.81,1,0,0,0.087,0.13050436219090392,0,0.1,0.2,0,1,0
2290.62,5,2,0,45.26,1379,1484,3,772.59,0,0,1,0.077,2.9610258664150257,1,0.3,0.0,1,0,0
464.14,8,0,0,41.39,1253,58,4,753.32,0,1,0,0.334,0.6153091526142751,0,0.4,0.0,0,0,1
2859.1,1,6,1,69.3,742,967,10,3771.01,1,0,0,0.509,0.7579778420523805,1,1.0,0.2,0,0,1
811.07,14,3,0,4.43,628,431,3,2219.27,0,0,0,0.475,0.3653024181743662,0,0.3,0.0,0,0,1
5731.89,13,4,0,87.29,1106,759,3,1592.22,0,0,1,0.229,3.597676403760937,0,0.3,0.0,0,1,0
231.75,12,0,0,16.04,1258,638,4,1404.87,0,0,0,0.242,0.16484454465917903,0,0.4,0.0,0,0,1
650.18,9,4,0,17.9,1011,302,2,1223.24,0,0,0,0.537,0.5310886754231195,0,0.2,0.0,1,0,0
7932.17,4,6,1,11.74,300,1737,5,766.93,0,0,0,0.262,10.329287825713282,1,0.5,0.0,0,0,1
1209.98,18,2,0,81.81,123,630,4,1122.86,0,0,0,0.342,1.076628761589522,0,0.4,0.0,0,1,0
686.72,3,5,1,3.26,552,599,3,3413.66,0,0,0,0.195,0.20110933445789628,1,0.3,0.0,0,0,1
2280.34,22,4,0,65.96,512,49,4,1143.67,0,0,0,0.094,1.9921374719351428,0,0.4,0.0,0,1,0
178.04,9,2,0,3.44,610,1911,2,835.11,1,0,0,0.311,0.21293848895480258,0,0.2,0.2,0,1,0
3522.52,8,1,0,95.96,260,559,1,1431.6,0,0,0,0.131,2.4588300991204806,0,0.1,0.0,1,0,0
11606.26,9,0,0,39.41,906,1136,7,655.5,0,0,0,0.685,17.67899466869764,0,0.7,0.0,0,0,1
1571.08,21,1,0,57.4,358,1468,6,519.63,0,0,0,0.142,3.0176516912202525,0,0.6,0.0,1,0,0
1063.99,1,4,0,25.39,864,32,1,1413.38,0,0,0,0.402,0.7522660105487916,1,0.1,0.0,0,1,0
997.33,15,0,0,16.3,432,1430,1,1357.7,0,0,1,0.451,0.7340325310959005,0,0.1,0.0,0,1,0
1255.39,14,5,1,8.44,1066,2029,6,2492.06,1,0,0,0.315,0.5035538655307134,0,0.6,0.2,0,1,0
420.47,4,6,1,68.01,1460,1037,2,1938.85,0,0,0,0.147,0.2167538727221177,1,0.2,0.0,0,1,0
2616.28,2,1,0,17.71,532,2439,2,2044.17,0,0,0,0.087,1.2792481798579092,1,0.2,0.0,1,0,0
1371.73,2,3,0,0.02,914,363,5,803.78,1,0,0,0.178,1.7044782425010563,1,0.5,0.2,0,1,0
4536.21,13,4,0,37.9,450,1107,5,1953.0,0,0,0,0.448,2.321499488229273,0,0.5,0.0,0,0,1
1734.41,8,2,0,40.93,1434,683,3,1137.84,2,0,0,0.751,1.5229619612939485,0,0.3,0.4,0,0,1
3135.15,6,5,1,45.93,444,2021,8,1067.67,0,1,0,0.474,2.9336932823041724,0,0.8,0.0,0,0,1
1852.47,6,0,0,37.66,547,771,3,3578.61,0,0,0,0.273,0.517506097032917,0,0.3,0.0,0,1,0
422.91,3,1,0,65.83,1028,1135,3,1389.5,0,0,0,0.239,0.3041423948220065,1,0.3,0.0,0,1,0
61.42,8,2,0,43.31,247,172,4,2605.06,0,0,0,0.303,0.02356814501584768,0,0.4,0.0,0,0,1
939.97,18,5,1,36.83,1118,1210,1,2063.37,0,0,0,0.294,0.45533019759054827,0,0.1,0.0,1,0,0
4908.14,18,1,0,70.2,688,1706,4,2836.5,0,0,0,0.471,1.7297409691629957,0,0.4,0.0,1,0,0
1052.46,3,6,1,60.76,440,1418,5,3443.42,0,0,0,0.129,0.30555507168115387,1,0.5,0.0,0,0,1
2513.15,10,5,1,5.9,741,394,7,2033.06,1,0,0,0.41,1.2355338583915914,0,0.7,0.2,0,0,1
2472.79,5,3,0,18.4,1137,390,3,1325.55,0,0,0,0.299,1.8640759865817347,1,0.3,0.0,1,0,0
6936.72,12,5,1,20.1,626,1273,2,4996.82,1,0,0,0.47,1.387949145827581,0,0.2,0.2,0,1,0
5041.96,6,3,0,51.2,1251,135,2,2715.56,0,0,0,0.516,1.8560090702947847,0,0.2,0.0,0,0,1
6405.9,2,6,1,8.84,849,2240,2,3861.97,0,0,0,0.213,1.6582836522157822,1,0.2,0.0,0,0,1
1737.34,19,2,0,27.28,13,2251,9,1471.14,1,0,0,0.533,1.18014591003573,0,0.9,0.2,0,0,1
3337.91,17,4,0,9.77,1324,2136,0,1669.94,0,0,0,0.186,1.9976240918285515,0,0.0,0.0,0,1,0
650.97,9,4,0,16.97,1330,1641,1,1589.55,0,0,0,0.471,0.4092735217377637,0,0.1,0.0,1,0,0
5676.3,17,3,0,26.46,791,1102,4,5962.36,1,0,0,0.337,0.9518627082718468,0,0.4,0.2,0,1,0
2005.68,12,5,1,9.38,125,1749,1,1586.31,1,0,0,0.283,1.2635717030699738,0,0.1,0.2,0,1,0
178.57,17,1,0,33.46,378,1420,1,4062.52,0,0,0,0.349,0.043944658817970626,0,0.1,0.0,0,0,1
4939.73,12,4,0,60.23,43,1573,4,1394.55,1,0,0,0.477,3.5396295367417863,0,0.4,0.2,0,1,0
479.18,13,2,0,27.28,1285,2376,2,1595.27,2,1,0,0.359,0.30018731167033147,0,0.2,0.4,1,0,0
1276.98,3,6,1,17.53,322,2373,2,3486.7,0,0,0,0.547,0.3661381426154773,1,0.2,0.0,1,0,0
3084.47,10,4,0,14.96,620,2360,3,927.79,1,0,0,0.291,3.3209552213094455,0,0.3,0.2,1,0,0
441.68,3,4,0,49.67,1285,384,0,6866.68,1,0,0,0.421,0.06431283927032128,1,0.0,0.2,0,1,0
1741.82,3,4,0,29.3,562,615,5,2314.88,1,0,0,0.217,0.7521201443943555,1,0.5,0.2,0,0,1
2056.06,13,0,0,40.58,244,1000,2,1449.56,0,0,0,0.254,1.4174249944848887,0,0.2,0.0,0,0,1
1334.83,14,0,0,61.03,680,1206,3,1898.32,0,0,0,0.103,0.7027936314049239,0,0.3,0.0,0,1,0
1584.8,21,0,0,53.49,101,2270,1,713.19,0,0,0,0.273,2.2190173483246753,0,0.1,0.0,0,0,1
686.51,15,3,0,44.19,41,937,6,1347.84,0,0,0,0.212,0.5089632573173987,0,0.6,0.0,1,0,0
3432.52,21,5,1,43.65,184,1781,2,1078.26,1,0,1,0.22,3.1804384485666106,0,0.2,0.2,0,0,1
3146.01,11,3,0,36.72,1308,1517,4,2197.66,0,0,0,0.209,1.4308760790663406,0,0.4,0.0,1,0,0
1109.2,8,6,1,24.94,702,702,0,1576.69,0,0,0,0.406,0.7030531980300313,0,0.0,0.0,0,0,1
8559.71,5,5,1,6.51,1377,1978,4,498.33,1,0,1,0.237,17.142390803676925,1,0.4,0.2,1,0,0
1457.08,6,0,0,8.2,775,2166,3,3162.03,1,0,0,0.661,0.4606595574496606,0,0.3,0.2,0,0,1
662.14,7,1,0,55.36,879,947,3,972.03,1,0,0,0.083,0.6804928933331963,0,0.3,0.2,1,0,0
432.06,16,0,0,64.25,833,530,5,2280.85,1,0,0,0.058,0.18934636369612376,0,0.5,0.2,0,1,0
2839.6,22,4,0,21.56,1448,1970,5,2315.76,2,0,0,0.437,1.2256772389026052,0,0.5,0.4,1,0,0
8586.22,22,1,0,73.71,94,997,2,1159.39,0,0,0,0.409,7.399426055033221,0,0.2,0.0,1,0,0
332.48,22,5,1,80.93,1210,1143,2,462.52,2,0,1,0.22,0.7172937521574043,0,0.2,0.4,0,1,0
882.12,21,3,0,9.06,1105,2397,2,1545.88,0,0,0,0.294,0.5702575506826644,0,0.2,0.0,0,0,1
2732.01,6,0,0,19.29,1116,1443,3,1610.02,1,0,0,0.372,1.695826246725677,0,0.3,0.2,0,0,1
910.93,4,5,1,29.73,1353,422,7,2538.34,0,1,0,0.251,0.35872707081367594,1,0.7,0.0,1,0,0
4303.36,17,0,0,34.84,1022,2411,7,3616.59,0,1,0,0.205,1.189565428918147,0,0.7,0.0,0,1,0
4469.04,17,0,0,5.73,382,2017,2,2163.97,0,0,0,0.415,2.0642503129373617,0,0.2,0.0,0,1,0
2500.04,12,2,0,35.53,1470,2413,4,1235.92,1,1,0,0.381,2.0211816447304596,0,0.4,0.2,0,1,0
1515.66,20,2,0,4.59,515,1451,4,1428.13,1,0,0,0.284,1.0605473259955358,0,0.4,0.2,1,0,0
6213.24,14,2,0,30.72,1288,1178,1,2432.67,1,0,0,0.033,2.5530330735062683,0,0.1,0.2,0,0,1
2439.44,2,6,1,18.83,1093,599,0,3971.15,1,0,0,0.152,0.6141359213524162,1,0.0,0.2,1,0,0
819.82,20,4,0,106.38,241,2037,2,1852.23,0,0,0,0.492,0.44237358557761314,0,0.2,0.0,0,1,0
3117.92,20,2,0,0.51,127,1800,3,1224.96,0,0,0,0.597,2.5432477405461844,0,0.3,0.0,1,0,0
2234.33,21,3,0,48.11,1258,1567,2,1724.2,1,0,0,0.368,1.29511361001623,0,0.2,0.2,1,0,0
3018.2,18,2,0,97.79,100,1698,2,2834.5,0,0,0,0.121,1.0644330805854345,0,0.2,0.0,0,0,1
409.66,13,4,0,40.07,450,1356,2,4441.44,0,0,0,0.358,0.09221508900514133,0,0.2,0.0,0,1,0
1559.08,13,1,0,26.61,967,592,1,2128.34,0,1,0,0.486,0.7321893168775301,0,0.1,0.0,1,0,0
1188.33,5,0,0,33.74,1088,958,2,523.08,0,0,0,0.459,2.2674591665394592,1,0.2,0.0,1,0,0
3661.69,22,1,0,44.86,893,1255,5,3179.8,0,0,0,0.283,1.1511852364185111,0,0.5,0.0,0,0,1
1257.91,3,1,0,26.77,813,714,4,1537.83,1,0,0,0.276,0.817445721749641,1,0.4,0.2,0,1,0
3137.81,3,3,0,25.02,928,267,2,8622.67,0,0,0,0.079,0.36386016626331946,1,0.2,0.0,0,1,0
1574.74,2,6,1,0.48,108,466,2,2402.44,0,0,0,0.169,0.6552025430216689,1,0.2,0.0,0,0,1
399.18,23,5,1,29.25,157,751,5,974.65,1,0,0,0.459,0.40914262286680675,1,0.5,0.2,0,1,0
3465.95,17,4,0,6.04,771,612,2,2568.4,0,0,0,0.115,1.3489336031758385,0,0.2,0.0,1,0,0
3859.55,0,3,0,12.23,351,2048,3,2933.35,1,0,0,0.587,1.3152998108610086,1,0.3,0.2,0,1,0
517.58,12,1,0,35.71,675,1678,4,1526.84,0,0,0,0.35,0.33876583935490634,0,0.4,0.0,0,1,0
627.18,1,5,1,22.67,18,167,2,3937.73,1,0,0,0.273,0.159234067834048,1,0.2,0.2,0,0,1
2923.81,23,4,0,17.71,1477,542,3,850.56,0,0,1,0.073,3.433475034055146,1,0.3,0.0,0,0,1
2101.24,21,5,1,40.74,244,1485,2,1318.17,0,0,0,0.351,1.5928500496524327,0,0.2,0.0,0,1,0
2955.93,1,6,1,30.01,106,864,6,7178.8,0,0,0,0.499,0.41170088303295355,1,0.6,0.0,0,1,0
610.39,19,2,0,65.96,370,2403,2,8749.31,0,0,0,0.654,0.06975638577376116,0,0.2,0.0,0,0,1
469.01,10,4,0,13.35,1019,162,3,3205.4,0,0,0,0.153,0.14627307884231536,0,0.3,0.0,0,1,0
6189.08,20,2,0,12.35,987,2205,1,1762.74,0,0,0,0.04,3.5090659621032576,0,0.1,0.0,0,1,0
695.9,7,4,0,3.79,445,1318,5,2516.7,1,0,0,0.472,0.27640306629066214,0,0.5,0.2,0,1,0
192.59,2,1,0,48.43,555,1235,7,3929.36,0,1,1,0.271,0.04900060045390244,1,0.7,0.0,0,1,0
2156.05,1,5,1,12.15,704,1098,0,2519.86,0,0,0,0.354,0.8552835143562117,1,0.0,0.0,0,1,0
835.92,3,1,0,6.09,1273,51,1,734.49,1,0,0,0.202,1.1365484234999796,1,0.1,0.2,1,0,0
1422.15,11,0,0,3.61,586,238,7,3741.87,0,0,0,0.18,0.3799624352435431,0,0.7,0.0,0,0,1
2271.51,6,2,0,1.11,623,586,1,1115.08,1,0,0,0.487,2.035257329223712,0,0.1,0.2,0,0,1
319.14,12,4,0,74.73,1111,217,4,591.1,0,0,1,0.214,0.5389967910825874,0,0.4,0.0,0,0,1
1560.12,4,3,0,60.32,327,1496,2,640.12,1,0,0,0.182,2.43342899925131,1,0.2,0.2,0,0,1
2071.47,22,5,1,43.3,30,1192,2,1332.71,0,0,0,0.488,1.5531637312459228,0,0.2,0.0,0,0,1
12488.11,18,4,0,28.06,990,635,3,467.26,0,0,0,0.177,26.6691795156537,0,0.3,0.0,0,1,0
2497.78,12,6,1,7.53,47,459,5,1202.7,0,0,0,0.265,2.0750851541081667,0,0.5,0.0,0,1,0
10817.71,0,2,0,21.94,875,39,5,1817.19,0,0,0,0.083,5.949713726288231,1,0.5,0.0,0,1,0
8770.85,18,6,1,15.37,1102,960,2,1714.76,0,0,0,0.047,5.11193290436891,0,0.2,0.0,0,0,1
3913.95,5,6,1,27.78,232,1058,4,1537.36,1,0,0,0.153,2.5442354195376895,1,0.4,0.2,0,0,1
3040.7,22,0,0,2.9,1476,1524,4,1953.91,1,0,0,0.08,1.555416873411052,0,0.4,0.2,0,1,0
632.63,10,5,1,14.1,1025,1155,3,1072.8,0,0,0,0.028,0.589150679828646,0,0.3,0.0,1,0,0
1249.06,16,5,1,44.66,1232,1887,6,1675.83,1,0,0,0.28,0.7448936385918667,0,0.6,0.2,1,0,0
3545.78,20,4,0,57.98,1176,1843,0,1808.62,1,0,0,0.666,1.9594058421104985,0,0.0,0.2,0,1,0
7677.62,2,5,1,95.55,1444,2065,1,2343.35,0,0,0,0.353,3.2749461471196706,1,0.1,0.0,0,0,1
627.14,14,5,1,7.75,1455,1461,8,1266.44,0,0,0,0.412,0.49480843274632325,0,0.8,0.0,1,0,0
3177.03,22,2,0,3.59,868,795,6,4563.95,1,0,0,0.369,0.6959616206092072,0,0.6,0.2,1,0,0
701.24,10,1,0,19.5,625,877,1,3702.6,0,0,1,0.245,0.18934010152284264,0,0.1,0.0,1,0,0
1539.17,14,6,1,18.05,1249,529,0,1999.92,0,0,1,0.274,0.7692311536693122,0,0.0,0.0,0,1,0
9082.21,17,0,0,62.98,722,1560,2,1503.63,1,0,1,0.148,6.036175006479997,0,0.2,0.2,1,0,0
1448.91,2,6,1,22.15,448,308,1,937.96,0,0,0,0.328,1.5431008775666695,1,0.1,0.0,1,0,0
903.2,14,5,1,17.14,949,853,1,1378.86,1,1,0,0.093,0.6545591581754672,0,0.1,0.2,0,0,1
2347.24,21,1,0,10.61,79,1855,1,1092.88,0,0,1,0.078,2.145792957179946,0,0.1,0.0,1,0,0
3683.62,1,3,0,1.62,478,2245,4,3048.1,0,0,0,0.138,1.2081007510412909,1,0.4,0.0,0,0,1
1622.52,12,6,1,90.07,140,2495,4,2065.5,1,0,1,0.495,0.7851536414226954,0,0.4,0.2,0,0,1
1656.13,18,3,0,28.09,1153,1334,2,1885.1,0,1,0,0.468,0.8780711521128255,0,0.2,0.0,1,0,0
941.17,10,3,0,44.65,621,1798,2,1337.75,0,0,0,0.061,0.7030214752567694,0,0.2,0.0,1,0,0
1156.55,16,0,0,47.78,501,361,1,1088.03,0,0,0,0.235,1.0620001285547689,0,0.1,0.0,0,1,0
4038.25,7,2,0,34.96,304,1185,0,303.91,0,0,0,0.166,13.244072021252173,0,0.0,0.0,1,0,0
2061.08,23,5,1,32.94,385,1195,2,1629.29,0,0,0,0.231,1.2642413312968859,1,0.2,0.0,1,0,0
5393.14,1,2,0,7.71,593,2286,1,903.15,0,1,0,0.2,5.964873085218161,1,0.1,0.0,0,1,0
403.18,17,3,0,29.62,39,918,6,878.3,0,0,0,0.078,0.45852382577049927,0,0.6,0.0,1,0,0
4882.87,22,4,0,37.13,1356,2193,3,648.55,2,0,0,0.455,7.5173119852205375,0,0.3,0.4,0,0,1
1637.76,18,4,0,17.27,483,1782,3,2222.98,1,0,1,0.523,0.7364095000854324,0,0.3,0.2,1,0,0
2057.82,8,1,0,7.33,1323,1730,1,2262.63,1,0,0,0.085,0.9090796640793769,0,0.1,0.2,1,0,0
942.99,13,1,0,19.66,137,817,2,823.55,1,1,0,0.364,1.1436419865381118,0,0.2,0.2,0,0,1
2307.36,23,2,0,49.05,234,203,3,2440.3,1,0,0,0.657,0.9451357883095072,1,0.3,0.2,1,0,0
9396.39,21,4,0,24.56,1094,1064,3,855.0,0,0,0,0.517,10.977091121495327,0,0.3,0.0,0,1,0
1507.27,17,4,0,73.93,1240,81,1,1120.86,0,0,0,0.092,1.3435455404417664,0,0.1,0.0,0,1,0
3054.01,9,6,1,10.07,822,813,2,3445.28,0,0,0,0.289,0.8861758185637847,0,0.2,0.0,1,0,0
536.48,10,6,1,7.94,302,1324,2,1504.64,0,0,0,0.264,0.3563135942190696,0,0.2,0.0,0,1,0
1086.54,2,3,0,42.79,1367,2435,2,1208.79,0,1,1,0.118,0.8981228147033783,1,0.2,0.0,0,1,0
1077.57,13,5,1,39.46,1051,1269,5,764.37,0,0,0,0.144,1.4079072866718056,0,0.5,0.0,0,0,1
4191.76,5,0,0,36.65,1496,1719,3,447.41,1,0,0,0.381,9.348052005976673,1,0.3,0.2,1,0,0
2293.13,18,0,0,16.02,480,704,0,3170.7,0,0,0,0.246,0.7229971308761863,0,0.0,0.0,1,0,0
309.51,21,6,1,53.59,1336,1595,3,3175.27,2,0,0,0.328,0.09744448677222024,0,0.3,0.4,0,0,1
3304.63,6,6,1,32.49,120,2479,1,3015.09,0,0,0,0.25,1.0956669064915172,0,0.1,0.0,0,1,0
1173.09,21,0,0,38.06,1284,1862,4,685.47,1,0,0,0.125,1.708872929625475,0,0.4,0.2,0,0,1
150.97,18,0,0,24.31,945,364,3,1056.12,0,0,0,0.285,0.14281254729831996,0,0.3,0.0,0,1,0
1684.45,22,3,0,7.68,1195,2205,3,1031.68,0,0,0,0.55,1.631144207305264,0,0.3,0.0,0,0,1
1070.11,12,0,0,40.1,105,1356,0,971.41,0,0,0,0.119,1.1004720231178207,0,0.0,0.0,0,1,0
686.58,13,0,0,34.85,427,2329,3,624.51,1,0,0,0.144,1.0976323320170742,0,0.3,0.2,0,1,0
4368.12,22,5,1,19.53,82,1777,2,722.45,0,0,0,0.249,6.037901720920589,0,0.2,0.0,0,1,0
1470.02,3,5,1,30.84,548,1741,3,1472.25,0,0,0,0.218,0.9978075683013745,1,0.3,0.0,0,1,0
1961.4,9,3,0,76.35,1144,222,2,1242.54,1,0,0,0.135,1.5772713382762116,0,0.2,0.2,0,0,1
546.15,8,0,0,47.01,1214,2323,4,3185.34,0,0,0,0.323,0.1714035539207994,0,0.4,0.0,0,0,1
2020.25,6,2,0,71.33,1002,1413,4,1644.21,0,0,0,0.053,1.2279587408294381,0,0.4,0.0,1,0,0
1186.67,1,1,0,62.42,571,973,1,1568.56,1,0,0,0.08,0.7560526516985653,1,0.1,0.2,0,1,0
2123.94,13,0,0,94.81,155,873,1,1127.89,1,1,0,0.388,1.8814410615737582,0,0.1,0.2,0,0,1
695.84,1,5,1,8.53,110,290,2,2729.26,1,0,0,0.035,0.25486217429841845,1,0.2,0.2,1,0,0
569.9,10,4,0,49.78,1250,1014,5,2216.11,0,0,0,0.155,0.25704633509388347,0,0.5,0.0,0,0,1
8728.66,22,6,1,26.88,471,862,5,1526.22,2,0,0,0.199,5.715391364701876,0,0.5,0.4,0,1,0
5056.95,9,6,1,52.25,310,1203,4,2201.22,0,0,0,0.092,2.2962964644767556,0,0.4,0.0,0,1,0
1172.82,20,0,0,87.96,714,33,3,597.3,0,1,0,0.118,1.9602540531505934,0,0.3,0.0,0,1,0
3956.9,6,4,0,2.9,656,428,4,1635.29,1,0,1,0.572,2.4182143752024396,0,0.4,0.2,0,0,1
513.35,0,5,1,26.37,1115,320,4,950.38,0,0,0,0.186,0.5395846034181926,1,0.4,0.0,0,1,0
657.68,7,0,0,15.13,1033,2127,0,937.78,0,0,0,0.264,0.700568823366497,0,0.0,0.0,1,0,0
1383.92,14,2,0,10.26,761,164,3,755.07,0,0,1,0.128,1.8304125279405346,0,0.3,0.0,0,1,0
2817.92,6,3,0,28.89,274,269,4,307.83,0,0,0,0.086,9.124502153288217,0,0.4,0.0,0,0,1
555.47,12,3,0,45.07,856,2430,4,459.37,0,0,0,0.328,1.206572973912288,0,0.4,0.0,1,0,0
414.32,13,4,0,61.7,1028,1956,6,1064.19,0,0,0,0.09,0.38896347130558867,0,0.6,0.0,1,0,0
642.31,23,0,0,56.19,89,620,1,1827.12,0,0,0,0.132,0.3513500207863816,1,0.1,0.0,0,0,1
1610.65,17,1,0,19.45,1242,1797,1,2076.18,0,0,0,0.133,0.775402228020682,0,0.1,0.0,1,0,0
5811.11,11,6,1,45.45,96,1666,1,3375.59,0,0,0,0.117,1.7209995883420846,0,0.1,0.0,0,1,0
2946.53,16,1,0,53.03,1468,2114,2,5538.39,0,0,0,0.789,0.5319231900985487,0,0.2,0.0,1,0,0
2841.56,16,1,0,49.5,40,577,3,2588.53,0,0,0,0.383,1.0973265418821174,0,0.3,0.0,0,1,0
544.36,16,6,1,12.51,1060,961,1,745.6,1,0,0,0.437,0.7291186713099383,0,0.1,0.2,0,0,1
2459.57,17,3,0,33.62,888,673,6,1992.58,1,0,0,0.137,1.2337453224851775,0,0.6,0.2,1,0,0
2836.3,15,3,0,54.85,1390,1712,3,617.07,1,0,0,0.108,4.588962415260407,0,0.3,0.2,1,0,0
758.82,20,5,1,23.29,959,601,4,2942.15,1,0,0,0.126,0.2578257988889455,0,0.4,0.2,0,0,1
1458.22,17,6,1,17.14,513,482,4,2857.47,1,0,0,0.245,0.5101400399514426,0,0.4,0.2,1,0,0
2939.39,8,1,0,13.16,450,1068,2,2147.46,1,0,0,0.137,1.3681381082263575,0,0.2,0.2,0,0,1
3215.79,10,2,0,7.87,265,1760,5,1697.9,0,0,0,0.392,1.8928659720995937,0,0.5,0.0,0,1,0
629.82,20,4,0,14.3,1292,1956,3,925.6,0,0,0,0.19,0.6797107705590331,0,0.3,0.0,0,1,0
1439.2,15,3,0,12.14,1074,1518,3,3325.18,0,0,0,0.168,0.43268854962750064,0,0.3,0.0,0,1,0
475.11,20,6,1,36.22,919,123,6,862.19,1,0,0,0.224,0.5504118444374935,0,0.6,0.2,0,0,1
381.11,4,6,1,23.28,1242,1739,3,4332.5,0,1,0,0.247,0.08794507903542172,1,0.3,0.0,0,0,1
4985.01,17,6,1,37.87,731,1526,6,2014.11,0,0,0,0.223,2.4738153252179784,0,0.6,0.0,0,0,1
1901.05,2,4,0,8.29,617,1135,6,635.23,0,0,1,0.362,2.987991763984722,1,0.6,0.0,1,0,0
716.69,8,1,0,45.13,357,2477,2,1685.13,0,0,0,0.37,0.42505026302835486,0,0.2,0.0,0,0,1
578.48,18,3,0,12.37,154,1857,4,5398.56,0,0,0,0.179,0.10713465541636726,0,0.4,0.0,0,1,0
12545.67,10,2,0,21.2,1169,1544,5,1232.29,0,0,0,0.274,10.172522277809762,0,0.5,0.0,0,0,1
3601.01,1,3,0,3.58,845,85,2,2570.39,1,0,0,0.102,1.4004137839845376,1,0.2,0.2,1,0,0
5421.02,6,1,0,65.81,821,997,4,1907.86,3,0,0,0.393,2.8399254005008228,0,0.4,0.6,1,0,0
135.42,7,5,1,66.75,682,1366,6,3046.9,0,0,0,0.107,0.04443059155484103,0,0.6,0.0,1,0,0
474.51,12,1,0,21.26,491,784,2,1175.19,0,1,0,0.668,0.40342971798774,0,0.2,0.0,0,1,0
3771.08,18,5,1,32.03,684,2270,2,2347.59,0,0,0,0.404,1.6056783005973796,0,0.2,0.0,0,1,0
4331.93,1,3,0,41.47,1465,60,1,1110.37,0,1,1,0.248,3.8978288058882287,1,0.1,0.0,1,0,0
1314.94,9,2,0,47.7,685,763,4,992.62,1,0,0,0.129,1.323383184718504,0,0.4,0.2,0,1,0
5196.44,20,0,0,3.63,660,1264,1,1469.21,1,0,0,0.203,3.534488270383142,0,0.1,0.2,0,1,0
482.06,21,1,0,16.03,739,1367,1,616.23,0,0,0,0.216,0.7810054598771933,0,0.1,0.0,0,1,0
2976.8,10,5,1,38.2,217,823,2,3265.52,0,0,1,0.11,0.9113062219120043,0,0.2,0.0,0,1,0
2069.5,10,5,1,19.86,748,98,2,3325.09,0,0,0,0.192,0.6222020450438803,0,0.2,0.0,0,1,0
1896.51,18,0,0,53.31,1157,627,3,1210.34,0,0,0,0.188,1.5656297984050722,0,0.3,0.0,1,0,0
2055.2,10,5,1,55.66,90,984,5,1637.18,0,0,0,0.363,1.2545629906359494,0,0.5,0.0,1,0,0
5860.44,4,0,0,25.33,923,1065,3,626.64,0,0,0,0.227,9.33726339940093,1,0.3,0.0,0,1,0
5248.74,21,1,0,9.44,1170,559,2,2062.62,0,0,0,0.54,2.543462459173685,0,0.2,0.0,0,1,0
754.32,6,3,0,28.75,288,2289,3,889.21,0,0,0,0.196,0.8473506251333955,0,0.3,0.0,0,1,0
9977.55,10,2,0,5.14,310,1329,4,1103.81,1,1,0,0.032,9.031009856898471,0,0.4,0.2,0,0,1
1417.9,22,5,1,26.14,1415,108,1,2390.0,1,0,0,0.552,0.5930154746967796,0,0.1,0.2,0,0,1
5057.54,6,0,0,1.27,310,428,4,824.03,0,0,0,0.099,6.130128601384192,0,0.4,0.0,0,0,1
549.9,19,2,0,3.25,288,408,1,1753.24,0,1,0,0.259,0.31346908062750817,0,0.1,0.0,0,1,0
6024.04,4,3,0,21.0,626,1085,3,742.2,1,0,0,0.373,8.105543595263724,1,0.3,0.2,1,0,0
10412.31,22,4,0,41.54,422,1425,2,861.43,0,0,0,0.372,12.073223334067693,0,0.2,0.0,1,0,0
2796.82,17,0,0,55.76,1043,2025,2,1903.98,3,0,0,0.339,1.4681623954057261,0,0.2,0.6,0,1,0
3048.29,19,2,0,87.71,784,507,2,739.91,1,0,0,0.05,4.1142513935565725,0,0.2,0.2,1,0,0
448.4,21,5,1,25.63,136,1512,5,1142.68,0,1,0,0.392,0.39206771124790146,0,0.5,0.0,0,0,1
4843.08,14,5,1,18.61,640,587,5,421.0,1,0,0,0.377,11.47649289099526,0,0.5,0.2,0,0,1
3475.18,3,5,1,49.68,534,1181,1,1111.91,0,0,1,0.653,3.122606500076376,1,0.1,0.0,0,0,1
3068.14,9,0,0,17.55,360,869,1,2663.23,1,0,0,0.409,1.1516047788666894,0,0.1,0.2,0,0,1
205.05,0,2,0,63.35,1207,1475,3,652.64,0,0,0,0.112,0.31370479162841935,1,0.3,0.0,0,1,0
1149.93,19,0,0,19.91,446,1003,4,1381.71,0,0,0,0.178,0.8316494420377375,0,0.4,0.0,0,0,1
1655.28,8,6,1,44.44,446,1500,4,1294.09,0,1,0,0.058,1.2781196673590254,0,0.4,0.0,0,1,0
3999.7,18,4,0,11.77,1017,430,3,1081.9,2,0,0,0.536,3.6935081724997687,0,0.3,0.4,0,1,0
215.58,12,6,1,1.52,1037,710,4,2217.72,1,0,0,0.33,0.09716413066993583,0,0.4,0.2,0,1,0
1468.53,10,1,0,71.13,553,1967,3,856.55,0,0,0,0.441,1.7124715760013993,0,0.3,0.0,1,0,0
1355.07,12,1,0,74.65,704,1261,5,1501.07,1,0,0,0.236,0.9021350536259961,0,0.5,0.2,1,0,0
2657.33,6,3,0,95.35,31,1726,2,1204.71,0,0,0,0.567,2.203954516426006,0,0.2,0.0,0,0,1
172.01,14,0,0,5.36,1033,635,4,2072.38,0,0,0,0.141,0.08296115521515592,0,0.4,0.0,1,0,0
1079.89,7,6,1,15.32,18,2127,7,459.86,0,0,0,0.491,2.3432061797509007,0,0.7,0.0,0,0,1
5505.84,17,1,0,42.42,938,1637,3,904.62,1,0,0,0.18,6.079636050440582,0,0.3,0.2,0,1,0
300.5,20,1,0,52.21,431,1806,7,1012.76,0,0,0,0.324,0.2964212436868687,0,0.7,0.0,1,0,0
1345.4,9,4,0,7.81,13,884,3,4458.63,0,0,0,0.08,0.3016842204398123,0,0.3,0.0,1,0,0
2516.75,10,3,0,22.49,627,2362,6,2186.23,0,0,0,0.363,1.1506563095787823,0,0.6,0.0,1,0,0
1371.97,12,1,0,43.94,202,2022,4,2136.97,0,0,1,0.405,0.641716207430413,0,0.4,0.0,0,0,1
5396.35,6,2,0,23.16,862,1019,5,762.34,0,0,0,0.289,7.069392407053214,0,0.5,0.0,0,0,1
1850.28,1,6,1,80.07,1065,1765,3,1636.47,0,0,0,0.098,1.1299626863392918,1,0.3,0.0,0,1,0
948.07,12,0,0,35.53,584,318,2,1304.37,0,0,0,0.036,0.7262845017121583,0,0.2,0.0,0,0,1
363.69,17,5,1,49.04,460,1150,2,3825.66,0,1,0,0.469,0.09504110634339084,0,0.2,0.0,0,0,1
1183.14,4,1,0,1.16,891,1078,2,1250.18,0,0,0,0.267,0.945619335347432,1,0.2,0.0,1,0,0
4113.02,14,0,0,97.33,1390,154,3,1200.58,0,0,0,0.233,3.423009703889879,0,0.3,0.0,0,0,1
3260.68,16,5,1,25.14,559,761,4,2668.16,0,0,0,0.22,1.221612792039443,0,0.4,0.0,0,1,0
4924.51,17,3,0,42.7,1373,1010,2,1629.22,1,0,0,0.572,3.020764068653311,0,0.2,0.2,0,1,0
2792.03,4,4,0,2.41,1493,561,2,1160.31,1,0,0,0.466,2.40420731759823,1,0.2,0.2,0,1,0
3095.59,19,4,0,39.34,617,852,2,4984.16,0,0,0,0.52,0.6209610122844603,0,0.2,0.0,0,1,0
435.29,11,0,0,1.17,667,453,4,683.25,0,0,0,0.096,0.6361563755937157,0,0.4,0.0,0,0,1
622.92,8,2,0,3.49,1489,1814,2,1361.35,0,1,0,0.316,0.45723932910045145,0,0.2,0.0,0,0,1
1708.7,20,0,0,95.86,79,793,3,1905.75,0,0,0,0.366,0.8961321620558542,0,0.3,0.0,0,0,1
5178.15,21,6,1,23.23,1322,1786,1,1369.32,0,1,0,0.254,3.7787888960242864,0,0.1,0.0,0,0,1
2768.11,2,1,0,28.86,102,1189,3,1026.39,1,0,0,0.312,2.6943127731435967,1,0.3,0.2,1,0,0
7239.57,4,5,1,34.04,948,2405,2,3985.48,0,0,0,0.334,1.816030683710943,1,0.2,0.0,0,1,0
656.67,21,5,1,2.94,249,807,4,1111.25,0,0,0,0.425,0.590397842211733,0,0.4,0.0,0,0,1
5213.78,13,4,0,39.55,346,57,1,707.86,0,0,1,0.241,7.355161809101938,0,0.1,0.0,0,0,1
1009.62,16,2,0,51.01,1438,2174,2,2814.79,0,0,0,0.336,0.35855656849409934,0,0.2,0.0,1,0,0
1188.99,4,2,0,32.42,1238,2035,3,1543.02,0,0,0,0.387,0.7700612686364167,1,0.3,0.0,1,0,0
7327.25,1,3,0,94.09,1041,1896,4,1651.22,2,0,0,0.318,4.434790766362833,1,0.4,0.4,0,1,0
161.47,13,1,0,4.4,590,1357,0,1817.79,1,0,0,0.547,0.08877880349023252,0,0.0,0.2,1,0,0
1641.68,6,1,0,3.99,233,1986,6,1053.72,1,0,0,0.288,1.5565078883495145,0,0.6,0.2,0,1,0
2316.49,13,0,0,33.49,1087,1855,2,1174.29,0,0,0,0.359,1.9709943928732483,0,0.2,0.0,1,0,0
458.58,6,1,0,19.5,157,1331,0,1722.66,0,0,0,0.313,0.26605014910133085,0,0.0,0.0,0,0,1
505.83,12,1,0,73.26,537,1296,3,3510.9,0,0,0,0.263,0.14403314445172127,0,0.3,0.0,1,0,0
816.11,11,3,0,0.8,848,1350,2,973.71,0,0,1,0.521,0.8372849360322557,0,0.2,0.0,0,1,0
3032.0,8,0,0,12.21,189,126,4,1715.45,1,0,0,0.428,1.7664365405342422,0,0.4,0.2,0,0,1
2876.33,11,2,0,70.29,269,2309,5,5248.63,0,1,0,0.18,0.5479109956320731,0,0.5,0.0,0,0,1
2444.56,0,0,0,25.28,612,356,4,287.34,1,0,1,0.607,8.478046750364154,1,0.4,0.2,0,1,0
378.25,12,3,0,49.4,298,863,1,1936.29,0,0,0,0.357,0.19524696870370467,0,0.1,0.0,0,0,1
3975.91,21,1,0,72.5,57,1044,2,1707.97,0,0,0,0.165,2.326494906288583,0,0.2,0.0,0,1,0
195.42,2,3,0,20.56,1440,254,6,1098.65,0,0,0,0.35,0.1777110898922384,1,0.6,0.0,0,0,1
2941.03,1,2,0,1.16,156,2198,4,2013.32,0,0,1,0.064,1.4600609635013306,1,0.4,0.0,0,1,0
668.25,19,5,1,74.2,957,213,4,2084.47,0,0,1,0.409,0.3204313655914494,0,0.4,0.0,0,0,1
878.43,3,5,1,64.4,391,1497,7,1623.65,0,0,0,0.167,0.5406887637337272,1,0.7,0.0,0,0,1
1099.82,13,1,0,59.14,32,1896,6,901.67,0,0,0,0.284,1.21840761297041,0,0.6,0.0,0,1,0
10582.61,7,2,0,17.29,716,250,3,1681.94,0,1,0,0.499,6.28816832447978,0,0.3,0.0,1,0,0
2015.68,16,1,0,55.05,789,2215,2,1376.08,1,1,0,0.139,1.4637348592674355,0,0.2,0.2,1,0,0
2270.92,2,2,0,16.75,161,425,5,1419.86,0,0,0,0.493,1.598271469391777,1,0.5,0.0,0,0,1
4292.44,9,6,1,31.5,471,2425,4,2260.81,1,1,0,0.194,1.897789823194698,0,0.4,0.2,0,1,0
3003.85,0,5,1,16.17,833,2442,2,2119.81,2,0,0,0.026,1.4163692174216456,1,0.2,0.4,1,0,0
590.6,13,6,1,17.87,818,595,4,2855.37,0,0,0,0.16,0.20676593018411482,0,0.4,0.0,1,0,0
853.77,17,4,0,23.71,318,1992,5,3899.82,0,0,0,0.306,0.21886936592818945,0,0.5,0.0,1,0,0
179.26,4,3,0,21.03,1492,803,2,3043.19,0,0,0,0.239,0.05888594338723929,1,0.2,0.0,0,0,1
1762.58,4,2,0,18.02,1214,1120,3,1101.81,0,0,0,0.134,1.598262620034276,1,0.3,0.0,0,1,0
1766.9,20,3,0,49.38,1470,1440,5,1234.05,0,0,0,0.309,1.4306303388526782,0,0.5,0.0,0,0,1
1462.49,23,3,0,32.33,839,271,1,712.31,0,0,0,0.148,2.0502866916207543,1,0.1,0.0,0,1,0
2607.93,13,3,0,2.54,402,1617,2,1489.17,0,0,0,0.235,1.7500889160297146,0,0.2,0.0,0,1,0
784.85,15,1,0,63.96,118,195,0,308.3,0,0,0,0.102,2.53750404138377,0,0.0,0.0,0,0,1
4030.38,3,2,0,30.17,849,1796,9,2661.64,0,0,0,0.159,1.513678154012559,1,0.9,0.0,1,0,0
349.5,16,5,1,23.15,501,1441,1,1302.72,1,0,0,0.092,0.26807903537569416,0,0.1,0.2,0,0,1
1433.75,1,4,0,9.67,1237,1279,1,1025.02,0,0,0,0.69,1.3973899144266193,1,0.1,0.0,0,0,1
701.0,21,2,0,0.09,1097,1128,1,6985.97,0,0,0,0.514,0.10032961355208338,0,0.1,0.0,0,1,0
5539.44,6,4,0,29.11,190,2429,6,345.66,0,0,0,0.333,15.979461143483526,0,0.6,0.0,0,1,0
4498.69,23,6,1,29.11,35,322,3,835.05,0,0,1,0.103,5.380886310627354,1,0.3,0.0,0,0,1
719.61,23,4,0,53.41,1123,664,2,2273.97,0,0,0,0.408,0.31631625911550487,1,0.2,0.0,0,1,0
3333.35,2,4,0,25.42,711,860,2,831.75,1,0,0,0.402,4.002821975382767,1,0.2,0.2,0,1,0
1814.82,13,1,0,43.0,1222,2270,1,4443.92,0,0,0,0.294,0.4082908128830215,0,0.1,0.0,1,0,0
878.98,23,1,0,39.1,766,2016,3,1133.42,0,0,0,0.502,0.7748276652386241,1,0.3,0.0,0,1,0
1361.14,6,0,0,13.81,873,2240,3,3420.2,0,0,0,0.242,0.3978545539576757,0,0.3,0.0,0,1,0
2307.8,6,3,0,4.17,1076,2162,4,1509.81,0,0,0,0.492,1.527524970049179,0,0.4,0.0,0,1,0
2869.55,20,0,0,16.06,1292,1196,2,1294.84,0,0,0,0.359,2.214432337325596,0,0.2,0.0,1,0,0
1499.38,11,2,0,0.06,1154,1567,2,1102.81,0,0,1,0.098,1.3583678350440749,0,0.2,0.0,1,0,0
1388.56,13,5,1,43.89,924,68,3,1857.54,1,1,0,0.346,0.7471240866486597,0,0.3,0.2,0,1,0
2906.02,3,5,1,40.02,726,125,1,2635.31,1,0,0,0.573,1.102305874498826,1,0.1,0.2,0,1,0
746.78,4,5,1,18.68,1043,338,2,1082.43,0,1,1,0.263,0.6892738801768457,1,0.2,0.0,0,0,1
423.58,20,5,1,42.98,1493,743,1,1319.08,0,0,1,0.435,0.3208744924550027,0,0.1,0.0,1,0,0
3671.02,20,5,1,26.75,296,2411,2,1929.96,0,0,0,0.3,1.901137258151386,0,0.2,0.0,1,0,0
1106.64,9,2,0,26.57,1049,66,3,1711.83,0,0,0,0.188,0.6460886369341967,0,0.3,0.0,1,0,0
1341.77,11,4,0,13.86,813,1950,5,2740.17,0,0,0,0.356,0.48948806531517564,0,0.5,0.0,0,1,0
2680.9,18,4,0,16.71,719,1665,3,1513.56,0,0,0,0.242,1.7700850412000846,0,0.3,0.0,0,1,0
2289.77,13,2,0,24.01,934,317,7,1654.85,0,0,0,0.16,1.3828366095962799,0,0.7,0.0,0,1,0
3004.0,20,0,0,1.31,1023,2456,4,1089.3,0,0,0,0.419,2.7552049894524444,0,0.4,0.0,0,0,1
1089.63,2,3,0,19.25,860,2064,4,662.63,1,0,0,0.222,1.6419239636544463,1,0.4,0.2,0,0,1
40292.5,5,1,0,36.12,826,295,4,697.17,1,0,0,0.538,57.711588868040735,1,0.4,0.2,0,1,0
1875.19,22,2,0,7.21,615,2084,7,2570.78,0,0,0,0.21,0.7291409062983614,0,0.7,0.0,0,1,0
2968.7,6,6,1,46.87,450,1926,5,792.7,1,0,0,0.43,3.7403300995338284,0,0.5,0.2,0,0,1
2850.54,22,2,0,109.28,739,2057,2,2829.59,0,1,0,0.186,1.0070480005935158,0,0.2,0.0,0,0,1
3538.95,8,0,0,19.11,1038,1161,0,988.1,1,0,0,0.031,3.5779496511980584,0,0.0,0.2,1,0,0
2089.09,7,4,0,13.8,765,1835,0,5292.32,1,0,0,0.304,0.39466535180189377,0,0.0,0.2,0,0,1
3056.5,12,5,1,7.62,1482,361,1,1421.57,1,0,0,0.378,2.1485761684838005,0,0.1,0.2,0,0,1
4612.9,9,5,1,28.4,88,432,3,283.1,0,0,0,0.113,16.236888419570572,0,0.3,0.0,0,0,1
1524.23,21,1,0,39.84,428,1375,6,3052.09,0,0,0,0.356,0.49924175179899705,0,0.6,0.0,0,0,1
414.41,18,4,0,85.87,254,1056,0,2674.96,1,0,0,0.277,0.15486404878996698,0,0.0,0.2,0,1,0
1407.01,6,6,1,79.1,1290,1376,2,1519.37,0,0,0,0.417,0.9254392022994403,0,0.2,0.0,0,0,1
4979.22,14,1,0,2.63,1445,1823,2,2782.79,0,0,0,0.392,1.7886478505921783,0,0.2,0.0,0,0,1
1772.86,2,2,0,45.84,648,1404,4,1151.22,0,1,0,0.304,1.5386471333599485,1,0.4,0.0,0,0,1
4936.41,19,5,1,103.09,489,1307,4,531.55,0,0,0,0.204,9.269383156511127,0,0.4,0.0,0,0,1
1168.07,2,3,0,36.24,1486,2059,8,2675.78,1,0,0,0.036,0.43637131179999844,1,0.8,0.2,1,0,0
1411.37,8,0,0,25.28,977,1922,4,3353.2,0,0,0,0.276,0.420776936378272,0,0.4,0.0,0,1,0
1073.37,18,3,0,59.21,131,609,2,1494.25,0,0,0,0.269,0.717853201805718,0,0.2,0.0,1,0,0
715.19,22,2,0,63.35,912,875,2,1414.9,0,0,0,0.327,0.5051133554629564,0,0.2,0.0,0,0,1
193.25,0,5,1,40.74,1030,815,3,348.28,1,0,0,0.026,0.5532810352725608,1,0.3,0.2,0,1,0
1422.7,5,5,1,27.82,969,782,3,1060.34,0,1,0,0.415,1.3404752482710538,1,0.3,0.0,1,0,0
973.06,7,6,1,11.77,636,2304,3,1289.45,0,0,0,0.549,0.7540470378550117,0,0.3,0.0,0,1,0
6771.44,8,2,0,93.37,1087,291,4,1906.38,0,0,0,0.087,3.5501263513300962,0,0.4,0.0,0,1,0
1486.31,20,5,1,24.51,174,1227,1,741.34,0,0,0,0.187,2.0021957593555513,0,0.1,0.0,1,0,0
442.58,10,3,0,0.26,1468,1087,4,1419.97,0,0,0,0.246,0.31146329619907526,0,0.4,0.0,1,0,0
835.75,4,1,0,52.8,468,328,2,1096.04,0,0,0,0.234,0.7618227229636112,1,0.2,0.0,0,1,0
3538.33,5,4,0,12.88,426,71,1,854.0,0,0,0,0.323,4.138397660818713,1,0.1,0.0,0,0,1
915.31,7,5,1,13.67,1356,2142,1,1339.63,1,0,0,0.366,0.68274617157605,0,0.1,0.2,0,0,1
2280.65,19,5,1,55.42,356,1101,2,4874.74,0,0,0,0.72,0.46775463827029334,0,0.2,0.0,1,0,0
2197.95,4,1,0,43.39,350,792,4,2239.05,0,1,0,0.191,0.9812057766567709,1,0.4,0.0,1,0,0
12689.24,7,2,0,31.61,1019,181,5,758.09,1,0,0,0.085,16.716384091477952,0,0.5,0.2,0,0,1
1351.7,17,6,1,33.53,536,57,6,4241.81,0,0,0,0.018,0.3185860314272852,0,0.6,0.0,0,1,0
2197.63,23,5,1,25.6,434,83,4,2053.24,1,0,0,0.571,1.069801970558455,1,0.4,0.2,1,0,0
7360.42,23,6,1,38.14,1320,2124,5,2637.85,0,0,0,0.03,2.7892528942531785,1,0.5,0.0,0,0,1
1357.12,16,2,0,1.96,213,56,2,2186.22,2,0,0,0.334,0.6204771353590403,0,0.2,0.4,1,0,0
3753.18,19,4,0,47.26,131,571,2,703.05,0,0,0,0.144,5.330842979901996,0,0.2,0.0,0,0,1
1183.82,18,6,1,13.93,992,2116,2,1740.74,0,0,0,0.341,0.6796766451938865,0,0.2,0.0,0,0,1
2043.58,20,6,1,44.11,215,344,1,1378.1,0,0,0,0.595,1.4818214777753609,0,0.1,0.0,0,0,1
482.94,19,0,0,9.4,1401,1461,4,1419.52,0,0,0,0.472,0.3399740939937488,0,0.4,0.0,0,0,1
302.48,21,1,0,37.36,1125,1562,4,989.45,0,1,0,0.139,0.30539653692765917,0,0.4,0.0,1,0,0
1200.59,8,1,0,61.84,1219,2157,1,1750.89,0,0,0,0.216,0.6853112923756628,0,0.1,0.0,1,0,0
5557.36,4,2,0,49.55,1187,579,0,1274.49,3,0,0,0.676,4.357039255501807,1,0.0,0.6,0,1,0
143.81,18,3,0,18.03,910,1658,1,1967.4,0,1,0,0.558,0.07305933753302174,0,0.1,0.0,0,0,1
8598.25,5,0,0,18.86,1214,1621,4,1099.67,1,0,0,0.086,7.8118327927535045,1,0.4,0.2,0,0,1
5041.5,17,6,1,15.65,1002,85,3,834.17,0,0,0,0.115,6.036495563777435,0,0.3,0.0,0,1,0
2804.46,1,2,0,0.53,1202,347,3,985.81,0,0,1,0.031,2.8419452579523923,1,0.3,0.0,1,0,0
105.32,21,2,0,74.75,845,1785,2,1161.33,0,0,0,0.117,0.0906111001178667,0,0.2,0.0,0,0,1
27537.66,2,5,1,26.05,750,1088,4,2572.85,1,0,0,0.441,10.699015094119705,1,0.4,0.2,0,0,1
715.11,11,6,1,4.94,897,564,2,1331.84,1,1,0,0.772,0.5365310164760962,0,0.2,0.2,1,0,0
687.84,22,6,1,47.74,1284,1084,0,1268.25,0,0,0,0.144,0.541926334449478,0,0.0,0.0,0,1,0
949.91,2,3,0,12.57,647,1080,4,1298.65,1,0,1,0.268,0.7308967799022813,1,0.4,0.2,0,1,0
2780.28,16,5,1,34.78,837,741,5,2411.22,0,0,0,0.174,1.1525814395038596,0,0.5,0.0,1,0,0
374.21,15,1,0,18.61,487,1952,3,447.07,0,1,0,0.24,0.8351596848706675,0,0.3,0.0,0,1,0
1931.6,18,0,0,6.5,1352,2351,4,1490.13,0,0,0,0.327,1.2953934264618108,0,0.4,0.0,0,1,0
5083.53,13,4,0,0.88,41,146,6,2722.24,0,0,0,0.27,1.8667212585009034,0,0.6,0.0,1,0,0
3008.42,4,6,1,17.17,1047,936,0,2316.51,0,0,0,0.138,1.298126005928777,1,0.0,0.0,0,0,1
7224.99,2,4,0,11.5,1192,1523,4,527.92,0,0,0,0.255,13.65989185510096,1,0.4,0.0,0,0,1
1806.86,15,0,0,3.34,54,1689,3,1736.96,0,0,0,0.062,1.039644180533499,0,0.3,0.0,1,0,0
2896.88,9,0,0,7.24,926,1395,0,635.55,0,0,0,0.077,4.550907234309952,0,0.0,0.0,0,1,0
892.13,15,2,0,56.38,614,1516,1,700.02,0,0,0,0.141,1.27261704373627,0,0.1,0.0,0,1,0
1027.01,21,2,0,49.12,312,498,3,472.98,0,0,0,0.253,2.1667791889953163,0,0.3,0.0,0,0,1
6672.3,9,1,0,49.77,843,1630,1,1014.74,0,0,0,0.364,6.568905428554552,0,0.1,0.0,0,1,0
4544.84,19,5,1,30.38,232,991,3,781.42,0,0,0,0.427,5.808696096725544,0,0.3,0.0,0,0,1
1821.42,21,1,0,11.89,568,1729,3,2594.69,1,0,0,0.354,0.7017093720744774,0,0.3,0.2,0,0,1
266.03,14,6,1,47.48,1066,1696,4,1039.69,1,0,0,0.572,0.2556284772602792,0,0.4,0.2,0,0,1
1858.92,6,6,1,19.72,1042,1452,2,3420.66,0,0,0,0.024,0.5432801622604233,0,0.2,0.0,0,0,1
311.6,10,2,0,23.73,1338,196,6,2952.73,0,1,0,0.577,0.10549373165455204,0,0.6,0.0,0,1,0
5585.16,13,5,1,15.99,323,2473,1,926.19,0,0,0,0.263,6.023749177622709,0,0.1,0.0,0,1,0
1647.57,18,4,0,55.26,1361,2328,2,4441.06,1,0,0,0.536,0.37090223905125097,0,0.2,0.2,0,1,0
1472.17,13,2,0,21.83,1088,1402,6,490.73,0,0,0,0.129,2.9938584182376506,0,0.6,0.0,0,0,1
7868.39,22,4,0,28.83,1108,1609,0,1212.17,0,0,0,0.255,6.485809902981445,0,0.0,0.0,1,0,0
6542.68,23,1,0,43.19,1121,91,6,607.91,0,0,0,0.117,10.744904829942028,1,0.6,0.0,0,1,0
4411.77,3,4,0,22.53,678,310,2,1134.28,0,1,0,0.207,3.8860633500105703,1,0.2,0.0,1,0,0
286.79,18,1,0,38.74,1113,2022,4,743.51,0,0,0,0.225,0.3852063773488604,0,0.4,0.0,0,1,0
2154.58,8,0,0,9.74,265,1506,4,1476.35,1,1,0,0.027,1.4584086370866756,0,0.4,0.2,0,1,0
12400.31,8,6,1,3.51,1406,2188,0,807.18,0,0,0,0.051,15.34350021034918,0,0.0,0.0,0,1,0
6482.12,19,3,0,65.86,518,2256,2,845.75,0,0,0,0.447,7.655293770298199,0,0.2,0.0,0,0,1
1483.75,20,6,1,44.89,583,1581,5,661.43,0,0,0,0.345,2.2398593058889245,0,0.5,0.0,0,0,1
125.47,6,5,1,71.39,264,407,2,1346.49,0,0,0,0.37,0.0931138635537184,0,0.2,0.0,1,0,0
946.64,0,0,0,32.14,286,1991,2,3579.22,0,0,0,0.352,0.26440833244884393,1,0.2,0.0,0,1,0
627.25,23,3,0,3.69,859,2494,4,1194.79,0,0,0,0.169,0.5245486247585278,1,0.4,0.0,0,0,1
587.38,3,2,0,39.46,6,584,3,789.89,0,0,0,0.293,0.7426822946301003,1,0.3,0.0,0,1,0
3134.13,17,2,0,68.4,309,2459,2,1472.61,1,0,0,0.383,2.1268381729222794,0,0.2,0.2,0,1,0
2835.68,23,4,0,41.34,634,1790,2,1585.24,2,0,0,0.128,1.7876739963687713,1,0.2,0.4,1,0,0
4481.28,8,1,0,8.05,956,1666,2,1204.94,0,1,0,0.444,3.7160057714314143,0,0.2,0.0,0,1,0
2170.62,17,2,0,38.38,900,33,4,745.43,1,1,0,0.186,2.908002089948153,0,0.4,0.2,0,0,1
368.63,23,0,0,41.71,891,1721,4,518.57,0,0,0,0.094,0.7094905402544411,1,0.4,0.0,0,0,1
8401.3,7,2,0,21.23,909,1095,1,485.38,0,0,0,0.54,17.273119782885807,0,0.1,0.0,0,1,0
5312.65,17,5,1,16.45,1467,573,3,1821.57,0,0,0,0.498,2.914922334944611,0,0.3,0.0,0,1,0
3602.97,15,5,1,12.48,452,1953,3,2112.0,0,0,0,0.094,1.7051443445338381,0,0.3,0.0,1,0,0
2501.17,17,1,0,64.54,1164,1385,3,1009.77,0,0,0,0.095,2.4745194257843033,0,0.3,0.0,0,1,0
13543.39,5,0,0,13.17,1405,561,1,4951.04,0,0,0,0.203,2.7349112688912043,1,0.1,0.0,0,1,0
1159.75,6,6,1,70.21,1013,1728,2,1950.57,0,1,1,0.29,0.5942651301260011,0,0.2,0.0,0,1,0
1963.57,22,5,1,12.5,744,712,4,1459.3,0,0,0,0.665,1.3446346641101143,0,0.4,0.0,0,1,0
3093.01,10,6,1,9.26,919,414,5,1719.69,0,0,0,0.332,1.7975405215349658,0,0.5,0.0,1,0,0
1267.34,1,2,0,14.53,849,907,3,2123.81,0,0,0,0.471,0.5964486236416432,1,0.3,0.0,1,0,0
5638.16,8,2,0,16.95,1405,1978,0,4813.08,0,0,0,0.5,1.1711812018080299,0,0.0,0.0,1,0,0
2656.14,21,2,0,21.19,447,1269,1,4031.24,1,0,0,0.058,0.6587256710910064,0,0.1,0.2,0,1,0
6013.21,14,2,0,20.78,1168,882,4,559.98,0,0,0,0.149,10.719116546044422,0,0.4,0.0,0,1,0
2783.03,23,5,1,42.89,156,2000,1,1583.09,0,0,0,0.227,1.756863562045086,1,0.1,0.0,0,0,1
4225.57,20,4,0,7.0,1320,86,2,1096.85,2,0,0,0.477,3.8489502208862776,0,0.2,0.4,0,1,0
540.78,2,4,0,70.98,307,1328,2,1197.41,0,0,0,0.059,0.4512479034721005,1,0.2,0.0,1,0,0
1216.19,13,6,1,18.35,248,661,7,1395.73,0,0,0,0.361,0.870740944921352,0,0.7,0.0,0,0,1
3309.75,22,6,1,60.4,862,1914,2,977.1,0,0,0,0.064,3.3838564563950517,0,0.2,0.0,0,0,1
2022.98,23,2,0,44.17,286,1722,2,2385.29,1,0,0,0.104,0.847751111558109,1,0.2,0.2,0,1,0
151.02,8,4,0,29.8,578,2057,5,1152.43,1,0,0,0.291,0.13093122252759162,0,0.5,0.2,0,0,1
726.64,18,6,1,24.1,735,1593,1,2118.18,1,0,1,0.09,0.3428873432176597,0,0.1,0.2,0,0,1
1720.28,1,3,0,62.45,996,2404,3,2319.5,1,0,0,0.09,0.7413402283990519,1,0.3,0.2,0,0,1
1673.64,16,2,0,26.12,15,1140,4,2355.11,0,0,0,0.244,0.7103403491348027,0,0.4,0.0,0,1,0
1472.46,9,0,0,18.3,547,627,2,3413.9,0,0,0,0.111,0.4311868575946587,0,0.2,0.0,0,1,0
3057.93,7,5,1,9.83,248,1870,6,1114.02,0,1,0,0.059,2.7424889239654893,0,0.6,0.0,0,0,1
595.28,8,5,1,8.81,1434,1386,0,1161.83,0,0,0,0.394,0.5119234969858019,0,0.0,0.0,1,0,0
11328.53,5,4,0,21.43,1494,1413,5,633.58,2,0,0,0.255,17.852012354628258,1,0.5,0.4,0,1,0
1579.28,20,5,1,27.72,918,1865,2,4058.02,1,0,0,0.376,0.3890791373287148,0,0.2,0.2,0,1,0
1719.62,13,5,1,28.43,309,1205,7,3451.02,0,0,0,0.311,0.49814890991361577,0,0.7,0.0,1,0,0
347.54,12,6,1,7.41,380,1775,8,1192.79,0,0,0,0.3,0.2911232293787015,0,0.8,0.0,0,1,0
1689.13,11,5,1,57.78,139,1057,3,833.1,2,0,1,0.577,2.025092914518643,0,0.3,0.4,1,0,0
2218.61,0,0,0,32.75,188,1082,4,778.16,0,0,0,0.313,2.8474382668514813,1,0.4,0.0,1,0,0
1815.5,20,3,0,16.98,1146,2065,3,3015.67,1,1,0,0.265,0.6018225394226083,0,0.3,0.2,1,0,0
7005.96,19,6,1,33.64,1492,2448,2,912.28,0,1,0,0.485,7.6712070777855645,0,0.2,0.0,0,1,0
1067.22,18,1,0,67.01,342,833,1,2169.39,1,0,1,0.082,0.49171807831772174,0,0.1,0.2,0,1,0
3633.51,14,3,0,29.92,31,1372,5,3801.85,0,0,0,0.026,0.955470239425694,0,0.5,0.0,0,1,0
6230.7,16,1,0,1.44,551,928,2,1768.28,0,1,0,0.214,3.5216020075963104,0,0.2,0.0,0,1,0
4094.22,1,5,1,0.57,557,2087,3,1901.95,1,0,0,0.4,2.1515121259097714,1,0.3,0.2,0,1,0
1669.2,23,1,0,51.65,515,181,6,273.98,0,0,0,0.7,6.070259655247654,1,0.6,0.0,1,0,0
2334.52,12,6,1,9.44,167,795,4,672.35,1,0,1,0.476,3.467023093487785,0,0.4,0.2,0,0,1
979.62,22,5,1,13.3,1485,1433,4,2610.75,0,0,0,0.45,0.37508184167703645,0,0.4,0.0,1,0,0
716.76,16,0,0,1.07,274,1122,1,1059.84,0,0,0,0.176,0.6756532559104107,0,0.1,0.0,0,1,0
2443.28,3,6,1,70.78,474,659,6,1070.33,1,0,0,0.318,2.2806044822790366,1,0.6,0.2,1,0,0
1860.92,1,5,1,49.47,851,1939,2,2382.45,0,0,0,0.289,0.7807673750236004,1,0.2,0.0,0,1,0
584.51,11,6,1,20.43,1417,2153,1,1755.61,0,1,0,0.082,0.33274887425211064,0,0.1,0.0,1,0,0
1555.59,9,6,1,37.82,938,1117,3,7826.74,0,1,0,0.197,0.19872785759363493,0,0.3,0.0,0,0,1
2990.86,15,4,0,21.52,1365,319,2,1568.77,1,0,0,0.366,1.905285487682909,0,0.2,0.2,0,1,0
9785.89,0,4,0,25.04,581,1881,5,2432.98,0,0,0,0.123,4.0205301604779,1,0.5,0.0,0,0,1
5373.18,12,4,0,32.48,322,630,4,4287.47,0,1,0,0.108,1.252936361919286,0,0.4,0.0,0,0,1
8569.33,6,1,0,38.57,620,1396,0,2179.56,0,0,1,0.103,3.929875811718091,0,0.0,0.0,1,0,0
1211.09,11,0,0,33.83,338,2052,2,1229.69,0,0,0,0.169,0.9840739747621252,0,0.2,0.0,1,0,0
3952.21,13,6,1,27.92,1023,2001,3,3169.35,0,0,0,0.271,1.2466163041935434,0,0.3,0.0,0,0,1
2757.2,5,4,0,17.38,1090,1699,3,602.42,0,0,0,0.279,4.569288389513108,1,0.3,0.0,0,0,1
1667.42,21,3,0,46.17,918,322,2,1607.21,0,1,0,0.468,1.0368173310699473,0,0.2,0.0,1,0,0
860.67,12,4,0,55.76,190,1960,5,1030.4,0,0,0,0.486,0.8344677137870854,0,0.5,0.0,1,0,0
1012.24,16,4,0,17.82,1110,2403,2,1077.79,0,0,0,0.259,0.938310514557977,0,0.2,0.0,0,0,1
2647.38,5,2,0,34.69,1075,1413,1,1045.84,1,0,0,0.384,2.5289251461541404,1,0.1,0.2,0,1,0
554.49,2,2,0,33.99,408,2152,4,736.96,0,1,0,0.225,0.7513821887365169,1,0.4,0.0,1,0,0
1319.69,2,3,0,23.46,1395,933,1,393.33,0,0,1,0.358,3.346663961656481,1,0.1,0.0,0,1,0
903.43,11,4,0,64.49,569,1317,2,555.85,1,0,0,0.48,1.6223938223938221,0,0.2,0.2,1,0,0
1312.88,12,4,0,35.62,332,618,1,1138.27,0,0,0,0.538,1.1523870548684685,0,0.1,0.0,0,0,1
1119.03,4,6,1,17.25,671,2385,4,911.63,0,0,0,0.073,1.22615956082969,1,0.4,0.0,1,0,0
2125.49,20,1,0,39.2,970,1719,5,1149.68,0,0,0,0.563,1.8471599402092673,0,0.5,0.0,0,0,1
4500.46,18,0,0,44.89,1134,1972,5,478.65,0,0,0,0.137,9.382799958302929,0,0.5,0.0,0,1,0
972.24,23,5,1,24.45,1448,1189,3,1571.96,0,0,0,0.467,0.6180958193469637,1,0.3,0.0,1,0,0
1019.1,12,5,1,34.4,644,2125,1,3983.08,1,1,0,0.317,0.25579305636433003,0,0.1,0.2,0,1,0
888.38,20,2,0,45.25,1204,2380,2,2395.61,0,0,1,0.237,0.37068192154751917,0,0.2,0.0,0,1,0
1013.56,21,4,0,42.95,1027,2471,3,3942.12,1,1,0,0.066,0.25704518249508,0,0.3,0.2,0,1,0
2226.96,12,2,0,45.84,1477,1765,4,1480.08,1,0,0,0.181,1.50360547708429,0,0.4,0.2,0,0,1
388.73,9,2,0,34.38,348,2402,5,439.97,0,0,0,0.483,0.8815338911944123,0,0.5,0.0,0,1,0
4872.27,16,2,0,17.57,866,1023,2,4861.1,0,0,0,0.209,1.0020916887764546,0,0.2,0.0,1,0,0
13082.85,23,3,0,47.56,110,1707,0,5375.64,1,0,0,0.356,2.4332761724794665,1,0.0,0.2,0,1,0
1418.17,1,4,0,13.84,740,765,4,590.68,0,0,0,0.503,2.396853028664143,1,0.4,0.0,0,1,0
400.76,16,1,0,8.13,1456,2331,2,1139.78,0,0,0,0.411,0.3513034941005277,0,0.2,0.0,0,0,1
3699.57,16,3,0,36.64,1384,1172,3,4053.28,0,1,0,0.184,0.9125097427903351,0,0.3,0.0,0,0,1
6379.64,22,0,0,10.92,293,621,4,2728.31,1,1,0,0.105,2.3374552542584026,0,0.4,0.2,0,0,1
4286.98,22,0,0,84.65,35,1202,4,576.23,0,0,0,0.168,7.426814268142681,0,0.4,0.0,1,0,0
368.29,5,6,1,17.72,1496,287,2,764.15,0,0,0,0.274,0.48133045808011504,1,0.2,0.0,0,0,1
1603.92,10,6,1,35.37,1172,1362,3,841.89,1,0,0,0.369,1.9028817520672925,0,0.3,0.2,0,1,0
1770.95,6,4,0,5.43,524,1305,2,1128.68,0,0,0,0.273,1.5676563274555626,0,0.2,0.0,0,1,0
8409.08,18,2,0,9.05,1408,38,4,1153.53,0,0,0,0.084,7.283552614483816,0,0.4,0.0,0,1,0
1199.48,10,4,0,35.11,555,1782,3,1173.24,2,0,0,0.67,1.0214947540536858,0,0.3,0.4,0,0,1
1729.47,12,4,0,18.64,926,1814,2,1169.68,0,0,0,0.447,1.4773208733385723,0,0.2,0.0,1,0,0
1716.6,12,0,0,17.31,16,2338,5,4982.17,0,0,0,0.454,0.3444795180577825,0,0.5,0.0,0,1,0
566.93,5,5,1,23.18,863,2424,2,1407.47,0,0,0,0.462,0.40251478554743797,1,0.2,0.0,0,1,0
2648.29,3,2,0,15.93,656,1542,4,292.6,0,0,0,0.261,9.020061307901907,1,0.4,0.0,0,1,0
16590.22,6,4,0,9.42,492,2397,1,2324.04,1,0,0,0.173,7.135455734094898,0,0.1,0.2,0,1,0
986.99,3,5,1,14.23,1100,2281,5,1733.09,1,0,0,0.126,0.5691688436009665,1,0.5,0.2,0,0,1
2970.03,22,0,0,87.14,480,1193,5,2109.41,0,0,0,0.219,1.4073236953956816,0,0.5,0.0,0,0,1
2753.09,14,3,0,13.02,1105,328,5,1016.06,0,0,0,0.104,2.7069101134642994,0,0.5,0.0,1,0,0
1694.54,17,3,0,51.38,553,2407,3,2007.53,0,0,0,0.33,0.8436717400287772,0,0.3,0.0,0,0,1
1268.13,17,0,0,47.96,385,577,3,2256.08,0,0,0,0.217,0.5618453931628477,0,0.3,0.0,0,1,0
3025.72,9,5,1,37.76,970,1254,4,811.55,0,0,0,0.121,3.7237339240662113,0,0.4,0.0,0,1,0
6551.19,6,3,0,5.2,446,1811,2,3466.13,1,0,0,0.213,1.889513805366398,0,0.2,0.2,0,1,0
839.7,17,5,1,36.62,528,999,5,1449.78,1,0,0,0.538,0.5787920980438109,0,0.5,0.2,0,1,0
583.28,14,0,0,0.46,391,348,3,1867.92,0,1,0,0.39,0.31209468570083254,0,0.3,0.0,1,0,0
672.7,21,3,0,4.34,753,261,4,3030.52,2,0,0,0.064,0.22190188420330398,0,0.4,0.4,0,1,0
4389.28,12,1,0,90.87,841,1635,1,391.91,1,0,0,0.098,11.171209691786922,0,0.1,0.2,0,1,0
1784.46,22,4,0,52.27,1484,2435,8,3280.76,1,0,0,0.216,0.5437509141436302,0,0.8,0.2,1,0,0
838.3,6,5,1,2.08,1022,192,2,735.29,1,0,0,0.271,1.1385459533607682,0,0.2,0.2,0,1,0
1000.52,17,1,0,5.21,285,1005,0,1749.33,0,1,0,0.203,0.5716179234772871,0,0.0,0.0,1,0,0
2719.5,23,4,0,18.74,596,1508,9,2229.85,1,0,0,0.464,1.2190420691664612,1,0.9,0.2,0,0,1
2281.67,8,2,0,42.19,541,795,2,812.13,1,0,0,0.104,2.8060334755820104,0,0.2,0.2,0,0,1
3858.26,1,3,0,32.84,178,2467,1,2108.95,0,0,0,0.104,1.8286025735206999,1,0.1,0.0,0,1,0
892.43,18,6,1,51.67,1466,1066,6,1258.38,0,0,0,0.32,0.7086264669916942,0,0.6,0.0,1,0,0
839.34,0,0,0,29.39,512,776,1,1104.39,0,0,0,0.144,0.7593157166249016,1,0.1,0.0,0,0,1
4550.07,4,4,0,10.83,1446,1730,8,1085.08,0,0,0,0.176,4.189442766647024,1,0.8,0.0,0,1,0
834.17,18,6,1,1.98,1108,470,2,2402.98,1,0,0,0.236,0.3469953992961672,0,0.2,0.2,0,0,1
3052.81,18,2,0,25.03,1386,935,6,1308.92,1,0,0,0.188,2.3305316355197263,0,0.6,0.2,0,1,0
691.75,12,2,0,42.63,1296,561,5,1715.74,0,0,0,0.192,0.4029439519088505,0,0.5,0.0,0,1,0
636.32,2,2,0,10.31,85,1500,2,422.39,0,0,0,0.175,1.5029169323791305,1,0.2,0.0,1,0,0
537.71,2,0,0,11.84,560,672,4,2212.19,0,1,0,0.193,0.24295699872130275,1,0.4,0.0,1,0,0
2073.27,17,5,1,43.77,437,2489,4,2394.21,0,0,0,0.266,0.8655900735217371,0,0.4,0.0,1,0,0
2890.95,5,0,0,52.67,725,168,4,1318.55,0,0,0,0.479,2.1908605206320337,1,0.4,0.0,0,1,0
1676.58,21,3,0,19.34,1165,1364,0,671.64,1,0,0,0.207,2.4925368696479544,0,0.0,0.2,0,0,1
300.17,20,6,1,64.69,418,1108,6,3238.2,0,0,0,0.663,0.09266794270190172,0,0.6,0.0,1,0,0
455.73,5,1,0,31.73,149,1118,2,3616.39,2,0,1,0.145,0.12598309831121335,1,0.2,0.4,0,0,1
4220.59,3,4,0,18.91,1135,1682,5,935.71,0,0,1,0.468,4.505759520022205,1,0.5,0.0,0,1,0
1645.52,10,6,1,18.35,53,779,3,4042.91,0,0,0,0.362,0.40691311132047947,0,0.3,0.0,1,0,0
1329.04,11,6,1,29.31,1137,144,4,1557.25,0,0,0,0.029,0.8529055029680731,0,0.4,0.0,0,0,1
9333.05,19,5,1,42.67,998,1086,3,9352.31,1,0,0,0.064,0.9978339218950296,0,0.3,0.2,1,0,0
1848.07,2,2,0,20.72,1418,997,4,3531.82,1,0,0,0.491,0.5231146789250514,1,0.4,0.2,0,0,1
7085.85,15,6,1,2.85,1463,460,1,1253.21,0,0,0,0.338,5.6496519721577725,0,0.1,0.0,0,1,0
947.1,13,4,0,13.19,827,1747,1,1072.4,0,0,1,0.483,0.8823365008384572,0,0.1,0.0,0,0,1
5942.58,22,5,1,10.63,100,265,3,1477.02,2,0,0,0.347,4.020635715348913,0,0.3,0.4,1,0,0
1310.81,12,5,1,25.26,1129,1306,3,1772.64,1,0,0,0.207,0.7390507656570667,0,0.3,0.2,1,0,0
1721.7,7,0,0,30.76,1185,2438,2,1304.28,0,0,0,0.166,1.3190273351311597,0,0.2,0.0,0,1,0
22045.28,7,6,1,6.69,1274,2103,2,1630.13,1,0,0,0.295,13.515342124784658,0,0.2,0.2,0,0,1
1656.97,9,3,0,59.53,1117,2493,2,1690.73,0,0,0,0.258,0.9794529859965834,0,0.2,0.0,0,1,0
660.01,16,3,0,55.01,845,1395,4,1399.61,1,0,0,0.582,0.47123039247185156,0,0.4,0.2,0,1,0
453.26,11,5,1,23.71,951,2381,4,1537.89,1,0,1,0.279,0.2945369714534502,0,0.4,0.2,1,0,0
8586.57,20,5,1,15.35,181,1101,2,1869.16,1,0,0,0.195,4.591355819822902,0,0.2,0.2,0,0,1
2219.42,19,4,0,20.75,717,1799,7,2042.99,0,0,0,0.361,1.085827230074511,0,0.7,0.0,0,0,1
6054.97,2,4,0,2.03,1256,482,4,610.41,0,0,0,0.318,9.903289118594724,1,0.4,0.0,0,1,0
1295.77,4,1,0,0.73,722,2300,1,1516.55,2,0,0,0.07,0.8538565450891239,1,0.1,0.4,0,1,0
1583.84,11,4,0,30.31,776,892,5,711.57,0,0,0,0.518,2.2227149613371315,0,0.5,0.0,1,0,0
989.92,21,5,1,55.71,673,891,2,1124.26,1,0,0,0.262,0.8797255745338854,0,0.2,0.2,0,0,1
1324.74,11,6,1,38.21,719,263,3,10602.91,0,0,1,0.121,0.12492938925358665,0,0.3,0.0,1,0,0
2111.8,10,3,0,74.6,323,1209,4,2269.4,0,1,0,0.292,0.9301444679351657,0,0.4,0.0,0,0,1
576.07,22,5,1,6.17,1271,1083,1,1253.02,0,0,1,0.296,0.4593786382992297,0,0.1,0.0,0,1,0
3224.42,22,6,1,28.22,973,1990,2,6549.15,0,0,0,0.251,0.49226658931474854,0,0.2,0.0,0,1,0
8585.14,5,4,0,7.87,965,1015,2,4212.48,0,0,0,0.092,2.0375414146975896,1,0.2,0.0,0,0,1
4418.36,22,0,0,35.67,312,1406,4,836.5,1,0,0,0.094,5.275653731343283,0,0.4,0.2,0,1,0
1989.51,20,6,1,24.44,1310,2092,4,728.98,1,0,0,0.402,2.7254308337214717,0,0.4,0.2,0,1,0
1110.74,13,4,0,4.62,136,1362,7,5217.46,0,0,1,0.096,0.21284823491988059,0,0.7,0.0,0,0,1
313.53,16,5,1,4.53,1424,2175,4,681.12,1,0,0,0.226,0.45964053245763203,0,0.4,0.2,0,0,1
1892.75,16,0,0,39.11,1336,2415,3,696.99,2,0,0,0.255,2.711715067551111,0,0.3,0.4,0,1,0
16808.68,9,2,0,80.8,365,1554,2,405.56,1,0,0,0.443,41.34366391184573,0,0.2,0.2,0,0,1
2395.36,10,3,0,32.48,465,613,4,1765.8,0,0,0,0.34,1.3557618292959024,0,0.4,0.0,0,1,0
455.2,14,2,0,1.73,363,188,8,2147.58,0,0,0,0.394,0.21186085693807072,0,0.8,0.0,1,0,0
294.39,4,6,1,15.97,538,111,4,3946.9,0,0,0,0.379,0.07456875807391271,1,0.4,0.0,1,0,0
3281.3,7,4,0,26.83,455,918,1,5544.96,0,0,0,0.222,0.5916559080844435,0,0.1,0.0,1,0,0
2214.98,1,2,0,6.85,1265,950,1,2846.26,0,0,0,0.06,0.7779338732676326,1,0.1,0.0,1,0,0
2403.8,16,2,0,17.1,1326,510,1,4552.44,1,0,0,0.097,0.5279085702238309,0,0.1,0.2,0,1,0
584.14,11,4,0,11.79,1213,1730,2,4522.18,0,0,1,0.207,0.12914365556975402,0,0.2,0.0,0,1,0
15819.21,4,4,0,20.82,634,346,3,219.18,1,0,0,0.534,71.84671632300844,1,0.3,0.2,1,0,0
8914.47,9,2,0,9.21,88,236,3,630.4,0,1,0,0.063,14.118577763699715,0,0.3,0.0,0,0,1
4802.67,0,2,0,57.59,157,1290,5,1395.95,0,0,0,0.3,3.437968431225169,1,0.5,0.0,1,0,0
1259.62,21,6,1,16.12,460,1614,1,480.26,0,0,0,0.347,2.61733782155176,0,0.1,0.0,1,0,0
5687.73,19,1,0,12.66,126,1395,2,2980.43,0,0,0,0.08,1.9077187792435173,0,0.2,0.0,0,0,1
3266.32,7,5,1,25.19,1356,2195,0,1041.55,2,0,0,0.292,3.1330104071747162,0,0.0,0.4,1,0,0
3123.1,1,0,0,5.81,363,1012,2,1743.52,1,0,0,0.07,1.790234563088987,1,0.2,0.2,0,1,0
490.96,1,4,0,18.88,718,982,1,3534.49,0,1,0,0.406,0.13886618262249364,1,0.1,0.0,0,1,0
614.84,21,4,0,18.11,1060,1704,1,1613.57,1,0,0,0.322,0.38080727376329304,0,0.1,0.2,0,0,1
1715.53,9,1,0,27.34,1491,1001,8,481.24,0,1,0,0.359,3.5574195421366954,0,0.8,0.0,1,0,0
1544.94,14,6,1,54.59,763,686,2,3722.6,1,0,1,0.209,0.414904930712214,0,0.2,0.2,0,0,1
1960.44,9,2,0,5.17,1372,480,3,20098.15,0,0,0,0.102,0.09753845311866421,0,0.3,0.0,1,0,0
352.07,5,6,1,27.62,968,1131,1,1329.25,0,0,0,0.48,0.26466453674121404,1,0.1,0.0,0,1,0
388.39,10,6,1,11.63,1397,125,5,5144.16,0,0,0,0.148,0.07548647661102861,0,0.5,0.0,0,1,0
2735.61,12,5,1,8.68,862,2489,0,1004.01,0,0,1,0.185,2.7219729156923815,0,0.0,0.0,0,1,0
703.01,22,1,0,7.64,242,1097,3,733.6,1,0,0,0.354,0.9569970051728831,0,0.3,0.2,1,0,0
4646.3,4,1,0,51.03,772,2220,4,2375.87,1,0,0,0.216,1.9547976961297844,1,0.4,0.2,0,1,0
17580.4,3,3,0,64.86,1282,746,3,849.15,0,0,0,0.131,20.67917426336529,1,0.3,0.0,1,0,0
3026.77,21,1,0,15.46,1428,290,2,3456.26,0,0,0,0.05,0.8754823183677247,0,0.2,0.0,0,1,0
5641.45,15,6,1,2.12,600,294,2,1568.54,0,0,0,0.272,3.594333371561094,0,0.2,0.0,0,0,1
127.79,14,5,1,47.49,211,2491,2,638.26,0,0,0,0.538,0.19990301285861778,0,0.2,0.0,0,1,0
667.06,17,0,0,36.35,1070,277,3,902.83,0,0,0,0.274,0.7380370202361063,0,0.3,0.0,1,0,0
7782.45,21,0,0,16.28,754,1271,2,1950.35,0,0,0,0.347,3.988238911522792,0,0.2,0.0,1,0,0
1055.81,22,6,1,12.68,1096,2228,3,362.65,1,0,0,0.137,2.903368623676612,0,0.3,0.2,0,0,1
2334.84,23,2,0,60.91,487,1561,3,2775.0,1,0,0,0.397,0.8410806916426513,1,0.3,0.2,0,1,0
1536.25,9,5,1,39.25,1238,2015,6,3744.46,1,0,0,0.209,0.410163237626353,0,0.6,0.2,0,1,0
250.23,18,1,0,4.63,1171,2360,2,2995.56,0,0,0,0.316,0.08350575326374242,0,0.2,0.0,0,0,1
11301.53,12,3,0,15.46,528,1505,3,740.13,0,0,1,0.704,15.249052123109307,0,0.3,0.0,0,1,0
1228.24,5,0,0,48.14,457,1559,1,1144.0,0,0,0,0.308,1.072698689956332,1,0.1,0.0,1,0,0
2637.14,20,4,0,20.64,1438,2015,5,2038.7,0,0,0,0.218,1.2929058194832572,0,0.5,0.0,0,0,1
2374.3,12,5,1,4.48,324,1481,5,1911.64,2,0,0,0.394,1.2413731805253472,0,0.5,0.4,0,0,1
709.8,10,4,0,4.57,699,510,6,1199.14,0,1,1,0.266,0.5914309997166997,0,0.6,0.0,0,0,1
932.06,2,2,0,3.51,81,639,2,759.16,0,1,0,0.237,1.2261366028204588,1,0.2,0.0,1,0,0
1435.1,5,2,0,29.2,1176,303,3,1008.45,0,1,0,0.356,1.4216652632621722,1,0.3,0.0,0,0,1
452.78,19,0,0,10.24,960,2162,2,1476.81,0,1,0,0.194,0.30638580061036264,0,0.2,0.0,0,0,1
1542.16,21,0,0,1.96,1205,1980,0,1016.28,0,0,0,0.472,1.515964139666562,0,0.0,0.0,1,0,0
493.35,23,5,1,7.18,1464,2160,3,7514.42,0,0,0,0.408,0.06564503381048564,1,0.3,0.0,0,1,0
1767.09,21,0,0,69.42,44,424,2,869.12,0,0,0,0.512,2.0308578127154875,0,0.2,0.0,0,1,0
1216.02,5,6,1,89.35,7,919,2,1267.31,0,0,0,0.414,0.9587719090758569,1,0.2,0.0,0,0,1
2435.1,17,4,0,14.26,1129,613,1,504.6,1,0,0,0.344,4.8162579113924044,0,0.1,0.2,0,0,1
4305.04,4,1,0,17.92,1314,152,3,1208.27,0,0,0,0.191,3.560032085473054,1,0.3,0.0,0,0,1
6475.36,10,0,0,32.07,4,2260,2,1225.8,0,0,0,0.22,5.2782523638734915,0,0.2,0.0,0,0,1
817.63,16,4,0,45.29,599,1797,6,1042.59,0,0,1,0.096,0.7834781858775957,0,0.6,0.0,1,0,0
2974.95,1,2,0,32.32,81,2413,5,1803.07,0,0,0,0.273,1.6490213794364963,1,0.5,0.0,0,0,1
1927.92,17,6,1,27.26,699,648,4,1405.62,1,0,0,0.451,1.3706047120046638,0,0.4,0.2,0,0,1
590.76,5,2,0,47.28,736,992,3,386.35,1,0,0,0.094,1.5251323092810118,1,0.3,0.2,1,0,0
1983.35,1,2,0,6.68,394,684,5,963.78,0,0,0,0.256,2.0557536433176473,1,0.5,0.0,0,0,1
5624.21,0,6,1,64.11,1362,1210,2,3514.48,0,0,0,0.44,1.5998412734534118,1,0.2,0.0,0,1,0
13033.07,11,5,1,48.58,1358,770,4,701.93,0,0,1,0.521,18.54106383281408,0,0.4,0.0,1,0,0
1161.78,8,6,1,95.67,1005,448,3,2135.24,1,0,1,0.595,0.5438433883833278,0,0.3,0.2,1,0,0
1326.05,23,0,0,69.02,946,409,5,1429.16,0,0,0,0.094,0.92720394920848,1,0.5,0.0,0,0,1
1227.55,22,2,0,29.57,1478,130,2,842.97,0,1,0,0.318,1.4544948280152137,0,0.2,0.0,0,0,1
3097.17,21,4,0,41.28,19,957,4,2680.39,2,1,1,0.434,1.1550613674251042,0,0.4,0.4,1,0,0
593.97,11,0,0,36.01,1230,1509,2,1026.33,0,0,0,0.189,0.5781686507743374,0,0.2,0.0,1,0,0
568.92,14,4,0,28.56,446,1466,4,1439.79,2,0,0,0.14,0.3948667050715232,0,0.4,0.4,1,0,0
647.99,16,0,0,12.4,1420,1124,2,2372.36,0,0,0,0.312,0.2730264266693633,0,0.2,0.0,0,0,1
321.74,1,1,0,8.05,876,1493,6,2541.49,0,0,0,0.314,0.12654523714940866,1,0.6,0.0,1,0,0
2855.53,18,3,0,2.01,258,670,1,407.64,0,0,0,0.364,6.987886648394675,0,0.1,0.0,0,0,1
329.44,2,3,0,14.74,801,1021,2,1114.18,0,0,0,0.375,0.2954141932244122,1,0.2,0.0,0,1,0
3076.37,7,0,0,67.18,9,683,4,2552.51,0,0,0,0.26,1.2047612893624853,0,0.4,0.0,1,0,0
1122.01,4,5,1,59.89,646,2189,3,983.05,0,1,0,0.515,1.140196128245516,1,0.3,0.0,1,0,0
1959.4,23,6,1,23.94,1104,1791,2,1688.92,0,0,0,0.137,1.1594631698541942,1,0.2,0.0,0,1,0
5085.41,7,1,0,0.63,198,1684,3,957.46,0,0,0,0.325,5.305813492477515,0,0.3,0.0,0,0,1
1550.05,3,6,1,49.56,1437,1919,3,357.64,1,0,0,0.065,4.322022083426277,1,0.3,0.2,1,0,0
10364.86,1,2,0,7.87,352,214,2,2628.35,0,0,0,0.261,3.941985661855592,1,0.2,0.0,0,1,0
1143.92,5,4,0,45.49,472,276,6,2423.19,0,0,0,0.376,0.47187720434454394,1,0.6,0.0,0,0,1
427.52,2,1,0,35.56,474,2286,7,1802.26,0,0,0,0.383,0.23708172975610836,1,0.7,0.0,0,0,1
1345.17,2,4,0,23.06,537,2493,2,6288.47,1,0,0,0.154,0.2138765269569614,1,0.2,0.2,1,0,0
269.94,20,0,0,19.02,1363,1877,3,1536.86,0,0,0,0.261,0.1755296320861457,0,0.3,0.0,0,1,0
818.47,20,0,0,56.83,520,241,4,2821.83,0,0,0,0.485,0.2899466138591414,0,0.4,0.0,0,1,0
12469.36,15,1,0,38.54,958,1627,0,3141.35,0,0,0,0.436,3.9681639537288973,0,0.0,0.0,0,1,0
4926.31,13,3,0,33.73,711,1070,1,695.43,0,0,1,0.099,7.073661387361258,0,0.1,0.0,1,0,0
603.57,18,2,0,24.67,674,2187,0,6754.85,0,1,0,0.035,0.08934034947489954,0,0.0,0.0,1,0,0
3565.86,11,5,1,20.85,785,2358,0,1663.34,1,0,0,0.042,2.1425069396878045,0,0.0,0.2,1,0,0
3698.53,19,2,0,26.99,737,311,2,1548.81,0,0,0,0.338,2.3864409185642113,0,0.2,0.0,1,0,0
768.81,23,0,0,38.47,368,845,4,1551.69,0,0,0,0.289,0.49514713175199165,1,0.4,0.0,1,0,0
365.51,20,5,1,19.82,113,1427,2,1227.16,1,1,0,0.379,0.29760780354351224,0,0.2,0.2,0,1,0
2090.21,1,6,1,14.71,274,829,3,645.04,0,1,0,0.288,3.235418859513343,1,0.3,0.0,1,0,0
2277.22,20,1,0,64.6,1275,66,3,1230.75,1,0,0,0.149,1.8487680129896487,0,0.3,0.2,0,0,1
2631.58,1,3,0,43.01,510,2193,2,637.16,0,0,0,0.523,4.123699385733985,1,0.2,0.0,0,0,1
5551.12,8,4,0,43.14,52,2010,3,928.62,0,0,0,0.118,5.9713861577849014,0,0.3,0.0,0,0,1
1351.43,7,0,0,58.16,419,1519,1,1044.06,0,0,0,0.377,1.2931602013281536,0,0.1,0.0,1,0,0
2687.53,1,4,0,58.6,973,811,6,931.78,0,1,0,0.315,2.881204571281546,1,0.6,0.0,0,1,0
11846.37,3,0,0,41.57,126,807,4,896.55,0,0,0,0.514,13.198562754164115,1,0.4,0.0,1,0,0
3675.68,15,0,0,11.57,1489,1152,3,1424.5,1,0,0,0.529,2.578519817607857,0,0.3,0.2,0,0,1
3342.94,0,0,0,2.0,22,1312,1,2590.07,0,0,0,0.14,1.2901774170516427,1,0.1,0.0,0,1,0
1335.73,19,2,0,1.01,1499,1718,6,1187.14,0,1,0,0.288,1.1242193680879358,0,0.6,0.0,0,0,1
2258.88,8,4,0,56.21,201,1397,5,2513.13,0,0,0,0.285,0.8984738259358108,0,0.5,0.0,1,0,0
1469.43,19,0,0,14.66,1099,716,3,1326.12,1,1,0,0.142,1.1072322020616072,0,0.3,0.2,0,0,1
457.68,4,6,1,33.83,328,761,4,2199.08,1,0,0,0.286,0.20802879895276535,1,0.4,0.2,0,1,0
1208.73,9,2,0,20.57,665,1578,3,1281.71,1,1,0,0.218,0.942325233295133,0,0.3,0.2,0,0,1
644.17,9,6,1,45.99,364,1271,1,3119.32,0,0,0,0.634,0.20644356989026763,0,0.1,0.0,0,1,0
3814.57,7,4,0,20.0,841,698,1,776.71,0,0,0,0.262,4.904874567640895,0,0.1,0.0,0,0,1
819.8,4,5,1,6.23,339,2111,1,2619.41,0,0,0,0.147,0.3128518056334696,1,0.1,0.0,0,1,0
4135.2,10,3,0,32.18,419,2165,5,1246.79,0,0,0,0.396,3.3140191859207078,0,0.5,0.0,0,0,1
2545.78,17,3,0,39.36,638,1899,0,516.15,1,0,0,0.294,4.922711012278836,0,0.0,0.2,0,1,0
761.06,11,6,1,45.01,1261,1540,1,1127.65,0,0,0,0.596,0.6743100163912638,0,0.1,0.0,0,1,0
2837.91,4,3,0,11.26,74,2176,3,1532.25,0,0,0,0.237,1.850911462579488,1,0.3,0.0,0,1,0
2206.78,7,2,0,0.48,298,487,3,717.7,0,0,0,0.082,3.070516209823292,0,0.3,0.0,0,1,0
504.53,20,5,1,2.44,37,2038,6,350.41,1,0,1,0.588,1.4357303434734354,0,0.6,0.2,0,1,0
5147.36,7,0,0,71.87,876,1851,4,3608.02,0,1,1,0.365,1.426248676926146,0,0.4,0.0,1,0,0
585.21,15,3,0,33.79,1485,269,1,1018.69,1,0,0,0.422,0.5739097176592887,0,0.1,0.2,0,1,0
760.31,1,6,1,41.9,890,583,2,1293.33,1,0,0,0.278,0.5874158831209969,1,0.2,0.2,1,0,0
881.34,18,0,0,49.35,815,1797,4,2554.69,2,0,1,0.054,0.34485403159225103,0,0.4,0.4,1,0,0
580.68,22,5,1,35.97,1080,348,2,904.01,1,0,0,0.259,0.6416282693008917,0,0.2,0.2,1,0,0
1339.84,4,2,0,9.41,1132,363,6,1264.92,0,0,0,0.237,1.0583923154701718,1,0.6,0.0,0,0,1
1592.78,12,2,0,4.65,1161,1837,3,2831.32,0,0,0,0.255,0.5623587730199977,0,0.3,0.0,1,0,0
2498.28,4,6,1,39.46,276,2404,4,1165.67,0,0,0,0.516,2.141376738923603,1,0.4,0.0,0,0,1
4516.43,23,1,0,68.05,1406,2488,1,1564.3,1,0,0,0.086,2.8853446623650423,1,0.1,0.2,0,0,1
8491.02,17,3,0,0.55,515,2063,4,1638.67,0,0,0,0.268,5.178493233394525,0,0.4,0.0,1,0,0
1983.37,2,1,0,26.79,1186,1840,1,787.47,0,0,0,0.292,2.515466663284589,1,0.1,0.0,0,1,0
3491.36,11,4,0,9.33,392,322,4,1614.36,0,0,0,0.325,2.1613510301109353,0,0.4,0.0,1,0,0
3802.89,11,4,0,17.06,1122,540,3,1327.92,1,0,1,0.352,2.8616395268338195,0,0.3,0.2,0,1,0
1420.14,17,3,0,10.98,315,849,1,750.88,0,0,0,0.208,1.8887854444858223,0,0.1,0.0,1,0,0
962.5,5,3,0,24.53,707,2452,5,2731.24,1,0,0,0.309,0.352275056364009,1,0.5,0.2,0,0,1
5776.42,16,2,0,40.75,896,1402,3,875.61,0,0,0,0.541,6.589498180490754,0,0.3,0.0,0,1,0
831.54,9,4,0,33.04,640,2124,1,4584.68,0,0,0,0.155,0.18133406604909194,0,0.1,0.0,0,1,0
319.96,22,6,1,24.08,161,1691,4,1562.86,2,1,0,0.302,0.2045963193636259,0,0.4,0.4,0,0,1
2881.0,11,0,0,3.65,1039,2399,3,1220.12,0,0,0,0.136,2.359309486373166,0,0.3,0.0,1,0,0
4216.22,23,2,0,8.97,407,496,1,475.24,0,0,0,0.218,8.853141273307576,1,0.1,0.0,1,0,0
862.26,2,2,0,15.77,271,1787,2,1505.36,0,0,1,0.303,0.5724129690113917,1,0.2,0.0,0,0,1
1644.6,19,1,0,9.53,1103,339,4,3696.78,1,0,0,0.578,0.4447533384895802,0,0.4,0.2,0,0,1
3500.3,14,6,1,41.73,1239,1030,3,2736.67,0,0,0,0.219,1.2785690021076317,0,0.3,0.0,0,1,0
762.39,5,1,0,67.11,1321,420,4,1132.31,0,1,0,0.332,0.6727109087540037,1,0.4,0.0,0,0,1
1090.15,12,0,0,15.28,591,1185,2,819.24,0,1,0,0.106,1.329062225690042,0,0.2,0.0,1,0,0
3445.82,12,6,1,28.91,1356,706,3,3696.58,0,0,1,0.128,0.9319122236706171,0,0.3,0.0,0,1,0
1310.59,10,2,0,59.35,623,1127,8,7412.87,3,0,0,0.345,0.17677542228282933,0,0.8,0.6,0,1,0
19625.3,14,0,0,50.81,934,40,4,1755.35,0,0,0,0.234,11.173911805733482,0,0.4,0.0,0,0,1
167.94,16,2,0,24.09,99,1424,4,1905.43,0,0,0,0.144,0.08809135399673736,0,0.4,0.0,0,1,0
2426.24,21,0,0,41.36,383,142,1,872.26,1,1,0,0.214,2.778370702883448,0,0.1,0.2,0,0,1
4183.75,3,3,0,31.52,903,1070,0,1406.97,0,0,0,0.426,2.97147666498576,1,0.0,0.0,1,0,0
3921.46,11,5,1,1.88,544,752,2,1370.51,0,1,0,0.169,2.8592281499952605,0,0.2,0.0,0,0,1
2696.88,1,3,0,49.95,1045,1447,2,1804.28,0,0,0,0.253,1.4938846051582026,1,0.2,0.0,0,0,1
2632.19,12,6,1,83.29,566,1844,3,2567.1,0,0,0,0.323,1.0249561932946536,0,0.3,0.0,0,0,1
969.94,0,5,1,27.4,1005,815,5,1053.84,0,0,0,0.131,0.9195138599218841,1,0.5,0.0,0,0,1
5508.45,10,2,0,27.06,251,2364,1,1457.37,0,0,0,0.269,3.777127889355925,0,0.1,0.0,0,1,0
2378.0,2,0,0,18.15,112,1798,3,1296.13,0,1,0,0.349,1.8332780831528064,1,0.3,0.0,0,1,0
1839.23,16,3,0,7.35,1359,2149,2,1043.67,1,0,0,0.179,1.7605846822441535,0,0.2,0.2,0,0,1
2128.6,16,3,0,22.22,689,1502,8,1404.75,0,0,0,0.221,1.5142094967099413,0,0.8,0.0,0,1,0
467.58,12,2,0,45.97,238,1990,4,2134.89,0,0,0,0.362,0.21891576813412678,0,0.4,0.0,0,1,0
2599.83,13,4,0,18.33,165,2038,2,1010.02,0,0,0,0.621,2.5714921564360744,0,0.2,0.0,0,1,0
901.96,20,5,1,40.12,537,1572,1,432.84,0,1,0,0.329,2.079015305181634,0,0.1,0.0,0,0,1
1783.95,22,2,0,10.72,757,471,4,2395.8,0,0,1,0.145,0.744304906542056,0,0.4,0.0,0,0,1
7548.55,0,2,0,50.37,923,1222,2,1422.78,0,0,0,0.053,5.30176712694377,1,0.2,0.0,0,0,1
873.51,9,4,0,48.68,1077,2437,1,1281.0,0,0,0,0.535,0.6813650546021841,0,0.1,0.0,0,1,0
1736.27,16,3,0,38.33,1258,363,2,1923.34,0,1,0,0.498,0.9022677905151897,0,0.2,0.0,0,1,0
1052.29,21,4,0,24.37,956,440,6,533.04,1,0,0,0.148,1.9704329263725564,0,0.6,0.2,0,1,0
1340.49,11,0,0,25.17,1418,1752,3,1107.11,1,1,0,0.091,1.2097084224490349,0,0.3,0.2,0,1,0
4140.76,18,4,0,36.78,1356,337,2,818.91,0,0,0,0.251,5.050261614079594,0,0.2,0.0,0,1,0
780.53,20,3,0,12.45,1007,1700,1,1555.27,2,0,0,0.081,0.5015389360458018,0,0.1,0.4,0,0,1
641.72,19,4,0,14.61,809,1886,5,1203.8,0,0,0,0.424,0.5326361221779549,0,0.5,0.0,0,0,1
1661.37,8,2,0,4.75,126,2475,2,1533.53,0,0,0,0.627,1.0826572305526774,0,0.2,0.0,1,0,0
1609.11,4,5,1,0.82,517,1003,3,1542.64,1,0,0,0.145,1.0424127387214634,1,0.3,0.2,0,0,1
2294.41,11,1,0,40.61,46,1556,0,3114.33,0,0,0,0.08,0.7364901952602132,0,0.0,0.0,1,0,0
3379.81,10,6,1,40.51,348,1478,7,2081.0,1,1,0,0.616,1.6233477425552354,0,0.7,0.2,0,1,0
3380.03,1,1,0,45.37,741,848,5,674.22,0,0,0,0.178,5.005820325227333,1,0.5,0.0,0,1,0
1927.47,14,1,0,10.45,30,773,2,3774.6,0,0,0,0.187,0.5105069392944168,0,0.2,0.0,0,1,0
334.3,10,5,1,5.79,1160,117,4,1178.29,0,0,0,0.092,0.28347565060332913,0,0.4,0.0,0,1,0
4689.86,3,6,1,51.87,374,124,3,2196.2,1,0,1,0.34,2.1344711450937557,1,0.3,0.2,0,1,0
1171.82,5,6,1,24.07,846,1517,5,1383.67,0,0,0,0.537,0.8462810633580563,1,0.5,0.0,0,0,1
850.73,7,5,1,67.79,518,592,4,2915.08,0,0,0,0.328,0.29173753806479935,0,0.4,0.0,0,1,0
571.0,18,0,0,6.22,1222,1209,1,1353.89,1,0,0,0.361,0.42143642657337493,0,0.1,0.2,0,1,0
2614.09,18,1,0,0.56,1256,1881,2,550.33,0,1,0,0.265,4.741425280684889,0,0.2,0.0,0,0,1
7197.37,14,3,0,21.09,207,2463,4,1720.47,0,0,0,0.538,4.180944193044317,0,0.4,0.0,0,1,0
554.03,18,1,0,1.08,625,226,5,1075.01,0,1,0,0.451,0.5148929842659454,0,0.5,0.0,0,0,1
963.13,22,0,0,38.33,444,2485,7,744.22,1,1,0,0.244,1.2924102949464586,0,0.7,0.2,0,0,1
9792.08,2,1,0,13.77,1019,1972,2,1463.07,0,0,0,0.191,6.68825944114694,1,0.2,0.0,0,0,1
4377.48,9,5,1,15.71,246,2295,4,5008.8,0,0,0,0.221,0.87378338456625,0,0.4,0.0,0,0,1
2214.74,22,4,0,27.16,603,2322,3,4543.22,1,0,0,0.284,0.4873751710964697,0,0.3,0.2,1,0,0
12055.1,16,1,0,6.13,842,1645,4,2616.97,1,0,0,0.195,4.604751009369855,0,0.4,0.2,1,0,0
3871.54,1,1,0,28.52,1101,1209,1,491.23,0,0,0,0.168,7.865306868740222,1,0.1,0.0,0,1,0
4547.38,5,3,0,52.9,178,2135,2,1415.99,0,0,0,0.239,3.2091828453270668,1,0.2,0.0,0,1,0
198.21,6,2,0,31.43,701,1719,4,595.03,0,1,0,0.111,0.33255037498112516,0,0.4,0.0,0,1,0
17465.08,6,5,1,91.9,1009,1915,2,1968.12,0,1,0,0.393,8.86948484602259,0,0.2,0.0,1,0,0
603.81,15,4,0,32.65,42,879,2,644.44,1,0,0,0.328,0.9355013634110063,0,0.2,0.2,0,1,0
6904.61,1,0,0,20.35,282,2280,3,1386.79,0,0,0,0.375,4.975255622248323,1,0.3,0.0,0,1,0
709.36,11,3,0,32.08,408,392,2,710.36,0,0,0,0.209,0.9971884840305892,0,0.2,0.0,0,1,0
437.34,8,5,1,79.56,477,1565,1,3464.75,1,0,0,0.16,0.12618913655053018,0,0.1,0.2,0,0,1
796.2,22,4,0,31.99,1161,1854,1,1620.85,1,0,0,0.309,0.49092086197860474,0,0.1,0.2,1,0,0
5003.26,0,0,0,45.38,1133,2471,5,5390.67,0,0,0,0.407,0.9279610955418266,1,0.5,0.0,0,1,0
928.89,17,1,0,15.83,1000,642,3,1795.77,3,0,0,0.628,0.5169776877396661,0,0.3,0.6,1,0,0
4976.62,5,0,0,98.0,786,1200,1,916.35,0,0,0,0.463,5.424995912138224,1,0.1,0.0,0,1,0
1824.5,3,2,0,8.2,588,206,4,785.45,0,0,0,0.333,2.319918621654269,1,0.4,0.0,1,0,0
837.5,5,3,0,67.07,727,468,1,3167.54,0,0,0,0.184,0.26431731964879723,1,0.1,0.0,0,1,0
3394.0,11,0,0,71.93,1326,405,3,1500.53,1,0,1,0.166,2.2603610983463533,0,0.3,0.2,1,0,0
2351.72,5,5,1,26.86,1288,160,1,1019.91,1,0,0,0.114,2.303552712775857,1,0.1,0.2,1,0,0
805.7,21,0,0,2.12,268,604,2,1265.95,1,1,0,0.467,0.6359366983701015,0,0.2,0.2,0,1,0
588.69,13,3,0,92.84,1248,1528,6,488.23,0,0,0,0.182,1.2032990617909778,0,0.6,0.0,0,1,0
3335.31,11,6,1,80.32,173,1086,2,3186.38,0,0,1,0.134,1.0464111590083391,0,0.2,0.0,1,0,0
972.26,13,6,1,55.68,1491,809,5,1449.44,0,0,0,0.409,0.6703207302611621,0,0.5,0.0,1,0,0
1160.44,12,3,0,77.06,642,770,1,1447.36,0,0,0,0.238,0.8012096440111576,0,0.1,0.0,0,1,0
1811.06,19,0,0,3.93,1373,731,0,1057.1,0,0,0,0.42,1.7116151592477082,0,0.0,0.0,0,0,1
437.25,19,2,0,16.31,954,2302,4,1377.48,0,0,0,0.086,0.3171972027160351,0,0.4,0.0,0,1,0
3763.61,0,3,0,65.28,1375,1593,1,2808.32,0,0,0,0.1,1.3396871840872524,1,0.1,0.0,1,0,0
1603.23,6,4,0,60.16,855,1463,5,505.88,0,0,0,0.495,3.1629379734848486,0,0.5,0.0,0,0,1
4968.38,10,1,0,9.74,45,413,3,730.43,0,0,0,0.375,6.792693764269992,0,0.3,0.0,0,1,0
1566.43,7,5,1,20.65,943,1172,2,673.73,0,0,0,0.218,2.321565663302358,0,0.2,0.0,1,0,0
3860.39,23,6,1,78.33,267,2223,5,1002.95,0,0,0,0.337,3.84520145425569,1,0.5,0.0,1,0,0
359.61,7,5,1,23.34,59,1140,2,2560.39,1,0,0,0.164,0.14039642537840782,0,0.2,0.2,0,1,0
2445.72,13,3,0,23.34,974,382,0,872.38,0,1,0,0.402,2.800293114108406,0,0.0,0.0,0,0,1
1539.98,11,6,1,36.15,64,776,0,2081.42,0,0,1,0.438,0.7395146032020438,0,0.0,0.0,1,0,0
2670.34,2,5,1,12.23,396,1080,3,2104.95,0,0,0,0.089,1.267997815712624,1,0.3,0.0,0,0,1
4635.92,14,3,0,0.33,815,964,2,1866.98,0,0,0,0.283,2.4817824601976466,0,0.2,0.0,1,0,0
1727.83,10,2,0,24.83,136,977,1,342.3,1,1,1,0.313,5.033003204194582,0,0.1,0.2,0,0,1
1391.41,8,6,1,0.86,113,853,3,1177.65,0,0,0,0.373,1.1805116022568192,0,0.3,0.0,0,0,1
448.53,0,6,1,39.49,268,1913,4,949.03,0,0,0,0.336,0.4721219329915897,1,0.4,0.0,0,1,0
532.85,5,0,0,52.84,90,2481,3,1749.85,0,1,0,0.317,0.30433789302338865,1,0.3,0.0,0,0,1
482.66,7,5,1,19.04,879,2374,2,1063.13,0,0,0,0.518,0.45357240186819275,0,0.2,0.0,0,1,0
1339.9,19,1,0,47.8,1090,487,6,2643.31,0,0,0,0.531,0.5067106352886008,0,0.6,0.0,0,0,1
1293.04,1,6,1,6.42,13,1104,4,1884.36,1,1,0,0.336,0.6858318835660033,1,0.4,0.2,0,1,0
1020.92,19,2,0,7.61,192,1043,4,2067.03,0,0,0,0.278,0.4936678868294947,0,0.4,0.0,0,1,0
534.59,17,0,0,9.87,281,862,5,3230.71,0,1,0,0.403,0.16542016455684452,0,0.5,0.0,1,0,0
620.58,13,4,0,9.28,1484,536,3,1628.67,1,0,0,0.243,0.38080102106561453,0,0.3,0.2,1,0,0
217.08,9,3,0,37.57,649,729,3,1568.59,0,0,0,0.117,0.13830363343293473,0,0.3,0.0,0,1,0
1279.43,4,1,0,20.87,115,1263,3,877.75,0,0,0,0.113,1.4559658605974397,1,0.3,0.0,0,1,0
1675.84,23,0,0,20.05,501,996,6,1650.4,0,0,0,0.236,1.0147995640062977,1,0.6,0.0,1,0,0
758.38,18,2,0,42.37,1174,1031,4,1790.56,1,0,0,0.291,0.4233070620018308,0,0.4,0.2,0,1,0
1005.24,3,6,1,54.37,795,626,2,601.48,0,0,0,0.103,1.6685035187890054,1,0.2,0.0,0,0,1
292.91,23,5,1,36.34,534,268,1,2338.87,0,0,1,0.171,0.1251821682401159,1,0.1,0.0,0,1,0
3285.07,4,5,1,51.36,904,2063,0,3448.3,0,0,0,0.166,0.9523874409300438,1,0.0,0.0,0,0,1
680.55,9,5,1,12.95,143,2020,3,3858.0,0,1,1,0.325,0.17635397771443379,0,0.3,0.0,0,0,1
1230.17,12,2,0,3.48,1264,1474,2,491.29,0,0,0,0.21,2.498872615734628,0,0.2,0.0,1,0,0
5957.9,4,2,0,13.56,740,1961,2,604.34,0,1,0,0.184,9.842237420292728,1,0.2,0.0,0,1,0
2296.06,12,3,0,29.98,783,930,6,964.56,0,1,0,0.294,2.377956833340238,0,0.6,0.0,0,0,1
4255.03,14,4,0,47.86,503,2156,3,1003.83,0,0,0,0.739,4.2345769931232145,0,0.3,0.0,0,0,1
3062.59,18,5,1,19.34,1164,1182,1,2210.08,0,0,0,0.143,1.3851104437650381,0,0.1,0.0,1,0,0
1176.85,2,0,0,21.93,515,346,4,1840.01,0,0,0,0.217,0.6392415033052509,1,0.4,0.0,1,0,0
419.38,12,2,0,29.0,1316,173,7,1925.28,0,1,0,0.133,0.21771497393940653,0,0.7,0.0,0,1,0
1287.17,16,4,0,23.24,765,1853,2,1495.56,0,1,0,0.084,0.860085796760571,0,0.2,0.0,1,0,0
9131.3,14,4,0,10.24,191,1506,4,1253.45,1,0,0,0.349,7.279126310335206,0,0.4,0.2,0,1,0
879.24,20,4,0,11.99,809,2136,5,1983.81,0,0,0,0.261,0.4429844670270706,0,0.5,0.0,0,1,0
187.08,3,0,0,36.39,563,145,2,1764.1,0,0,0,0.162,0.10598832927312901,1,0.2,0.0,0,1,0
1953.7,13,3,0,14.05,643,2104,2,1797.67,0,0,0,0.54,1.0861914636926173,0,0.2,0.0,0,0,1
7156.68,19,5,1,54.89,469,1710,2,924.89,0,1,0,0.182,7.729514305155041,0,0.2,0.0,1,0,0
815.8,21,3,0,15.57,1053,1142,3,2000.63,1,0,0,0.246,0.4075678322167433,0,0.3,0.2,0,0,1
5962.66,8,4,0,50.36,800,2365,6,389.78,0,0,0,0.422,15.25835508470239,0,0.6,0.0,0,0,1
977.98,12,3,0,16.11,391,1314,4,4705.2,0,1,0,0.2,0.20780672304619438,0,0.4,0.0,0,1,0
3554.41,23,5,1,10.43,1427,1515,0,2851.87,0,0,0,0.279,1.245906753549934,1,0.0,0.0,0,0,1
547.83,8,5,1,45.76,608,1047,1,1656.55,0,0,0,0.602,0.33050586709299873,0,0.1,0.0,0,1,0
2824.27,11,4,0,16.73,1189,361,2,1313.27,1,0,0,0.55,2.14892678064629,0,0.2,0.2,1,0,0
1764.2,17,4,0,65.75,1413,1123,5,993.13,0,0,0,0.411,1.7746170018005694,0,0.5,0.0,1,0,0
1202.58,21,6,1,32.37,1182,2449,3,1078.58,0,0,0,0.118,1.1139331962429835,0,0.3,0.0,0,1,0
7211.12,20,0,0,53.39,827,1606,4,1309.95,2,0,1,0.122,5.500682711011098,0,0.4,0.4,1,0,0
417.9,12,4,0,29.2,1198,1782,2,2554.46,0,0,0,0.229,0.16353220163884388,0,0.2,0.0,0,0,1
549.65,3,5,1,48.08,640,2446,5,1077.07,0,1,1,0.145,0.5098462994054189,1,0.5,0.0,0,1,0
10742.03,3,6,1,28.28,1451,942,4,1819.23,0,0,0,0.31,5.901468495739549,1,0.4,0.0,0,0,1
1868.1,8,0,0,9.89,1332,353,5,1311.57,0,0,0,0.256,1.4232383796673702,0,0.5,0.0,0,1,0
2697.6,16,5,1,7.1,157,1882,1,1210.5,0,0,0,0.106,2.226661163846471,0,0.1,0.0,0,0,1
1017.53,13,1,0,2.06,535,1727,2,4472.8,0,0,0,0.226,0.2274419956189369,0,0.2,0.0,0,0,1
2440.86,9,2,0,58.56,1349,1645,5,439.63,0,0,0,0.318,5.539477566212015,0,0.5,0.0,0,1,0
1466.79,22,2,0,50.25,1443,1434,4,1646.29,0,0,0,0.204,0.8904260937661249,0,0.4,0.0,0,1,0
3316.19,10,4,0,38.98,466,50,4,1752.54,1,0,0,0.074,1.8911402078082051,0,0.4,0.2,0,0,1
3520.18,9,1,0,71.09,10,1551,4,6268.76,2,0,1,0.305,0.5614537079569234,0,0.4,0.4,1,0,0
915.78,9,4,0,5.33,625,463,1,1199.73,0,0,0,0.495,0.762686032663463,0,0.1,0.0,1,0,0
2772.33,22,4,0,19.52,517,575,4,287.6,0,0,0,0.124,9.606133056133055,0,0.4,0.0,0,1,0
3482.23,10,0,0,17.63,1184,1396,3,970.79,0,0,0,0.412,3.5833153253274888,0,0.3,0.0,1,0,0
10506.85,12,5,1,40.92,970,1176,7,637.85,0,0,0,0.11,16.446505439461532,0,0.7,0.0,0,1,0
1928.25,19,1,0,37.55,246,2091,6,861.38,0,0,0,0.667,2.235963264454185,0,0.6,0.0,0,0,1
9063.02,6,5,1,27.71,1405,411,4,990.47,2,0,0,0.258,9.140992667453377,0,0.4,0.4,1,0,0
683.7,18,5,1,39.48,1372,1367,2,649.38,0,0,1,0.179,1.0512315876871983,0,0.2,0.0,0,0,1
219.01,6,5,1,3.39,700,1888,2,999.33,1,0,1,0.278,0.218937750542321,0,0.2,0.2,0,1,0
1546.93,11,4,0,46.97,1123,217,2,1970.49,1,0,0,0.114,0.7846501884361574,0,0.2,0.2,0,0,1
1673.89,13,2,0,36.86,638,1302,1,2297.08,0,0,0,0.322,0.728386305089466,0,0.1,0.0,1,0,0
2926.86,9,2,0,53.76,928,1781,3,1255.55,1,0,0,0.404,2.329282559388803,0,0.3,0.2,0,1,0
1912.19,2,2,0,25.92,912,91,7,1202.66,0,0,0,0.096,1.5886462954654967,1,0.7,0.0,1,0,0
2778.72,17,4,0,14.14,1163,2463,2,1372.92,1,0,0,0.08,2.0224758355653893,0,0.2,0.2,0,0,1
1903.46,9,2,0,22.32,66,543,5,830.8,0,0,0,0.181,2.288362587160375,0,0.5,0.0,1,0,0
1398.1,7,3,0,6.46,289,91,1,928.4,0,0,0,0.699,1.504303851947493,0,0.1,0.0,0,1,0
4360.51,4,6,1,24.29,609,512,3,1704.7,1,0,0,0.105,2.5564343084950463,1,0.3,0.2,0,1,0
1594.62,9,6,1,44.5,657,1292,0,438.21,0,0,0,0.553,3.630655039730425,0,0.0,0.0,0,1,0
2690.4,19,6,1,25.29,1201,1512,7,1051.48,1,0,0,0.085,2.5562480997263606,0,0.7,0.2,0,0,1
2510.8,10,2,0,0.66,132,743,0,1375.14,0,0,1,0.363,1.8245236676500938,0,0.0,0.0,0,1,0
882.34,13,4,0,34.54,1252,1785,3,1650.86,0,1,0,0.606,0.5341493831196349,0,0.3,0.0,1,0,0
388.9,2,2,0,46.97,1084,1579,3,617.82,1,0,0,0.48,0.6284541546814905,1,0.3,0.2,1,0,0
3851.58,4,1,0,11.29,1436,2432,1,1639.2,1,0,0,0.395,2.3482380197536883,1,0.1,0.2,0,0,1
1045.33,9,6,1,12.32,1103,1718,4,729.83,0,0,0,0.416,1.430332635496627,0,0.4,0.0,0,0,1
1386.79,10,1,0,81.21,272,618,0,291.18,0,0,0,0.398,4.746354986652063,0,0.0,0.0,1,0,0
1337.38,3,4,0,14.98,1168,251,6,6986.54,0,0,0,0.421,0.19139496875867618,1,0.6,0.0,0,1,0
1451.52,15,1,0,28.46,381,1462,5,686.56,1,0,1,0.07,2.111117575193438,0,0.5,0.2,1,0,0
1501.4,22,6,1,3.48,463,1064,3,2222.98,0,0,0,0.554,0.6750959990647398,0,0.3,0.0,0,1,0
1109.34,20,6,1,3.85,1081,888,6,1013.96,1,0,0,0.178,1.0929888862615273,0,0.6,0.2,0,0,1
1838.7,14,6,1,13.8,1499,2195,4,4170.38,0,0,0,0.304,0.4407893790544136,0,0.4,0.0,0,0,1
8021.14,19,1,0,52.18,1197,2409,1,761.45,0,0,0,0.024,10.5202177191947,0,0.1,0.0,0,1,0
1850.38,6,0,0,58.72,1117,318,2,1195.02,0,0,0,0.119,1.547114596745874,0,0.2,0.0,1,0,0
1681.02,23,6,1,31.55,454,1924,4,437.69,0,0,0,0.071,3.8319086370785747,1,0.4,0.0,1,0,0
3997.92,18,4,0,12.91,277,1333,1,830.75,0,0,0,0.092,4.8066366095581605,0,0.1,0.0,0,0,1
5892.42,14,5,1,72.75,416,1785,3,2078.39,1,1,0,0.216,2.8337252752009006,0,0.3,0.2,0,0,1
1902.45,10,6,1,6.06,183,1289,3,2573.29,1,0,0,0.388,0.7390193024095965,0,0.3,0.2,0,0,1
4539.23,8,3,0,0.77,1330,1962,1,2506.87,0,1,0,0.377,1.8099941384521525,0,0.1,0.0,1,0,0
1347.35,23,4,0,11.01,1053,2237,3,1786.72,0,0,1,0.124,0.7536694784418141,1,0.3,0.0,0,1,0
1339.7,8,4,0,35.25,1357,1636,1,1643.06,0,0,1,0.187,0.814872936510833,0,0.1,0.0,0,0,1
1837.48,17,6,1,13.01,145,1419,1,1346.76,0,0,0,0.144,1.363358461447142,0,0.1,0.0,0,1,0
5774.82,9,5,1,10.47,216,213,1,5619.37,0,1,0,0.12,1.0274803971980493,0,0.1,0.0,0,0,1
6113.87,7,6,1,4.95,1149,771,2,586.07,2,0,0,0.366,10.4142095491168,0,0.2,0.4,0,1,0
5908.47,19,0,0,5.34,1183,1276,1,3081.38,0,0,0,0.116,1.916853210830592,0,0.1,0.0,1,0,0
1317.58,11,1,0,43.81,328,2302,2,947.83,0,0,0,0.161,1.388636531306978,0,0.2,0.0,0,0,1
7061.19,17,0,0,36.3,1143,1484,3,1883.63,0,1,0,0.112,3.746724821317712,0,0.3,0.0,0,0,1
216.7,20,3,0,14.26,675,780,3,4774.5,0,0,0,0.242,0.04537744738770809,0,0.3,0.0,1,0,0
1254.33,4,0,0,73.66,782,734,2,1497.14,0,1,0,0.247,0.8372582001682085,1,0.2,0.0,0,0,1
1002.14,6,6,1,50.62,85,559,1,1334.87,0,0,0,0.333,0.7501777867606878,0,0.1,0.0,0,1,0
825.75,15,3,0,36.34,1193,1379,4,1062.62,0,0,0,0.31,0.7763580978168896,0,0.4,0.0,0,0,1
2783.95,6,4,0,41.11,1288,2374,9,1921.43,1,0,0,0.17,1.4481411546844356,0,0.9,0.2,1,0,0
962.55,17,0,0,6.14,205,2141,5,1802.58,1,0,0,0.073,0.533688552767274,0,0.5,0.2,0,1,0
1170.6,12,3,0,5.13,1205,1881,5,1560.89,0,0,0,0.179,0.7494765956629467,0,0.5,0.0,1,0,0
3825.12,22,1,0,10.85,195,571,1,1238.11,0,0,0,0.207,3.0869898556221806,0,0.1,0.0,1,0,0
1974.19,13,4,0,9.35,9,811,4,1731.91,0,0,0,0.518,1.1392340052282,0,0.4,0.0,0,0,1
4462.09,3,3,0,27.73,92,136,2,791.98,1,0,0,0.198,5.626989331382885,1,0.2,0.2,0,0,1
923.46,13,3,0,30.47,1194,942,3,10342.22,0,0,0,0.289,0.08928167437219744,0,0.3,0.0,0,1,0
2328.97,22,0,0,32.83,893,2383,5,5135.48,0,0,0,0.305,0.45341751549699405,0,0.5,0.0,1,0,0
7152.06,3,2,0,54.68,571,559,3,3442.77,1,0,0,0.115,2.0768111691547344,1,0.3,0.2,1,0,0
3371.3,18,3,0,43.6,1318,691,7,1478.92,0,0,0,0.304,2.278028542083356,0,0.7,0.0,1,0,0
2327.71,19,6,1,79.41,1486,1568,4,840.33,0,0,0,0.044,2.766702720692237,0,0.4,0.0,0,1,0
2132.71,8,3,0,11.5,437,1974,1,1457.59,0,0,0,0.168,1.4621723719482516,0,0.1,0.0,1,0,0
17747.2,15,0,0,43.86,188,2039,6,1393.31,1,0,0,0.469,12.728302888166908,0,0.6,0.2,0,0,1
930.25,3,2,0,44.84,190,196,2,1818.06,1,0,0,0.11,0.511390498389278,1,0.2,0.2,0,1,0
1301.14,14,4,0,21.65,333,2478,1,528.54,2,0,0,0.054,2.457113721343053,0,0.1,0.4,0,0,1
761.72,7,0,0,11.68,107,1490,6,448.22,0,0,0,0.18,1.6956502381906415,0,0.6,0.0,0,1,0
1307.76,6,1,0,27.54,770,1116,4,1047.05,0,0,0,0.31,1.2478030628309718,0,0.4,0.0,0,0,1
4957.73,15,3,0,10.1,991,1943,3,927.9,0,0,0,0.381,5.337205296587361,0,0.3,0.0,1,0,0
5006.18,23,3,0,6.28,620,1786,3,2290.65,0,0,1,0.691,2.1845307965876115,1,0.3,0.0,0,0,1
13046.9,17,5,1,42.13,496,628,3,4247.86,0,0,0,0.349,3.0706824889499775,0,0.3,0.0,0,0,1
4936.93,8,0,0,21.97,371,869,3,1992.52,1,0,0,0.367,2.4764888237890768,0,0.3,0.2,0,1,0
2057.62,0,4,0,55.69,887,116,2,3089.98,0,0,0,0.235,0.6656853166309714,1,0.2,0.0,1,0,0
849.69,7,6,1,7.49,1396,1869,4,1939.76,0,0,0,0.05,0.4378130217028381,0,0.4,0.0,0,1,0
795.75,8,5,1,46.92,630,838,1,469.04,0,0,1,0.631,1.6929410262956344,0,0.1,0.0,0,1,0
4763.29,21,1,0,20.72,402,1448,0,929.42,0,0,1,0.101,5.119505169708304,0,0.0,0.0,1,0,0
1167.03,7,0,0,60.67,603,1756,3,2161.68,1,0,0,0.763,0.5396221354985481,0,0.3,0.2,0,1,0
660.37,1,2,0,7.58,1313,1561,2,922.8,1,0,0,0.102,0.7148408746481922,1,0.2,0.2,1,0,0
3194.1,20,6,1,86.35,181,858,4,717.8,1,0,0,0.437,4.443656093489149,0,0.4,0.2,0,0,1
1687.51,11,0,0,24.34,216,92,3,1240.21,0,0,0,0.41,1.3595684855906736,0,0.3,0.0,1,0,0
3888.43,1,5,1,34.66,173,1332,4,971.66,1,0,0,0.556,3.9977278802459235,1,0.4,0.2,0,0,1
877.14,8,5,1,36.58,1474,1306,2,4543.61,0,0,0,0.208,0.19300666063754646,0,0.2,0.0,1,0,0
1796.79,19,6,1,13.96,40,1119,4,1877.75,0,0,0,0.357,0.956375249500998,0,0.4,0.0,0,1,0
6477.51,3,3,0,32.01,1159,2099,1,3376.7,0,0,0,0.224,1.91772803979039,1,0.1,0.0,1,0,0
650.44,18,2,0,37.22,1315,2019,5,1968.72,0,0,0,0.055,0.3302195235871089,0,0.5,0.0,0,1,0
19212.64,19,2,0,41.98,1153,548,1,1344.46,0,0,0,0.14,14.279606974566319,0,0.1,0.0,1,0,0
3707.44,7,1,0,38.33,504,2332,2,1563.09,1,0,1,0.18,2.3703495323159154,0,0.2,0.2,1,0,0
443.18,5,6,1,5.49,1080,2394,3,1107.75,1,0,0,0.194,0.39971138669673056,1,0.3,0.2,0,1,0
650.62,3,2,0,31.07,197,1893,1,1474.8,1,1,0,0.454,0.4408591950128744,1,0.1,0.2,0,0,1
1868.7,11,0,0,39.39,1461,854,3,2735.65,1,0,0,0.517,0.6828421610363035,0,0.3,0.2,1,0,0
2660.18,19,1,0,26.28,1422,315,3,999.15,0,0,0,0.486,2.659781032845073,0,0.3,0.0,0,1,0
13840.1,19,4,0,37.73,349,430,2,376.02,0,0,0,0.207,36.70919314625219,0,0.2,0.0,0,1,0
3365.53,0,6,1,44.53,480,2420,3,1602.5,0,0,0,0.205,2.098864982850016,1,0.3,0.0,0,0,1
12733.15,2,5,1,19.02,1006,1356,6,1846.66,1,0,0,0.375,6.89150060075988,1,0.6,0.2,1,0,0
1126.31,16,4,0,22.3,300,199,1,1350.45,0,0,0,0.106,0.8334085611750341,0,0.1,0.0,0,0,1
2395.11,16,3,0,69.37,281,1697,3,528.43,0,0,0,0.336,4.523940842037664,0,0.3,0.0,0,1,0
1271.31,19,2,0,20.82,800,1930,2,2631.93,1,0,1,0.39,0.4828499048588455,0,0.2,0.2,0,1,0
1621.29,1,5,1,83.64,1433,251,2,2248.14,0,0,0,0.607,0.7208488577856426,1,0.2,0.0,1,0,0
1909.04,12,1,0,5.65,169,1618,2,1724.4,0,0,0,0.276,1.1064332908311116,0,0.2,0.0,1,0,0
844.39,0,3,0,12.59,599,319,3,584.76,0,1,1,0.253,1.4415289538377491,1,0.3,0.0,0,0,1
930.85,11,4,0,59.99,226,1014,5,3359.69,0,0,0,0.36,0.27698181028300733,0,0.5,0.0,0,1,0
1864.4,1,6,1,0.86,82,2346,2,671.85,0,0,1,0.46,2.770899903396002,1,0.2,0.0,0,0,1
425.02,18,6,1,17.82,683,1170,0,792.49,1,0,0,0.428,0.5356337193915487,0,0.0,0.2,0,0,1
587.02,21,6,1,29.01,580,77,9,2769.63,1,0,0,0.173,0.21187239003403557,0,0.9,0.2,1,0,0
1978.51,6,4,0,46.24,144,1020,8,1053.58,0,0,0,0.204,1.8761118170266837,0,0.8,0.0,0,0,1
781.2,7,4,0,23.36,1201,1826,5,1237.86,0,0,0,0.107,0.6305797265227711,0,0.5,0.0,0,1,0
2886.37,18,0,0,39.64,735,356,2,837.17,0,1,0,0.047,3.443657014686758,0,0.2,0.0,1,0,0
386.48,11,5,1,32.37,1161,600,8,3575.26,1,0,0,0.325,0.10806820533182711,0,0.8,0.2,0,1,0
2632.5,14,0,0,19.94,1122,1386,2,6177.65,0,0,0,0.076,0.42606394600762304,0,0.2,0.0,0,0,1
3334.66,9,0,0,24.42,499,1436,2,3179.18,0,0,0,0.326,1.0485758667748366,0,0.2,0.0,0,1,0
4332.35,23,5,1,6.04,1461,176,4,2044.3,0,0,1,0.384,2.1181978193907987,1,0.4,0.0,1,0,0
1196.33,7,2,0,16.04,221,2241,1,1183.05,0,0,0,0.317,1.0103711836493392,0,0.1,0.0,0,1,0
3328.47,15,2,0,11.06,106,1623,1,2709.36,0,0,0,0.495,1.2280545757759116,0,0.1,0.0,1,0,0
1872.88,4,5,1,10.83,1181,1761,3,1846.72,1,0,0,0.161,1.0136167817634707,1,0.3,0.2,0,0,1
406.21,23,6,1,23.79,48,560,4,3117.21,0,0,1,0.131,0.1302702512018113,1,0.4,0.0,0,0,1
796.33,10,0,0,15.66,563,1674,2,1864.91,0,0,0,0.363,0.42677835479739107,0,0.2,0.0,0,0,1
1044.15,4,2,0,4.96,734,1651,1,468.41,1,0,0,0.583,2.2243880616092544,1,0.1,0.2,0,0,1
3186.72,23,2,0,2.41,302,828,1,4318.58,0,1,0,0.407,0.7377383912324809,1,0.1,0.0,0,1,0
6293.57,15,5,1,27.27,352,2316,1,1702.76,0,0,0,0.138,3.6939298962295157,0,0.1,0.0,1,0,0
10082.81,13,0,0,44.91,970,802,5,2965.33,1,0,0,0.511,3.399085738943408,0,0.5,0.2,0,0,1
1923.66,15,3,0,48.69,1225,585,3,686.71,0,0,0,0.351,2.797196492707682,0,0.3,0.0,0,1,0
1448.46,10,3,0,26.39,1177,899,3,2975.47,0,0,0,0.13,0.48663685506657217,0,0.3,0.0,0,1,0
1487.88,19,6,1,31.86,311,452,1,1222.0,1,0,0,0.084,1.2165821749795585,0,0.1,0.2,0,0,1
1374.64,17,2,0,38.75,927,1442,5,2147.62,0,0,0,0.329,0.6397780901229627,0,0.5,0.0,0,0,1
1878.76,0,1,0,10.05,482,1527,6,3147.34,1,0,0,0.37,0.5967462218184821,1,0.6,0.2,0,0,1
1079.75,8,6,1,52.16,875,267,3,2214.15,0,1,0,0.416,0.48743877389793017,0,0.3,0.0,0,1,0
4039.85,1,1,0,35.61,808,342,0,526.92,1,0,0,0.466,7.6523905137142,1,0.0,0.2,0,1,0
2542.19,15,5,1,12.65,404,2405,1,941.99,3,0,0,0.235,2.695882246895513,0,0.1,0.6,0,1,0
1584.05,7,3,0,43.95,947,2281,3,638.72,0,0,0,0.071,2.476161445632464,0,0.3,0.0,0,0,1
915.61,1,1,0,9.29,1053,2128,2,1552.82,2,0,0,0.123,0.5892638786989485,1,0.2,0.4,1,0,0
962.99,18,5,1,10.4,1426,769,4,2950.63,0,0,0,0.79,0.3262570173090801,0,0.4,0.0,0,1,0
1315.53,22,1,0,1.1,323,1291,1,890.17,0,0,0,0.436,1.4761829953880854,0,0.1,0.0,0,1,0
2135.25,5,2,0,30.03,243,1139,3,2143.18,1,0,0,0.202,0.9958352377132518,1,0.3,0.2,0,1,0
11272.5,20,4,0,3.74,1301,594,2,439.37,0,0,0,0.175,25.597792765174738,0,0.2,0.0,0,0,1
752.84,8,2,0,65.21,472,448,4,1859.6,2,0,0,0.217,0.4046221648930453,0,0.4,0.4,0,0,1
4012.61,13,0,0,55.38,1139,1106,7,910.63,1,0,0,0.39,4.4015773943376155,0,0.7,0.2,0,0,1
2129.63,23,0,0,86.63,534,1871,6,1799.77,0,0,0,0.305,1.1826218784186766,1,0.6,0.0,1,0,0
1389.54,15,5,1,65.56,561,1451,0,2140.64,1,1,0,0.504,0.6488205300610748,0,0.0,0.2,0,0,1
2903.07,10,1,0,12.27,896,2308,3,1231.7,0,0,0,0.126,2.355049890484303,0,0.3,0.0,0,1,0
1367.97,23,5,1,22.34,1370,1340,3,3163.23,1,0,0,0.57,0.4323231876317461,1,0.3,0.2,0,0,1
2288.8,19,2,0,10.09,782,1676,3,1220.36,1,0,0,0.389,1.8739765507303336,0,0.3,0.2,1,0,0
2395.26,10,2,0,3.65,1433,1555,3,2130.2,1,0,0,0.308,1.1239020270270272,0,0.3,0.2,1,0,0
409.11,19,6,1,11.13,313,1648,3,478.71,0,0,0,0.612,0.8528277500990182,0,0.3,0.0,0,1,0
13692.93,13,4,0,101.42,1245,908,0,907.14,0,0,0,0.132,15.07799458233312,0,0.0,0.0,0,1,0
454.47,10,2,0,14.64,1207,1505,4,2098.15,0,0,0,0.292,0.21650191744277447,0,0.4,0.0,1,0,0
712.43,5,5,1,22.01,1264,2282,0,775.74,0,0,0,0.299,0.9172052424234621,1,0.0,0.0,0,1,0
1170.98,16,1,0,14.16,1352,1122,2,930.97,0,0,0,0.602,1.2564567528997714,0,0.2,0.0,0,0,1
2584.6,3,6,1,21.25,233,2340,0,9079.56,0,0,0,0.243,0.284630022817976,1,0.0,0.0,0,0,1
2675.65,0,4,0,45.35,199,954,2,1687.52,0,0,0,0.188,1.584612560111814,1,0.2,0.0,0,0,1
8215.77,20,4,0,35.84,572,395,2,1793.6,0,0,0,0.327,4.578050819124039,0,0.2,0.0,0,0,1
3669.12,4,5,1,39.56,441,247,3,1793.39,0,0,1,0.025,2.044772875461856,1,0.3,0.0,0,0,1
555.28,23,6,1,65.6,620,1044,2,1145.52,0,0,0,0.345,0.4843177615741548,1,0.2,0.0,0,0,1
358.29,9,1,0,34.86,682,1524,2,1626.29,0,0,0,0.31,0.22017587522814006,0,0.2,0.0,0,1,0
1281.14,23,2,0,47.56,122,362,0,2194.79,0,0,0,0.224,0.5834528802845446,1,0.0,0.0,0,1,0
876.24,2,6,1,46.01,638,1278,0,330.74,0,0,0,0.293,2.6413456321215407,1,0.0,0.0,0,0,1
1213.18,15,2,0,35.77,722,1900,1,889.1,1,0,0,0.136,1.362970452758117,0,0.1,0.2,0,1,0
911.87,6,4,0,11.69,330,194,4,1759.79,1,1,0,0.235,0.5178754990657602,0,0.4,0.2,0,0,1
2135.66,3,3,0,69.92,439,1014,3,1377.52,0,1,0,0.573,1.5492412152163189,1,0.3,0.0,0,0,1
10888.26,11,0,0,53.83,1199,171,5,1143.5,0,0,0,0.07,9.513551769331587,0,0.5,0.0,0,1,0
281.76,22,2,0,2.26,458,860,2,2464.37,2,0,0,0.492,0.11428710497815744,0,0.2,0.4,1,0,0
3082.58,16,5,1,74.85,1254,1648,5,1124.47,0,0,0,0.556,2.738926848338916,0,0.5,0.0,0,1,0
3246.99,0,5,1,2.34,1143,1010,3,1205.12,0,0,0,0.117,2.6920953138991144,1,0.3,0.0,1,0,0
450.06,1,4,0,37.22,1359,1347,7,864.02,0,0,0,0.433,0.5202885482416592,1,0.7,0.0,0,1,0
860.35,2,3,0,59.11,415,931,0,5837.21,0,0,0,0.098,0.14736537397592755,1,0.0,0.0,0,0,1
6672.58,22,5,1,28.15,971,665,4,645.98,0,1,1,0.195,10.313425453646172,0,0.4,0.0,1,0,0
1182.91,1,5,1,17.71,1225,1538,3,1710.25,1,0,0,0.072,0.691254930606282,1,0.3,0.2,0,1,0
2401.33,4,1,0,13.91,123,1267,4,2131.08,0,0,0,0.322,1.1262851300138832,1,0.4,0.0,0,1,0
1982.04,0,1,0,33.71,1266,2332,1,1098.65,1,0,1,0.29,1.8024280452871366,1,0.1,0.2,0,1,0
1535.17,13,5,1,69.27,1044,2097,2,1429.35,1,0,1,0.516,1.0732827629601147,0,0.2,0.2,1,0,0
2168.77,19,6,1,1.96,492,602,3,1337.88,0,0,0,0.249,1.619838969885277,0,0.3,0.0,0,1,0
1583.29,12,2,0,31.66,823,2381,2,2566.25,0,0,0,0.11,0.6167260687506086,0,0.2,0.0,0,0,1
7317.84,16,0,0,10.97,560,2422,2,2573.59,0,0,0,0.417,2.8423321771621888,0,0.2,0.0,0,0,1
246.7,13,0,0,24.83,3,411,0,950.81,1,1,0,0.391,0.259190384635589,0,0.0,0.2,1,0,0
1298.55,10,1,0,3.08,727,923,3,1877.45,0,0,0,0.262,0.6912880300247544,0,0.3,0.0,0,0,1
130.22,17,2,0,6.78,501,991,6,780.85,0,0,0,0.065,0.16655368676856175,0,0.6,0.0,0,1,0
495.08,16,0,0,56.81,1403,790,0,642.61,0,0,0,0.127,0.7692235981417318,0,0.0,0.0,0,1,0
849.21,2,2,0,33.46,1357,1670,2,851.5,1,0,0,0.36,0.9961407624633432,1,0.2,0.2,0,0,1
2768.52,14,3,0,82.82,950,1512,0,2203.92,0,0,1,0.067,1.25561018086824,0,0.0,0.0,0,1,0
2246.58,15,0,0,57.56,1028,2218,3,996.75,0,0,0,0.154,2.2516462039589076,0,0.3,0.0,0,1,0
582.15,15,2,0,75.47,295,188,3,1493.26,0,0,0,0.278,0.38959083425909813,0,0.3,0.0,1,0,0
508.34,12,3,0,72.84,260,1148,2,2407.94,1,0,0,0.143,0.21102227535762616,0,0.2,0.2,0,1,0
2524.09,2,6,1,44.12,464,1840,3,667.02,0,0,0,0.139,3.778464716625251,1,0.3,0.0,0,1,0
680.08,3,3,0,18.24,1444,218,1,1143.25,0,1,0,0.19,0.5943456412497269,1,0.1,0.0,1,0,0
579.52,11,4,0,15.41,248,2447,2,2686.23,1,0,0,0.232,0.215657014844282,0,0.2,0.2,0,0,1
683.99,18,4,0,23.91,1048,1941,5,1791.59,0,0,0,0.572,0.38156522127201425,0,0.5,0.0,1,0,0
1040.57,23,5,1,21.41,712,1264,3,1649.6,1,0,0,0.247,0.6304192414879438,1,0.3,0.2,0,0,1
22502.9,4,2,0,8.25,936,811,1,1258.47,0,0,0,0.421,17.866959911708893,1,0.1,0.0,1,0,0
1381.11,0,5,1,2.11,1035,615,2,3019.31,1,0,0,0.168,0.4572742533051243,1,0.2,0.2,1,0,0
3243.07,0,3,0,51.21,1017,2121,4,2300.4,0,1,0,0.169,1.409172677500652,1,0.4,0.0,1,0,0
1172.62,8,2,0,6.05,1343,1334,1,2286.36,0,0,0,0.133,0.5126521404588695,0,0.1,0.0,0,0,1
3412.77,22,0,0,80.22,882,649,2,1358.92,1,0,0,0.069,2.5095373257250424,0,0.2,0.2,0,1,0
701.29,23,6,1,9.73,1290,1583,5,2453.57,0,0,0,0.283,0.2857078836619041,1,0.5,0.0,1,0,0
1389.78,1,4,0,8.34,1424,987,4,844.53,0,0,0,0.497,1.6436791125093138,1,0.4,0.0,0,0,1
1017.2,13,4,0,15.69,1102,925,0,1669.65,1,0,1,0.299,0.6088648130966989,0,0.0,0.2,1,0,0
414.9,3,2,0,37.47,571,1161,2,711.62,0,0,0,0.256,0.582217731750442,1,0.2,0.0,0,1,0
2954.63,12,4,0,13.37,540,2211,2,3121.59,1,0,1,0.081,0.9462113181685716,0,0.2,0.2,0,1,0
1586.43,12,3,0,69.46,464,1159,1,4416.61,1,0,0,0.495,0.35911499657054385,0,0.1,0.2,0,0,1
268.69,4,6,1,33.81,1459,30,1,1842.05,0,1,0,0.099,0.14578551856976207,1,0.1,0.0,0,0,1
1983.58,3,4,0,25.78,1337,1020,3,1600.11,0,0,0,0.293,1.2388780283678198,1,0.3,0.0,0,0,1
908.09,1,3,0,24.76,906,1276,1,1023.49,0,0,0,0.342,0.8863824927524915,1,0.1,0.0,0,1,0
310.23,14,3,0,26.11,1392,1515,3,2406.81,0,0,0,0.458,0.12884322267953038,0,0.3,0.0,1,0,0
2612.69,14,0,0,15.42,450,1510,0,2357.55,1,1,1,0.086,1.1077526446333552,0,0.0,0.2,0,0,1
7879.5,2,3,0,54.24,201,1347,4,3345.92,1,0,0,0.066,2.354254060449607,1,0.4,0.2,1,0,0
8527.36,1,6,1,7.18,25,1911,7,927.58,0,1,0,0.427,9.18322600099076,1,0.7,0.0,1,0,0
761.63,9,1,0,5.13,988,742,1,914.71,0,0,0,0.576,0.8317371220146116,0,0.1,0.0,0,0,1
227.9,2,1,0,31.27,123,1713,0,4269.76,0,0,0,0.192,0.053362867498993154,1,0.0,0.0,0,1,0
350.95,6,0,0,16.22,625,153,1,1027.32,0,0,0,0.513,0.3412848140656605,0,0.1,0.0,1,0,0
387.57,5,2,0,41.17,550,1189,2,2515.96,0,1,0,0.118,0.1539833767719789,1,0.2,0.0,0,1,0
5247.2,17,0,0,17.02,1466,319,3,2242.98,1,0,0,0.133,2.3383452615442204,0,0.3,0.2,0,1,0
866.66,4,0,0,64.73,1278,1106,3,2488.08,0,0,0,0.294,0.34818487151879407,1,0.3,0.0,0,1,0
575.77,3,2,0,9.75,279,1534,2,3283.87,0,0,0,0.326,0.175279387007705,1,0.2,0.0,0,1,0
2706.36,21,0,0,76.83,1479,348,0,7747.42,0,0,0,0.189,0.349278949772986,0,0.0,0.0,0,1,0
1891.86,1,4,0,41.44,87,1955,6,2181.44,0,0,0,0.371,0.8668554461978335,1,0.6,0.0,0,0,1
396.46,21,4,0,57.0,872,2119,3,690.34,0,0,1,0.137,0.5734660225070153,0,0.3,0.0,0,0,1
856.9,11,1,0,23.35,848,499,7,1250.07,0,1,0,0.335,0.6849336967555772,0,0.7,0.0,0,1,0
964.69,9,1,0,47.05,760,1064,1,1569.97,0,0,0,0.243,0.6140728339815528,0,0.1,0.0,0,0,1
19843.32,18,3,0,24.62,161,1685,0,878.28,2,0,0,0.38,22.56769174779365,0,0.0,0.4,0,1,0
1467.87,9,1,0,17.76,4,1192,0,3078.26,1,0,0,0.193,0.47669569961614144,0,0.0,0.2,1,0,0
1318.12,11,5,1,16.44,483,130,3,1481.55,1,0,0,0.162,0.889089744022124,0,0.3,0.2,1,0,0
664.43,0,4,0,29.9,1194,1697,2,1063.71,0,0,0,0.061,0.6240478627983206,1,0.2,0.0,0,1,0
7326.85,2,4,0,62.71,540,1883,4,2061.33,1,0,0,0.313,3.5527049502262007,1,0.4,0.2,1,0,0
3248.03,10,3,0,40.78,824,880,3,2373.29,0,0,0,0.168,1.3680005391085337,0,0.3,0.0,0,0,1
4291.43,12,3,0,1.96,674,2443,1,839.23,1,1,0,0.25,5.107446770527118,0,0.1,0.2,1,0,0
1454.63,7,6,1,35.4,590,2396,2,2686.09,0,0,0,0.228,0.5413402602815686,0,0.2,0.0,0,0,1
363.84,2,2,0,14.64,996,728,8,2569.42,0,0,1,0.456,0.14154885193859368,1,0.8,0.0,0,0,1
1417.37,12,5,1,25.91,606,2047,8,255.44,1,0,1,0.143,5.527101856184682,0,0.8,0.2,0,0,1
915.83,22,4,0,11.76,1223,684,2,1026.73,0,0,0,0.112,0.8911192628414077,0,0.2,0.0,0,1,0
285.38,6,4,0,27.07,1045,2292,1,2459.31,1,0,1,0.259,0.11599351301258784,0,0.1,0.2,0,0,1
899.34,16,1,0,25.89,1288,1386,2,1814.25,1,0,0,0.337,0.49543589037322683,0,0.2,0.2,0,0,1
2045.83,8,4,0,44.56,1481,2329,3,1508.75,0,0,0,0.207,1.3550786554065242,0,0.3,0.0,0,0,1
8809.17,4,3,0,40.65,309,175,3,1471.95,0,0,0,0.332,5.980630707084423,1,0.3,0.0,1,0,0
1373.96,18,5,1,32.61,51,207,4,1978.04,1,0,0,0.24,0.6942558007923034,0,0.4,0.2,0,0,1
598.78,20,0,0,12.79,875,2346,2,1075.49,0,0,0,0.477,0.5562336854034873,0,0.2,0.0,0,1,0
1969.86,20,2,0,17.32,789,1436,1,3040.27,0,0,0,0.447,0.6477096739191193,0,0.1,0.0,1,0,0
1474.98,2,3,0,64.79,1277,1632,6,2225.89,0,0,0,0.137,0.6623497343829287,1,0.6,0.0,1,0,0
10148.75,20,2,0,10.81,1109,268,4,1880.23,0,0,0,0.252,5.394741738118146,0,0.4,0.0,0,0,1
5933.35,17,2,0,34.57,627,2038,5,1358.87,0,0,0,0.246,4.363174421084369,0,0.5,0.0,0,0,1
2295.55,22,2,0,22.48,1247,1030,4,2302.03,0,1,1,0.213,0.9967521048358032,0,0.4,0.0,0,0,1
1429.18,6,6,1,18.3,455,211,3,4872.5,0,0,0,0.267,0.2932553606237817,0,0.3,0.0,1,0,0
2420.77,6,0,0,36.23,407,447,1,2420.19,0,0,0,0.069,0.9998265315815776,0,0.1,0.0,0,1,0
890.03,18,1,0,27.85,823,1629,3,717.52,0,0,0,0.427,1.2386989923732117,0,0.3,0.0,0,1,0
1965.08,20,2,0,38.5,1446,1193,3,787.47,0,0,0,0.239,2.4922698390553855,0,0.3,0.0,0,1,0
1175.04,7,3,0,0.73,1318,1372,1,1162.78,0,0,0,0.166,1.0096753681967383,0,0.1,0.0,0,1,0
1502.64,20,5,1,48.95,223,160,2,763.58,1,1,0,0.163,1.9653142901985403,0,0.2,0.2,0,1,0
16360.48,10,6,1,8.47,314,1033,4,1450.55,0,0,0,0.25,11.271041300678585,0,0.4,0.0,1,0,0
2159.63,13,4,0,6.63,190,528,1,3092.2,0,0,0,0.194,0.6981863442389759,0,0.1,0.0,0,0,1
1459.54,21,4,0,52.53,421,1626,2,2207.83,0,0,0,0.443,0.6607751615108451,0,0.2,0.0,0,1,0
2936.88,15,4,0,30.86,844,1496,2,3457.74,0,0,0,0.122,0.84911846510579,0,0.2,0.0,1,0,0
2377.25,12,0,0,21.08,901,2191,2,1019.04,0,1,0,0.206,2.3305458609466294,0,0.2,0.0,0,1,0
916.75,7,6,1,7.46,1036,247,3,1072.48,0,0,1,0.577,0.8539982114245258,0,0.3,0.0,0,1,0
2620.27,1,3,0,13.2,280,1822,3,613.85,0,0,0,0.607,4.261641050662763,1,0.3,0.0,0,0,1
6186.87,7,0,0,25.52,215,729,3,1154.55,0,0,0,0.218,5.354047855999307,0,0.3,0.0,1,0,0
3185.7,1,3,0,6.71,999,46,3,486.65,0,0,0,0.091,6.532759151030452,1,0.3,0.0,1,0,0
4091.3,21,0,0,7.99,320,2003,0,1637.53,0,0,0,0.452,2.4969332267337188,0,0.0,0.0,0,1,0
2568.89,6,2,0,12.62,347,295,2,780.69,0,0,0,0.439,3.2863283398789798,0,0.2,0.0,1,0,0
4398.43,10,2,0,20.5,456,540,5,914.52,0,0,0,0.529,4.804297011534429,0,0.5,0.0,1,0,0
2038.05,9,4,0,10.09,137,1635,4,983.25,0,0,0,0.272,2.0706629413258826,0,0.4,0.0,0,1,0
751.35,8,4,0,28.93,318,66,3,3482.62,0,0,0,0.358,0.21568081478462062,0,0.3,0.0,1,0,0
2974.81,16,0,0,6.86,275,1217,3,1053.99,0,0,0,0.237,2.8197518459890616,0,0.3,0.0,0,0,1
758.35,20,3,0,25.89,1189,161,3,1318.06,0,0,0,0.184,0.5749169863387564,0,0.3,0.0,0,1,0
1403.31,17,3,0,1.83,76,1662,5,4195.82,0,0,0,0.15,0.334374597909846,0,0.5,0.0,0,0,1
1074.47,3,2,0,23.3,806,724,1,5613.32,0,0,0,0.243,0.19138025620199775,1,0.1,0.0,1,0,0
898.78,1,3,0,22.24,715,1495,1,2659.66,0,0,0,0.251,0.337803402163373,1,0.1,0.0,0,0,1
4519.35,13,0,0,52.24,236,1368,3,1249.39,1,0,0,0.147,3.6143523220755123,0,0.3,0.2,0,1,0
6338.36,17,3,0,11.96,806,642,4,745.25,0,0,1,0.149,8.493614740368509,0,0.4,0.0,1,0,0
14155.48,6,4,0,10.56,263,827,6,1336.45,0,0,0,0.262,10.583932109611574,0,0.6,0.0,1,0,0
1749.31,21,5,1,67.13,847,679,4,1034.83,0,0,0,0.352,1.688800285761177,0,0.4,0.0,0,1,0
317.41,0,3,0,18.54,711,1740,6,1201.53,0,1,0,0.226,0.2639518348814583,1,0.6,0.0,1,0,0
4229.46,13,1,0,24.3,1472,158,3,4946.77,0,1,0,0.248,0.8548214650236369,0,0.3,0.0,0,0,1
1591.39,5,2,0,11.45,1391,722,5,2504.98,0,0,1,0.236,0.6350369915162931,1,0.5,0.0,0,1,0
895.16,23,3,0,34.08,1046,2398,3,1408.38,0,0,0,0.589,0.6351445316380252,1,0.3,0.0,0,1,0
7799.07,17,6,1,76.06,438,745,2,810.79,0,0,1,0.112,9.607250643639365,0,0.2,0.0,1,0,0
2712.88,9,3,0,4.34,1432,2073,4,2317.52,0,1,0,0.394,1.1700912651174025,0,0.4,0.0,1,0,0
417.57,20,2,0,18.28,29,2320,0,1155.8,1,1,1,0.242,0.3609699170124481,0,0.0,0.2,0,0,1
616.92,15,2,0,46.88,1042,1433,4,1033.27,0,1,0,0.351,0.5964786757809856,0,0.4,0.0,0,0,1
6340.89,15,4,0,3.83,1204,1608,6,1976.56,2,0,0,0.111,3.20642104411497,0,0.6,0.4,1,0,0
27085.74,11,5,1,52.95,45,1445,1,1355.29,0,0,0,0.233,19.970463543932347,0,0.1,0.0,0,1,0
247.44,2,0,0,23.63,4,2222,1,627.18,0,0,0,0.197,0.39389983762615816,1,0.1,0.0,0,0,1
2276.49,15,5,1,58.58,83,1917,1,4469.04,0,0,0,0.037,0.5092773219031597,0,0.1,0.0,0,1,0
2701.69,12,5,1,51.55,1408,1234,3,1241.07,0,0,0,0.068,2.175151158952394,0,0.3,0.0,0,1,0
1226.57,14,3,0,37.09,259,2201,5,2891.86,0,1,0,0.219,0.4239990874083087,0,0.5,0.0,0,1,0
14630.13,2,3,0,36.85,3,2410,1,3109.53,1,0,0,0.401,4.703420317437864,1,0.1,0.2,0,0,1
4005.8,22,2,0,8.74,264,2135,2,1663.58,0,1,0,0.385,2.4064929291472925,0,0.2,0.0,0,1,0
4349.67,15,2,0,8.75,197,825,4,2477.9,1,0,0,0.42,1.7546774779135907,0,0.4,0.2,1,0,0
5440.1,11,2,0,43.15,187,276,1,1098.24,0,0,0,0.233,4.948964739274408,0,0.1,0.0,0,0,1
1024.09,8,6,1,4.31,306,616,2,704.39,0,1,0,0.35,1.4518068019109995,0,0.2,0.0,0,0,1
5430.67,0,3,0,94.42,809,1894,5,2845.55,0,0,0,0.396,1.9078076970367637,1,0.5,0.0,0,0,1
1849.6,20,5,1,34.74,120,1554,4,4276.9,0,0,0,0.158,0.43236167278337506,0,0.4,0.0,1,0,0
630.75,5,2,0,6.32,1121,2392,0,613.34,0,0,0,0.234,1.026711592928997,1,0.0,0.0,0,1,0
3624.61,17,5,1,56.14,1111,2344,3,1125.66,1,0,0,0.348,3.217128503718957,0,0.3,0.2,1,0,0
6094.22,6,4,0,19.56,223,2439,4,2286.0,1,0,0,0.285,2.6647223436816794,0,0.4,0.2,1,0,0
1741.17,4,6,1,53.22,623,249,5,701.22,1,0,0,0.285,2.479522087095212,1,0.5,0.2,0,1,0
5067.93,15,2,0,39.13,1340,1364,2,1315.37,0,0,0,0.701,3.8499282116730105,0,0.2,0.0,1,0,0
156.07,1,1,0,34.03,1032,951,2,1591.16,0,1,0,0.459,0.09802406793287106,1,0.2,0.0,0,1,0
1323.65,14,2,0,26.67,1066,1392,3,2386.59,0,0,1,0.221,0.5543874785871946,0,0.3,0.0,0,1,0
755.67,2,6,1,49.84,1202,2446,2,746.73,0,0,0,0.398,1.0106188062535941,1,0.2,0.0,0,1,0
928.5,0,6,1,49.58,715,1001,4,2580.58,0,0,0,0.484,0.3596634619109228,1,0.4,0.0,0,1,0
497.2,7,1,0,24.61,179,1135,2,7125.77,0,0,0,0.36,0.06976512501455778,0,0.2,0.0,1,0,0
1042.9,6,4,0,1.4,409,2271,2,1839.2,0,0,0,0.243,0.5667318769698946,0,0.2,0.0,0,1,0
2084.02,17,1,0,3.56,202,1769,3,1299.04,0,0,1,0.228,1.6030429832928217,0,0.3,0.0,0,0,1
5627.6,5,1,0,46.27,86,1401,4,2363.3,0,0,0,0.112,2.3802393943239015,1,0.4,0.0,0,0,1
13675.34,17,5,1,72.34,717,57,4,3401.64,0,0,0,0.139,4.019038158606259,0,0.4,0.0,0,0,1
5000.26,15,0,0,34.78,1010,284,2,4020.88,1,0,1,0.283,1.2432643440381115,0,0.2,0.2,0,1,0
2722.19,15,4,0,27.75,291,1233,2,1861.31,0,0,0,0.213,1.4617276393296499,0,0.2,0.0,0,1,0
394.21,15,4,0,13.26,803,1433,1,3046.1,0,0,0,0.229,0.12937218995110106,0,0.1,0.0,0,0,1
1631.1,6,4,0,72.86,559,1334,0,2306.49,0,1,0,0.638,0.706871969109292,0,0.0,0.0,0,1,0
1135.32,4,6,1,46.66,450,2092,2,718.32,0,0,1,0.348,1.5783239726408274,1,0.2,0.0,0,1,0
1155.0,20,6,1,3.02,74,1855,3,1096.55,1,0,0,0.342,1.052343856771901,0,0.3,0.2,1,0,0
5745.09,22,3,0,11.51,681,342,6,2385.51,0,0,1,0.104,2.4073186368378927,0,0.6,0.0,0,1,0
645.56,18,0,0,33.64,1424,2231,4,1429.39,0,0,0,0.432,0.4513174728570529,0,0.4,0.0,0,0,1
2162.0,23,6,1,9.88,399,1459,2,1772.45,0,0,0,0.018,1.219092728861823,1,0.2,0.0,1,0,0
391.17,2,3,0,27.34,1254,353,3,291.82,2,0,0,0.083,1.3358718666757736,1,0.3,0.4,0,1,0
4525.17,14,0,0,39.36,901,205,3,1973.1,0,0,0,0.191,2.2922698951420903,0,0.3,0.0,0,0,1
1625.77,9,0,0,38.9,1392,2327,1,1089.19,1,0,0,0.273,1.4912721635678183,0,0.1,0.2,0,0,1
521.87,13,4,0,50.15,607,1000,1,11275.02,0,1,0,0.566,0.04628140070698704,0,0.1,0.0,0,1,0
700.64,14,1,0,48.43,767,1865,2,4203.38,0,1,0,0.184,0.1666452604188965,0,0.2,0.0,0,0,1
1971.86,17,1,0,27.82,1151,132,1,1595.97,0,0,0,0.275,1.2347508093451973,0,0.1,0.0,0,0,1
2347.22,5,4,0,76.19,1321,1577,3,5394.63,0,1,0,0.248,0.43502241628873733,1,0.3,0.0,0,0,1
1342.15,14,3,0,64.79,63,2122,3,562.48,0,0,0,0.136,2.381894654646128,0,0.3,0.0,1,0,0
518.82,10,6,1,53.59,496,447,3,2290.23,0,0,0,0.245,0.22643732842185205,0,0.3,0.0,0,1,0
2584.08,15,5,1,51.12,445,1695,7,3711.69,0,0,0,0.059,0.6960128639881056,0,0.7,0.0,1,0,0
281.02,12,6,1,5.63,1053,1906,5,3213.36,0,0,0,0.112,0.08742642392264711,0,0.5,0.0,0,1,0
1683.85,8,3,0,11.25,570,1468,1,3773.05,0,0,0,0.05,0.4461652601316887,0,0.1,0.0,1,0,0
627.37,13,6,1,5.88,1103,1635,7,2109.85,1,0,0,0.117,0.2972120235923917,0,0.7,0.2,0,0,1
2023.77,19,4,0,54.49,894,2048,3,2813.99,1,0,0,0.213,0.7189261773576461,0,0.3,0.2,0,1,0
689.55,6,0,0,8.25,802,2461,3,2378.55,0,1,0,0.528,0.28978168141035066,0,0.3,0.0,0,1,0
2151.17,11,0,0,29.77,244,1008,3,871.93,0,0,0,0.488,2.464309853023725,0,0.3,0.0,0,1,0
952.19,0,3,0,18.9,874,912,2,2427.24,0,0,1,0.181,0.3921317497446711,1,0.2,0.0,0,0,1
4161.09,21,3,0,33.11,1021,1178,6,1244.94,0,0,1,0.086,3.3397194086392603,0,0.6,0.0,0,0,1
2149.92,4,5,1,2.62,872,1721,1,2207.25,0,0,0,0.56,0.9735854183176724,1,0.1,0.0,1,0,0
1378.77,10,5,1,65.84,554,2116,7,1584.74,0,0,0,0.205,0.8694804949108933,0,0.7,0.0,0,1,0
222.43,23,5,1,1.66,412,999,0,790.86,0,0,0,0.11,0.28089561286085923,1,0.0,0.0,0,1,0
823.37,8,2,0,8.3,1417,82,2,1314.1,0,0,1,0.422,0.6260892707778877,0,0.2,0.0,0,1,0
10615.95,13,6,1,36.28,301,160,3,1252.49,1,0,0,0.32,8.469114233061294,0,0.3,0.2,0,0,1
1863.36,20,3,0,35.45,1023,2253,3,1596.26,0,0,0,0.364,1.1665977987303255,0,0.3,0.0,0,1,0
1811.52,6,2,0,39.34,1284,1838,2,2855.94,0,0,0,0.383,0.6340770194683822,0,0.2,0.0,1,0,0
2526.86,15,2,0,71.98,1351,942,4,1762.76,0,0,0,0.45,1.4326552365401188,0,0.4,0.0,0,1,0
2472.39,12,6,1,40.99,790,871,4,393.26,0,0,0,0.384,6.270963323695024,0,0.4,0.0,0,1,0
3090.04,0,0,0,18.98,1493,1484,4,1281.02,0,0,0,0.181,2.4102900110762704,1,0.4,0.0,0,1,0
1474.75,17,6,1,11.32,1046,149,4,149.37,0,0,0,0.375,9.807474895258363,0,0.4,0.0,0,0,1
685.86,17,3,0,103.6,1391,969,4,1104.1,0,0,0,0.338,0.620631617048231,0,0.4,0.0,1,0,0
950.46,19,1,0,7.66,433,2411,1,1175.62,3,0,0,0.179,0.8077884108718194,0,0.1,0.6,1,0,0
4663.63,19,6,1,0.68,247,2420,1,490.16,1,0,0,0.078,9.495133968564215,0,0.1,0.2,0,0,1
244.01,3,3,0,0.89,413,610,2,2176.48,1,0,0,0.342,0.11206073075298051,1,0.2,0.2,0,1,0
567.11,13,1,0,41.15,1283,2129,0,1709.42,0,1,1,0.208,0.3315618386127384,0,0.0,0.0,1,0,0
518.06,18,0,0,15.68,264,707,4,1222.59,0,0,0,0.111,0.42339345695862174,0,0.4,0.0,1,0,0
3881.88,3,1,0,9.47,167,153,2,666.36,0,1,1,0.181,5.816770558619036,1,0.2,0.0,1,0,0
750.26,16,0,0,25.33,1409,412,4,2292.74,0,1,0,0.296,0.3270902543444331,0,0.4,0.0,0,1,0
1404.89,22,1,0,11.91,1178,622,2,432.94,0,0,0,0.086,3.237521316311011,0,0.2,0.0,1,0,0
7959.82,1,6,1,41.54,1418,2122,0,1332.64,0,1,0,0.176,5.9684922467832395,1,0.0,0.0,1,0,0
5979.18,14,6,1,111.99,590,2051,4,448.58,0,0,0,0.364,13.299479514213267,0,0.4,0.0,1,0,0
1026.0,23,3,0,42.63,460,481,7,1660.02,0,0,0,0.285,0.6176927430133292,1,0.7,0.0,0,1,0
3362.18,2,3,0,23.71,1263,2120,2,711.45,0,0,0,0.306,4.719180293353919,1,0.2,0.0,0,0,1
1302.12,3,2,0,44.97,492,2366,2,3901.14,0,0,0,0.465,0.333693819288903,1,0.2,0.0,0,1,0
3925.71,12,5,1,11.51,966,1517,3,1424.85,1,0,0,0.17,2.7532419258687804,0,0.3,0.2,0,1,0
529.88,20,5,1,2.95,585,1234,2,1441.08,0,0,1,0.293,0.36744147342727174,0,0.2,0.0,0,1,0
7128.68,13,5,1,43.4,1000,1633,3,490.8,0,0,0,0.199,14.49507930052867,0,0.3,0.0,1,0,0
2255.41,19,2,0,10.68,36,87,1,2362.39,0,0,0,0.135,0.9543113916873643,0,0.1,0.0,0,0,1
917.54,6,6,1,17.68,1401,81,2,1290.81,0,0,0,0.444,0.7102747308040657,0,0.2,0.0,0,0,1
1437.42,19,5,1,25.49,227,1319,2,1442.01,0,1,0,0.011,0.996126152971913,0,0.2,0.0,0,1,0
242.04,18,3,0,32.32,1068,1437,2,820.68,0,0,0,0.13,0.2945672281180022,0,0.2,0.0,0,1,0
2105.68,17,6,1,11.05,1062,2356,4,1251.74,0,0,0,0.138,1.6808595558535688,0,0.4,0.0,0,1,0
1069.21,16,6,1,52.24,868,2475,1,1601.38,0,0,0,0.1,0.6672636952533106,0,0.1,0.0,0,1,0
3439.11,2,0,0,5.62,630,1655,3,1709.57,0,0,0,0.347,2.0105052701731005,1,0.3,0.0,0,0,1
2354.26,23,3,0,57.42,303,1676,4,2244.28,0,1,0,0.208,1.0485373761847074,1,0.4,0.0,0,0,1
686.39,4,5,1,71.86,882,875,1,5504.24,1,0,0,0.547,0.1246793963569254,1,0.1,0.2,0,1,0
2277.34,15,5,1,16.45,442,1210,2,975.37,0,0,0,0.288,2.332455933713654,0,0.2,0.0,0,1,0
4223.03,11,0,0,4.86,308,1130,5,1401.19,0,1,0,0.056,3.011738780051205,0,0.5,0.0,0,1,0
3104.56,13,3,0,3.66,1198,1301,2,961.64,0,0,0,0.035,3.2250477852572095,0,0.2,0.0,0,1,0
8295.3,20,1,0,25.15,1203,1200,1,4817.15,1,0,1,0.744,1.7216774073036332,0,0.1,0.2,0,0,1
1727.21,15,2,0,16.61,1317,309,3,2650.93,0,0,0,0.199,0.6513030132771227,0,0.3,0.0,1,0,0
1120.28,3,6,1,22.75,529,166,3,783.65,0,0,0,0.441,1.4277448543936788,1,0.3,0.0,0,0,1
12374.65,1,2,0,1.33,1170,703,4,992.12,1,0,0,0.351,12.460377396487836,1,0.4,0.2,0,1,0
4135.3,0,1,0,61.41,747,966,4,810.15,1,0,0,0.35,5.098070640448746,1,0.4,0.2,0,0,1
383.91,13,2,0,17.53,306,547,1,1398.48,1,0,0,0.319,0.2743233200903193,0,0.1,0.2,0,1,0
2066.22,2,0,0,10.11,101,313,3,898.56,0,1,0,0.166,2.296922940104051,1,0.3,0.0,0,0,1
3347.95,3,1,0,25.04,824,749,3,3857.68,1,0,0,0.41,0.867641265925135,1,0.3,0.2,0,1,0
1316.54,21,2,0,66.69,609,1883,4,1392.65,0,0,0,0.147,0.9446704696301079,0,0.4,0.0,0,1,0
1652.42,2,3,0,16.31,379,2005,4,1866.55,0,0,0,0.285,0.8848062970201601,1,0.4,0.0,0,0,1
2426.69,11,3,0,23.44,789,1373,4,1583.99,2,0,0,0.134,1.5310443599013244,0,0.4,0.4,1,0,0
615.01,0,0,0,60.0,350,1650,2,4280.23,0,0,0,0.222,0.14365264188095478,1,0.2,0.0,0,1,0
1347.79,5,2,0,25.1,1380,698,3,1369.75,0,0,0,0.48,0.9832500455954769,1,0.3,0.0,0,1,0
3025.24,10,0,0,68.65,132,645,2,392.98,0,0,0,0.164,7.678663891568099,0,0.2,0.0,0,1,0
440.86,2,2,0,14.88,320,1348,4,644.59,0,0,0,0.182,0.6828792267538221,1,0.4,0.0,1,0,0
473.36,6,2,0,0.68,1330,2008,1,1189.32,1,0,0,0.024,0.3976745749042275,0,0.1,0.2,0,0,1
3423.17,5,4,0,80.22,331,351,0,1010.35,0,0,0,0.674,3.384753052850151,1,0.0,0.0,0,1,0
2745.54,15,4,0,21.92,593,1846,4,747.76,0,0,0,0.323,3.6667824135904694,0,0.4,0.0,1,0,0
2071.43,9,5,1,54.94,927,2462,2,944.07,0,0,0,0.171,2.191827060429386,0,0.2,0.0,1,0,0
4425.04,1,1,0,21.04,1286,2025,5,1885.37,1,0,0,0.34,2.3457964238192934,1,0.5,0.2,0,1,0
12554.34,10,3,0,30.17,1095,523,4,463.0,0,0,0,0.572,27.056767241379312,0,0.4,0.0,0,1,0
2084.54,8,3,0,29.8,774,617,5,1754.93,2,0,0,0.19,1.1871429954497046,0,0.5,0.4,0,1,0
1229.85,16,2,0,5.75,693,33,5,858.76,0,0,0,0.02,1.4304573369312366,0,0.5,0.0,0,0,1
350.43,0,4,0,74.54,227,982,3,4151.18,0,0,0,0.283,0.08439663020389289,1,0.3,0.0,0,0,1
1236.61,16,4,0,12.78,901,1130,5,2438.81,1,0,0,0.57,0.5068468446313442,0,0.5,0.2,0,0,1
11899.09,8,1,0,34.06,900,259,2,868.94,0,0,0,0.368,13.67805825689128,0,0.2,0.0,0,0,1
320.38,11,6,1,21.11,141,168,4,871.31,0,0,0,0.39,0.3672776879778978,0,0.4,0.0,0,0,1
1187.02,18,6,1,32.74,444,2215,2,2200.12,0,0,0,0.02,0.5392800029076107,0,0.2,0.0,0,0,1
1078.1,2,2,0,108.8,583,712,7,567.69,0,0,0,0.389,1.8957604318697354,1,0.7,0.0,0,1,0
485.96,0,2,0,34.81,16,1261,0,1521.82,0,0,0,0.435,0.3191184775613664,1,0.0,0.0,0,1,0
11622.55,21,6,1,14.32,575,2171,4,1493.57,0,0,0,0.303,7.7765176605980315,0,0.4,0.0,0,0,1
1330.89,6,3,0,52.93,1182,865,3,363.0,1,0,0,0.015,3.656291208791209,0,0.3,0.2,0,0,1
3574.1,18,1,0,18.73,706,2110,0,1718.55,0,0,0,0.107,2.0785089122154052,0,0.0,0.0,0,0,1
2867.19,23,0,0,131.49,767,2237,1,1295.8,2,0,0,0.34,2.21097316471314,1,0.1,0.4,0,1,0
1258.15,4,0,0,63.67,1010,1701,3,790.23,0,0,0,0.075,1.5901191815274953,1,0.3,0.0,0,1,0
779.65,7,1,0,6.39,1011,425,2,639.04,0,0,0,0.331,1.218126992062996,0,0.2,0.0,0,1,0
1129.1,0,4,0,65.56,1002,506,1,839.61,1,0,0,0.114,1.343191253970331,1,0.1,0.2,1,0,0
2943.09,12,4,0,9.38,828,1932,4,1522.03,0,0,0,0.068,1.9323913514507267,0,0.4,0.0,0,0,1
2180.46,19,6,1,55.09,1215,1550,2,2790.35,0,0,0,0.064,0.781148906443119,0,0.2,0.0,1,0,0
495.07,17,3,0,18.11,1363,656,2,1590.53,0,0,0,0.057,0.3110654527404447,0,0.2,0.0,0,0,1
2627.87,9,4,0,57.88,942,94,6,3160.29,1,0,0,0.483,0.8312650848229678,0,0.6,0.2,0,0,1
3756.42,15,6,1,84.05,1214,907,2,677.21,0,0,0,0.217,5.538726942982262,0,0.2,0.0,0,1,0
1890.31,11,3,0,52.42,636,2273,1,1490.57,0,0,0,0.096,1.2673290559611685,0,0.1,0.0,0,0,1
2974.56,16,6,1,1.15,1293,1677,2,2172.01,1,1,0,0.322,1.3688662270307084,0,0.2,0.2,1,0,0
659.34,4,5,1,30.03,1128,2271,5,1318.07,0,0,0,0.38,0.49985216857331305,1,0.5,0.0,0,0,1
2095.16,4,4,0,17.3,1363,395,2,1522.57,1,0,0,0.091,1.3751649087340916,1,0.2,0.2,0,0,1
1950.94,15,4,0,45.56,218,1169,4,688.9,0,0,0,0.438,2.8278591100159445,0,0.4,0.0,1,0,0
1002.37,9,0,0,5.09,875,2458,2,3021.6,0,0,0,0.521,0.3316250909812744,0,0.2,0.0,0,0,1
1353.0,17,5,1,47.78,878,1499,2,1419.53,1,0,0,0.507,0.9524614052501531,0,0.2,0.2,1,0,0
637.25,17,5,1,78.13,704,2419,3,1781.94,0,0,0,0.161,0.35741528037959774,0,0.3,0.0,0,0,1
2739.94,6,0,0,4.82,811,1220,4,1302.65,1,0,0,0.073,2.1017451002953247,0,0.4,0.2,1,0,0
407.87,17,0,0,48.44,1366,2188,1,241.65,0,0,1,0.198,1.6808984133525655,0,0.1,0.0,0,1,0
4621.84,17,5,1,13.86,1285,2021,3,2987.1,1,0,0,0.235,1.546748770121482,0,0.3,0.2,0,1,0
1613.32,15,6,1,10.73,1425,1050,4,4403.28,0,0,0,0.305,0.3663073192440081,0,0.4,0.0,0,1,0
2446.12,10,1,0,9.98,123,128,4,1111.9,0,0,0,0.671,2.1979692694761432,0,0.4,0.0,0,1,0
602.29,8,2,0,39.45,732,465,5,511.74,1,0,0,0.157,1.1746499200374458,0,0.5,0.2,0,0,1
2186.33,20,6,1,30.04,765,2071,2,2319.13,0,0,0,0.144,0.9423308176696995,0,0.2,0.0,0,1,0
9070.56,21,1,0,34.28,230,144,1,1050.27,0,0,0,0.19,8.628192567085526,0,0.1,0.0,0,0,1
3317.01,10,3,0,55.55,641,1135,2,4132.41,1,0,0,0.11,0.8024875345054084,0,0.2,0.2,0,0,1
1650.93,19,6,1,58.25,981,264,3,725.07,1,0,0,0.375,2.2737890286060574,0,0.3,0.2,0,0,1
2154.67,14,0,0,10.79,1043,573,0,1646.35,0,1,0,0.127,1.3079612711324249,0,0.0,0.0,0,1,0
406.17,20,2,0,20.72,10,1909,2,3271.32,0,0,1,0.515,0.12412294641110894,0,0.2,0.0,1,0,0
2037.69,14,0,0,20.45,365,2418,4,1801.02,0,0,0,0.077,1.130781012419396,0,0.4,0.0,1,0,0
1058.16,1,6,1,10.84,1436,2228,2,771.36,1,0,0,0.191,1.3700346988450982,1,0.2,0.2,1,0,0
830.55,0,2,0,5.99,1343,2181,3,1248.9,0,1,0,0.405,0.6644931594527561,1,0.3,0.0,0,0,1
3989.66,3,4,0,44.46,545,1509,1,4931.63,0,0,0,0.358,0.8088301778158913,1,0.1,0.0,0,0,1
4387.28,20,5,1,19.07,72,577,1,1887.26,0,1,0,0.277,2.323451219641363,0,0.1,0.0,1,0,0
3964.11,18,4,0,57.94,326,1759,3,1067.0,0,0,0,0.754,3.7117134831460676,0,0.3,0.0,1,0,0
3366.58,18,0,0,57.41,1346,1923,0,894.05,0,0,0,0.255,3.7613317691749066,0,0.0,0.0,0,1,0
1020.97,20,5,1,52.39,1112,1942,5,2739.69,0,0,0,0.4,0.3725229777902645,0,0.5,0.0,0,0,1
663.47,6,6,1,6.6,515,645,7,2710.09,2,0,0,0.27,0.2447244466247893,0,0.7,0.4,0,1,0
1642.67,3,4,0,7.83,841,178,3,1261.46,1,0,0,0.612,1.301165977535922,1,0.3,0.2,0,1,0
4520.9,20,4,0,9.45,851,1586,2,2205.98,0,0,0,0.394,2.0484553552818783,0,0.2,0.0,1,0,0
2360.18,2,0,0,5.44,524,668,1,1310.02,0,0,0,0.267,1.8002623911153146,1,0.1,0.0,1,0,0
1588.82,2,3,0,35.22,271,612,1,1164.34,1,0,0,0.473,1.3633960904113822,1,0.1,0.2,0,1,0
8866.73,9,3,0,30.12,610,1128,2,1563.4,0,0,0,0.248,5.667815136793658,0,0.2,0.0,1,0,0
2805.19,22,1,0,27.53,782,118,3,3281.31,0,0,1,0.126,0.8546389585383465,0,0.3,0.0,0,0,1
2485.26,14,6,1,3.42,298,375,3,2161.95,0,0,0,0.427,1.1490140779953306,0,0.3,0.0,0,0,1
1840.45,14,3,0,46.78,895,294,1,1216.81,1,0,0,0.228,1.5112784424499717,0,0.1,0.2,0,1,0
1375.96,18,2,0,16.6,85,1182,4,673.02,0,0,0,0.377,2.0414231031720127,0,0.4,0.0,1,0,0
1252.24,16,5,1,25.78,792,1587,3,532.72,1,1,1,0.171,2.3462489694971147,0,0.3,0.2,0,0,1
5572.15,9,1,0,19.26,667,2001,4,2993.74,1,0,0,0.453,1.8606456654000014,0,0.4,0.2,0,0,1
3842.28,2,2,0,23.5,1018,1541,2,2240.13,1,0,0,0.403,1.714438698335215,1,0.2,0.2,0,1,0
3237.26,7,2,0,47.14,1355,1639,5,2446.02,0,0,1,0.472,1.3229397389477815,0,0.5,0.0,0,0,1
925.9,13,6,1,21.32,442,672,3,1109.24,0,0,0,0.353,0.8339638276408704,0,0.3,0.0,0,1,0
1623.67,18,0,0,7.01,472,1430,5,1694.0,1,0,0,0.214,0.9579174041297935,0,0.5,0.2,0,1,0
888.02,20,6,1,26.27,583,2097,4,1418.74,1,0,0,0.404,0.6254807218223055,0,0.4,0.2,0,0,1
4672.47,23,5,1,36.84,501,1390,2,3548.06,0,0,0,0.574,1.3165373366468869,1,0.2,0.0,0,1,0
1522.16,10,4,0,78.25,632,1720,5,783.67,0,1,0,0.093,1.9398728127747973,0,0.5,0.0,0,1,0
244.44,9,2,0,32.03,1151,1022,2,2419.62,1,0,0,0.337,0.10098239294065157,0,0.2,0.2,0,1,0
2262.59,16,0,0,21.6,388,1540,0,1602.37,0,0,0,0.287,1.4111465226366966,0,0.0,0.0,0,0,1
2871.19,20,1,0,2.02,1077,2461,2,1195.03,0,0,0,0.609,2.400600319389982,0,0.2,0.0,0,0,1
1212.12,7,5,1,22.71,1347,2433,3,2091.26,0,0,0,0.214,0.5793352642597,0,0.3,0.0,1,0,0
2673.43,6,0,0,55.83,283,2379,4,2627.8,1,0,0,0.777,1.0169773280584296,0,0.4,0.2,0,1,0
1767.45,15,1,0,33.6,520,371,4,2199.22,0,0,0,0.284,0.8033060330330605,0,0.4,0.0,0,1,0
4688.76,5,6,1,15.4,554,872,4,1866.84,0,0,1,0.006,2.510257837930444,1,0.4,0.0,0,1,0
8319.45,2,1,0,35.56,1206,610,0,1090.92,0,0,0,0.132,7.619102132024325,1,0.0,0.0,1,0,0
3071.92,3,3,0,45.56,100,1697,4,873.2,1,0,0,0.098,3.5139784946236556,1,0.4,0.2,0,1,0
1105.35,7,2,0,2.27,535,170,3,3769.28,1,0,0,0.219,0.2931745122378178,0,0.3,0.2,0,0,1
2449.58,10,4,0,3.83,1165,1158,2,2576.09,0,0,0,0.235,0.9505217124741471,0,0.2,0.0,1,0,0
790.9,22,4,0,33.38,1086,1230,3,1180.01,0,1,0,0.116,0.6696810357236602,0,0.3,0.0,1,0,0
2487.96,11,1,0,13.28,1088,1651,2,5153.23,1,0,0,0.261,0.4827025569289691,0,0.2,0.2,1,0,0
8666.87,23,2,0,19.8,1038,2232,6,1374.68,1,0,0,0.023,6.300062514538265,1,0.6,0.2,1,0,0
4564.15,15,4,0,76.59,1013,1195,3,2341.07,0,0,0,0.363,1.948767543241662,0,0.3,0.0,0,0,1
467.76,22,4,0,23.28,417,2066,1,1186.43,0,0,0,0.047,0.39392637881811976,0,0.1,0.0,0,1,0
456.55,10,0,0,16.74,1448,2434,4,1764.47,0,0,0,0.384,0.25859969299959784,0,0.4,0.0,0,1,0
4088.94,21,2,0,3.9,614,1434,3,1194.04,0,0,0,0.086,3.421592582675057,0,0.3,0.0,1,0,0
2161.3,19,1,0,11.53,1481,1262,1,793.96,1,0,0,0.11,2.7187531448123177,0,0.1,0.2,0,1,0
2173.67,14,6,1,18.66,452,134,4,829.28,1,1,0,0.223,2.617996338584574,0,0.4,0.2,1,0,0
7708.21,13,1,0,20.98,194,501,1,897.55,0,0,0,0.094,8.578498692337655,0,0.1,0.0,1,0,0
796.14,17,3,0,27.09,1247,1597,3,2462.17,1,0,0,0.482,0.3232176423064587,0,0.3,0.2,0,0,1
2768.89,1,4,0,11.72,480,372,2,1921.78,0,0,0,0.539,1.4400451429700745,1,0.2,0.0,0,0,1
3180.12,21,2,0,17.44,707,2379,3,3418.64,0,0,0,0.577,0.9299575393901113,0,0.3,0.0,0,1,0
543.63,19,1,0,1.79,126,2065,2,481.64,0,0,0,0.273,1.1263674788662357,0,0.2,0.0,0,0,1
11767.12,15,1,0,48.48,838,313,2,1793.48,0,0,1,0.432,6.557398243502297,0,0.2,0.0,1,0,0
3140.43,13,2,0,19.28,511,2192,1,901.73,0,0,0,0.311,3.478814263401017,0,0.1,0.0,1,0,0
277.07,11,0,0,40.09,901,310,5,472.74,0,0,0,0.522,0.5848566724363574,0,0.5,0.0,0,1,0
4103.01,18,1,0,42.58,723,374,2,2746.23,0,0,0,0.066,1.4935080062462918,0,0.2,0.0,0,0,1
1780.11,3,0,0,8.73,1219,1136,3,708.12,1,0,0,0.082,2.510308551444043,1,0.3,0.2,0,1,0
2477.65,12,4,0,40.75,363,2496,2,1283.67,0,0,0,0.321,1.9286275852942778,0,0.2,0.0,1,0,0
418.35,14,1,0,11.98,90,1965,3,2368.45,0,0,0,0.274,0.176559961172424,0,0.3,0.0,1,0,0
961.22,16,4,0,9.69,126,2053,1,1385.78,0,0,0,0.066,0.6931308498824615,0,0.1,0.0,1,0,0
732.78,0,6,1,10.47,1212,1801,3,1258.36,1,0,0,0.308,0.5818669800533605,1,0.3,0.2,0,1,0
1391.02,21,2,0,54.1,873,1487,5,2723.99,0,0,0,0.331,0.5104679283226727,0,0.5,0.0,0,1,0
2671.42,6,4,0,19.96,935,1538,1,2276.86,0,0,0,0.553,1.1727762022248953,0,0.1,0.0,0,0,1
597.4,18,0,0,27.0,925,969,2,2759.04,1,0,0,0.172,0.21644613846176142,0,0.2,0.2,1,0,0
5396.78,7,0,0,74.09,865,657,0,3547.69,0,0,0,0.624,1.5207809078843177,0,0.0,0.0,1,0,0
1075.11,23,6,1,40.86,1111,766,5,1870.72,0,0,0,0.184,0.5743968114888979,1,0.5,0.0,0,1,0
3781.64,22,2,0,16.26,1145,945,3,2022.82,0,0,0,0.248,1.8685653862497653,0,0.3,0.0,1,0,0
659.62,0,1,0,29.34,877,1628,3,1626.39,1,0,0,0.131,0.40532386213507515,1,0.3,0.2,0,1,0
771.43,3,1,0,58.69,1070,125,7,367.93,0,0,0,0.263,2.0909928712763937,1,0.7,0.0,1,0,0
9738.54,4,1,0,55.8,1384,1414,2,1547.92,0,0,0,0.187,6.287309867520595,1,0.2,0.0,1,0,0
1354.77,23,5,1,24.36,75,936,3,2445.76,2,0,0,0.163,0.5536995863917997,1,0.3,0.4,0,0,1
2863.62,10,4,0,11.73,1207,2245,1,1256.88,0,0,0,0.553,2.276544662447928,0,0.1,0.0,1,0,0
3290.81,21,3,0,46.22,1015,1047,2,2914.96,0,0,0,0.173,1.1285511461062565,0,0.2,0.0,0,0,1
85.65,17,5,1,32.39,444,87,4,657.26,2,0,0,0.594,0.13011575973019782,0,0.4,0.4,0,1,0
1331.56,9,5,1,30.66,788,1623,3,3756.81,0,0,0,0.441,0.3543446848031167,0,0.3,0.0,0,0,1
575.48,2,4,0,37.96,1331,2047,4,2642.5,0,0,0,0.235,0.21769623605069038,1,0.4,0.0,0,1,0
9095.67,22,1,0,14.89,1056,1031,2,858.14,1,0,0,0.135,10.586947412528808,0,0.2,0.2,0,0,1
926.37,21,4,0,32.44,282,1114,2,1225.21,1,0,0,0.117,0.7554741846828846,0,0.2,0.2,1,0,0
1617.2,18,0,0,84.26,664,1102,4,2765.12,0,0,0,0.177,0.5846456408254161,0,0.4,0.0,0,1,0
363.82,6,6,1,1.25,1285,1063,1,7472.67,1,0,0,0.315,0.0486802334060776,0,0.1,0.2,0,0,1
954.49,6,3,0,23.73,360,1401,3,941.04,0,0,0,0.415,1.0132159993206233,0,0.3,0.0,0,1,0
2467.15,9,4,0,42.61,1147,2498,4,564.64,0,0,0,0.217,4.361696485397073,0,0.4,0.0,0,0,1
4575.31,11,0,0,34.76,764,1456,5,3334.59,0,0,0,0.576,1.3716643832125652,0,0.5,0.0,0,0,1
2362.64,7,2,0,26.11,777,1536,3,4590.47,2,0,0,0.353,0.5145715860062245,0,0.3,0.4,0,1,0
3002.15,1,5,1,46.52,1310,1141,5,1290.08,1,0,0,0.158,2.325301298137993,1,0.5,0.2,1,0,0
3954.96,18,0,0,14.21,91,1511,0,2319.76,0,0,0,0.425,1.7041658766955652,0,0.0,0.0,0,1,0
1950.84,9,6,1,12.66,575,622,2,1963.43,0,0,0,0.514,0.9930819627067393,0,0.2,0.0,0,0,1
1456.63,20,1,0,7.32,946,430,0,820.97,0,0,0,0.583,1.7721206370062168,0,0.0,0.0,0,1,0
573.92,15,6,1,65.98,245,1042,2,2842.33,1,0,0,0.207,0.20184783335033218,0,0.2,0.2,0,1,0
6439.88,16,4,0,39.08,951,1642,3,2269.66,0,0,0,0.033,2.8361269410655936,0,0.3,0.0,0,0,1
3070.14,16,4,0,0.4,828,1725,4,1766.28,1,0,0,0.241,1.7372119867819473,0,0.4,0.2,0,1,0
3647.59,6,0,0,40.9,479,82,5,1674.09,0,0,0,0.278,2.177548669026739,0,0.5,0.0,1,0,0
3315.41,23,6,1,6.28,1424,872,6,540.26,0,0,0,0.229,6.125355651627683,1,0.6,0.0,0,0,1
2525.53,2,4,0,13.03,1411,1318,7,2467.23,2,0,0,0.058,1.023215016428777,1,0.7,0.4,0,1,0
3048.91,22,1,0,21.67,1006,1291,2,2047.57,0,0,0,0.42,1.488311358655062,0,0.2,0.0,0,0,1
567.81,4,2,0,37.1,918,1727,1,1275.24,0,0,0,0.185,0.44490848116341747,1,0.1,0.0,1,0,0
919.67,14,2,0,29.09,177,1801,0,2081.91,2,0,0,0.613,0.44153131916405414,0,0.0,0.4,1,0,0
5648.07,14,6,1,29.64,1302,1911,3,4738.81,0,0,0,0.393,1.1916237148746467,0,0.3,0.0,1,0,0
3530.41,13,5,1,2.7,1303,1974,6,655.64,1,1,0,0.023,5.376477217348928,0,0.6,0.2,0,1,0
1903.48,5,0,0,25.37,441,614,2,1116.6,0,0,0,0.617,1.7031853972798856,1,0.2,0.0,0,1,0
1151.17,20,1,0,20.59,1055,1503,1,1370.39,0,0,0,0.69,0.8394184003091754,0,0.1,0.0,0,0,1
3289.67,1,0,0,15.43,440,1455,7,2178.63,1,0,0,0.119,1.5092790978285304,1,0.7,0.2,1,0,0
491.28,10,4,0,47.82,151,1908,2,413.35,0,0,0,0.134,1.1856642934717025,0,0.2,0.0,0,1,0
12854.31,20,2,0,7.33,1345,1369,1,1171.57,0,0,0,0.365,10.962509700913378,0,0.1,0.0,1,0,0
3908.58,3,1,0,18.07,1311,2107,2,2711.41,2,1,1,0.375,1.4409989640209262,1,0.2,0.4,0,0,1
5902.04,16,6,1,71.15,721,132,3,1009.29,0,0,0,0.089,5.841926575537717,0,0.3,0.0,0,0,1
3205.91,18,6,1,6.91,1317,679,4,2017.25,0,0,0,0.09,1.5884602997646475,0,0.4,0.0,0,0,1
681.19,19,3,0,34.56,888,1794,2,882.42,0,0,0,0.237,0.7710828371555999,0,0.2,0.0,1,0,0
708.76,2,1,0,55.42,343,1898,1,1557.83,0,1,0,0.278,0.4546743390876491,1,0.1,0.0,1,0,0
5596.68,11,2,0,43.57,729,1392,4,922.62,1,0,0,0.077,6.05950499123016,0,0.4,0.2,1,0,0
962.19,11,5,1,13.32,266,1720,1,1352.76,0,0,0,0.34,0.7107537525115235,0,0.1,0.0,0,1,0
216.81,10,2,0,22.56,1218,1290,5,1660.7,0,1,0,0.207,0.13047481494854668,0,0.5,0.0,0,1,0
4664.08,21,1,0,27.25,827,1952,5,865.64,1,0,0,0.073,5.381796362965014,0,0.5,0.2,1,0,0
392.27,10,4,0,48.35,534,2355,6,3518.68,0,0,0,0.233,0.11145047277025184,0,0.6,0.0,0,0,1
918.7,16,1,0,4.38,1146,523,0,1720.38,1,0,0,0.208,0.5336997060497972,0,0.0,0.2,0,1,0
2481.71,5,5,1,49.49,352,1790,2,995.8,0,0,0,0.178,2.489676966292135,1,0.2,0.0,0,0,1
6497.24,14,0,0,37.73,429,272,0,761.92,1,0,0,0.084,8.516279557489645,0,0.0,0.2,0,0,1
643.69,15,3,0,0.43,566,2491,4,2233.44,0,0,0,0.513,0.28807665455326614,0,0.4,0.0,0,0,1
569.2,0,3,0,10.25,49,391,3,277.42,0,0,0,0.256,2.044393362545794,1,0.3,0.0,0,0,1
1960.23,0,6,1,44.87,754,1135,1,1044.83,1,0,0,0.072,1.8743294799345975,1,0.1,0.2,1,0,0
2386.96,13,4,0,27.11,314,1285,4,1757.57,1,0,0,0.29,1.3573301034363148,0,0.4,0.2,0,0,1
888.34,1,4,0,18.96,694,2224,4,1211.19,0,0,0,0.605,0.7328389113917785,1,0.4,0.0,0,1,0
13615.11,9,3,0,29.29,1126,1477,0,3640.87,1,0,0,0.368,3.7384942351044934,0,0.0,0.2,0,0,1
11125.1,18,6,1,4.11,1492,676,6,1229.95,0,0,0,0.216,9.037816320727893,0,0.6,0.0,1,0,0
3291.02,17,1,0,43.36,134,2185,3,1363.65,0,0,0,0.219,2.411622027626131,0,0.3,0.0,1,0,0
689.2,8,4,0,1.25,766,1089,7,2836.89,0,0,0,0.076,0.24285648844740285,0,0.7,0.0,0,1,0
1525.08,21,3,0,65.14,13,1318,1,1342.54,0,0,0,0.327,1.1351206514134302,0,0.1,0.0,1,0,0
448.02,12,2,0,0.46,537,860,9,464.03,1,0,0,0.212,0.963421714728082,0,0.9,0.2,0,0,1
279.76,15,4,0,14.91,1401,1956,4,1650.34,1,0,1,0.142,0.1694139305049233,0,0.4,0.2,0,1,0
1538.32,23,3,0,13.4,1359,1770,0,1072.88,0,0,0,0.373,1.4324878012440867,1,0.0,0.0,0,1,0
2162.01,15,1,0,61.3,570,2476,1,2394.43,0,0,0,0.145,0.9025561172733081,0,0.1,0.0,1,0,0
1099.85,5,2,0,11.9,865,2030,2,3100.52,0,0,0,0.202,0.3546164461296396,1,0.2,0.0,1,0,0
1780.71,19,3,0,66.52,206,1496,5,2193.97,0,0,0,0.634,0.8112684911411091,0,0.5,0.0,1,0,0
3951.23,16,2,0,0.17,1102,572,4,8530.75,0,0,1,0.375,0.463120696222932,0,0.4,0.0,1,0,0
6648.64,17,6,1,14.7,284,815,3,357.08,1,0,1,0.422,18.567470956210904,0,0.3,0.2,0,0,1
1789.12,7,3,0,16.03,1188,2180,5,1792.07,2,0,0,0.334,0.9977970742915782,0,0.5,0.4,0,1,0
2044.16,21,5,1,27.88,390,2290,3,914.47,0,0,0,0.282,2.2329076867619913,0,0.3,0.0,1,0,0
9504.37,21,4,0,59.1,155,578,4,3100.01,0,0,0,0.377,3.064927233385252,0,0.4,0.0,0,1,0
268.76,23,2,0,0.06,722,170,2,963.18,1,0,0,0.207,0.27874463274492317,1,0.2,0.2,0,0,1
4553.67,22,6,1,58.45,250,2137,4,720.03,0,1,0,0.032,6.315506983065892,0,0.4,0.0,0,0,1
4985.51,6,1,0,30.38,1418,1163,3,640.52,1,0,0,0.226,7.771402294550443,0,0.3,0.2,0,1,0
6113.14,15,3,0,72.28,552,1536,2,1369.71,0,0,0,0.095,4.4598346842147505,0,0.2,0.0,0,0,1
2669.39,3,0,0,17.06,608,2368,1,1647.53,0,0,0,0.092,1.6192547299715503,1,0.1,0.0,0,0,1
694.15,7,4,0,55.95,167,939,2,785.1,0,0,0,0.154,0.8830301488360259,0,0.2,0.0,1,0,0
1510.37,4,4,0,9.65,474,496,3,3450.21,0,0,0,0.297,0.437634916449593,1,0.3,0.0,1,0,0
3957.37,6,5,1,10.45,602,267,2,1316.44,1,0,1,0.152,3.003833191644401,0,0.2,0.2,0,0,1
8102.09,23,1,0,32.02,896,572,5,1061.04,0,0,0,0.116,7.6287992919287415,1,0.5,0.0,0,1,0
3009.13,9,4,0,21.94,1244,272,1,2464.5,1,0,0,0.428,1.2204948286351653,0,0.1,0.2,0,1,0
1530.86,1,1,0,39.17,129,1935,4,533.19,1,0,0,0.155,2.865759374005503,1,0.4,0.2,0,0,1
11418.09,4,3,0,5.27,751,2231,2,2029.37,0,0,0,0.176,5.623649876623473,1,0.2,0.0,0,0,1
571.19,5,0,0,43.29,1189,637,1,1044.68,0,0,0,0.36,0.5462378547930533,1,0.1,0.0,1,0,0
1675.52,4,6,1,27.45,1007,618,3,1441.51,0,1,0,0.329,1.1615309425931188,1,0.3,0.0,0,0,1
1945.15,2,3,0,29.6,1032,1315,3,1438.98,0,0,0,0.066,1.3508173724635064,1,0.3,0.0,1,0,0
1092.17,7,6,1,67.77,1218,365,3,1159.78,0,0,1,0.676,0.9408931925084858,0,0.3,0.0,0,1,0
2102.31,13,1,0,5.36,1283,2209,0,1427.98,0,1,1,0.185,1.4711962378759673,0,0.0,0.0,0,1,0
685.89,9,6,1,1.41,945,2153,2,3538.92,0,0,0,0.171,0.19375861601392122,0,0.2,0.0,1,0,0
312.01,2,2,0,2.4,1203,1696,8,1166.6,1,0,0,0.251,0.2672233641658102,1,0.8,0.2,1,0,0
3008.83,19,6,1,0.53,643,457,5,2163.23,0,0,0,0.258,1.3902542705719816,0,0.5,0.0,0,0,1
5569.71,16,0,0,13.04,315,1027,5,5376.26,0,0,0,0.447,1.0357896028832527,0,0.5,0.0,0,1,0
2352.47,2,6,1,50.61,831,445,4,1466.88,0,0,0,0.31,1.6026310052592851,1,0.4,0.0,0,0,1
346.37,5,0,0,19.14,737,1718,3,6322.15,0,1,1,0.2,0.05477807738231736,1,0.3,0.0,0,1,0
1740.11,8,6,1,5.24,1480,306,1,1530.36,0,0,0,0.107,1.1363167380628985,0,0.1,0.0,0,1,0
2753.75,13,5,1,91.62,946,2233,3,5386.81,0,0,0,0.043,0.5111074815184647,0,0.3,0.0,0,0,1
873.82,1,0,0,3.82,504,1566,3,1148.47,1,0,0,0.301,0.7601938284600729,1,0.3,0.2,0,1,0
978.25,12,4,0,4.32,1329,1247,5,1207.59,3,0,0,0.459,0.8094142761399649,0,0.5,0.6,0,1,0
850.52,7,6,1,34.58,849,1510,2,3196.6,0,0,0,0.277,0.265986990242682,0,0.2,0.0,0,0,1
1895.38,16,4,0,40.52,110,2267,3,429.75,0,0,0,0.265,4.400185722576901,0,0.3,0.0,0,1,0
10772.55,0,6,1,61.47,216,2489,4,2225.67,0,0,0,0.316,4.837964314424679,1,0.4,0.0,0,1,0
1860.66,9,4,0,16.74,1059,1278,2,7468.03,0,1,0,0.322,0.2491166858347068,0,0.2,0.0,0,0,1
4786.97,15,4,0,42.72,268,878,0,6030.64,0,0,0,0.053,0.7936431882539409,0,0.0,0.0,0,1,0
2235.85,16,4,0,65.74,1402,130,4,1187.12,0,0,0,0.604,1.881838534828132,0,0.4,0.0,0,1,0
973.08,16,6,1,6.35,300,535,1,1965.19,0,1,0,0.048,0.4949063925663339,0,0.1,0.0,0,1,0
2501.0,16,1,0,27.96,93,626,4,1081.06,1,0,0,0.244,2.3113320887935975,0,0.4,0.2,1,0,0
4380.57,7,6,1,1.04,162,2258,4,1981.58,0,0,0,0.345,2.209530006355355,0,0.4,0.0,1,0,0
765.74,11,6,1,16.45,667,2294,3,2772.01,0,0,0,0.12,0.2761403673264792,0,0.3,0.0,1,0,0
2056.91,15,1,0,48.87,1132,1208,1,1506.71,0,0,0,0.351,1.364261031630751,0,0.1,0.0,0,1,0
4576.48,13,6,1,47.55,1285,2203,2,1537.88,0,0,1,0.201,2.9739030983572463,0,0.2,0.0,0,1,0
389.81,19,6,1,42.26,923,1684,2,4833.95,1,1,0,0.409,0.08062337769780453,0,0.2,0.2,0,1,0
428.57,16,3,0,69.29,898,847,3,2012.2,0,0,0,0.427,0.2128799920524538,0,0.3,0.0,0,1,0
2158.7,4,2,0,9.99,1488,316,2,1823.81,0,0,0,0.169,1.182972473846592,1,0.2,0.0,0,0,1
66.67,9,6,1,10.58,778,846,3,2307.08,1,0,0,0.114,0.028885480572597138,0,0.3,0.2,1,0,0
1335.96,3,3,0,40.0,88,892,2,3252.29,1,0,0,0.442,0.4106489123318241,1,0.2,0.2,0,1,0
1608.12,15,3,0,45.28,1049,516,3,2015.76,0,0,0,0.438,0.7973779725896982,0,0.3,0.0,0,0,1
7600.25,18,3,0,49.7,1458,337,4,1822.71,1,1,0,0.141,4.16746631865812,0,0.4,0.2,0,1,0
868.96,14,0,0,27.51,836,1008,7,2490.05,1,0,0,0.052,0.3488328215009735,0,0.7,0.2,1,0,0
2258.0,18,0,0,20.13,345,1553,4,2050.0,1,0,0,0.258,1.1009263773768894,0,0.4,0.2,1,0,0
1526.95,18,1,0,78.87,368,1251,6,1845.33,0,1,0,0.335,0.8270190052699139,0,0.6,0.0,0,1,0
7161.18,18,2,0,50.51,1039,1740,4,6853.65,1,0,0,0.222,1.0447185487224002,0,0.4,0.2,0,1,0
4649.15,7,1,0,45.92,969,764,7,1310.71,1,0,0,0.248,3.5443428806672204,0,0.7,0.2,0,0,1
993.24,8,2,0,4.69,188,770,2,378.28,0,0,0,0.099,2.6187513182872815,0,0.2,0.0,1,0,0
1948.48,13,6,1,20.75,613,1498,3,1569.84,0,1,0,0.047,1.2404064067632605,0,0.3,0.0,0,0,1
301.59,20,3,0,68.55,646,1271,0,836.77,0,0,0,0.166,0.35999140575575633,0,0.0,0.0,0,1,0
3863.16,5,0,0,25.67,934,2153,2,1775.88,0,1,1,0.549,2.1741254333438382,1,0.2,0.0,0,1,0
4314.7,10,2,0,22.9,67,1309,4,1021.2,0,0,0,0.39,4.220993934650753,0,0.4,0.0,0,1,0
2307.13,8,5,1,29.37,1393,2435,3,690.89,0,0,0,0.217,3.3345329459885242,0,0.3,0.0,1,0,0
688.32,16,0,0,47.73,877,774,3,1117.17,0,0,0,0.099,0.6155772378082045,0,0.3,0.0,0,1,0
1084.57,21,4,0,25.65,340,2400,1,847.47,0,0,0,0.161,1.278265583933433,0,0.1,0.0,1,0,0
1189.33,8,2,0,3.92,153,1546,4,1113.14,1,0,0,0.393,1.0674870303552515,0,0.4,0.2,1,0,0
3959.29,8,2,0,50.15,616,937,6,1819.66,0,0,0,0.092,2.174645458240418,0,0.6,0.0,0,1,0
3065.15,10,1,0,37.83,1161,1213,4,1585.22,1,0,0,0.311,1.932361210929127,0,0.4,0.2,0,0,1
730.15,17,5,1,65.38,903,547,2,918.6,1,1,0,0.086,0.793986515876468,0,0.2,0.2,0,0,1
2577.33,3,3,0,38.49,1099,2169,1,1840.67,0,1,0,0.548,1.3994526706738992,1,0.1,0.0,0,0,1
3488.56,6,1,0,56.13,23,699,7,917.34,0,0,0,0.08,3.798767341071934,0,0.7,0.0,1,0,0
5346.56,19,2,0,14.61,604,903,1,2713.99,0,0,0,0.246,1.969274288303088,0,0.1,0.0,0,1,0
2619.14,0,1,0,29.58,589,194,0,810.78,0,0,0,0.295,3.226416024045924,1,0.0,0.0,1,0,0
682.55,18,3,0,4.81,1247,1593,1,4132.97,0,1,0,0.362,0.1651076326146537,0,0.1,0.0,0,1,0
7805.89,20,4,0,11.11,242,1937,3,3708.39,0,0,0,0.56,2.104359476895123,0,0.3,0.0,1,0,0
2652.74,4,6,1,15.61,588,1065,5,450.86,0,0,0,0.309,5.870712167485504,1,0.5,0.0,0,1,0
2787.55,17,5,1,10.4,265,863,3,897.68,1,0,0,0.697,3.1018271242266438,0,0.3,0.2,1,0,0
1601.09,8,2,0,25.0,872,1732,1,1325.11,0,0,0,0.211,1.2073583639366268,0,0.1,0.0,0,1,0
1577.12,23,5,1,55.06,367,248,4,3876.44,2,0,0,0.197,0.40674259305108523,1,0.4,0.4,1,0,0
2021.14,5,2,0,101.3,351,2405,2,2127.83,0,0,0,0.147,0.9494135276184572,1,0.2,0.0,0,0,1
703.35,11,4,0,55.36,1293,456,6,1234.95,0,1,0,0.373,0.5690764189489866,0,0.6,0.0,1,0,0
2264.96,10,6,1,5.33,492,811,1,481.56,0,0,0,0.311,4.6936339522546415,0,0.1,0.0,0,1,0
1852.32,14,4,0,14.72,1475,1956,1,3635.73,1,0,0,0.352,0.5093366843290539,0,0.1,0.2,0,1,0
87.16,2,4,0,39.2,1267,1311,2,344.29,1,0,0,0.618,0.2524254974079759,1,0.2,0.2,0,1,0
14681.32,7,5,1,58.85,1213,2320,1,3933.5,0,0,0,0.52,3.7314322023128734,0,0.1,0.0,0,1,0
2876.59,14,5,1,8.09,1274,1995,3,1617.18,0,0,0,0.528,1.7776699749100842,0,0.3,0.0,0,0,1
1250.81,5,2,0,36.76,371,456,4,1716.55,0,0,0,0.203,0.7282524526214667,1,0.4,0.0,0,1,0
28288.69,8,0,0,17.85,434,754,2,1801.37,0,0,0,0.03,15.695273445518955,0,0.2,0.0,1,0,0
3095.06,20,3,0,38.84,356,2456,4,914.43,0,0,0,0.134,3.380990354259747,0,0.4,0.0,0,1,0
634.55,9,1,0,9.36,773,2101,3,3950.69,0,1,0,0.239,0.16057686711255184,0,0.3,0.0,1,0,0
734.82,10,6,1,86.51,186,2009,4,425.55,1,0,0,0.125,1.722705427265268,0,0.4,0.2,1,0,0
1840.39,14,0,0,50.78,577,1730,3,1576.28,1,0,0,0.105,1.1668124873199432,0,0.3,0.2,0,0,1
7182.15,18,3,0,18.2,1190,2115,2,627.41,0,0,0,0.302,11.429082923569007,0,0.2,0.0,0,0,1
933.77,7,5,1,41.14,1427,171,0,2350.08,0,0,0,0.239,0.3971664086292257,0,0.0,0.0,1,0,0
3780.89,10,5,1,2.31,619,2406,4,878.75,0,1,0,0.271,4.297686842853083,0,0.4,0.0,0,0,1
405.11,6,2,0,28.75,1490,1971,2,3738.5,1,0,0,0.35,0.10833266479475866,0,0.2,0.2,0,0,1
946.58,17,0,0,23.08,583,627,3,903.29,1,0,1,0.412,1.0467659710933441,0,0.3,0.2,0,1,0
3826.13,21,0,0,84.5,330,340,3,967.04,0,0,0,0.381,3.95245031197058,0,0.3,0.0,1,0,0
1416.95,0,5,1,10.01,920,1560,4,3405.7,1,0,1,0.063,0.4159303725012476,1,0.4,0.2,0,1,0
594.14,6,0,0,19.78,862,391,1,6251.81,0,0,0,0.53,0.09501967915225314,0,0.1,0.0,1,0,0
5187.74,12,5,1,48.05,1458,1690,0,2195.62,0,0,0,0.405,2.3616920541559305,0,0.0,0.0,1,0,0
505.73,7,4,0,17.21,779,1185,5,466.88,0,0,0,0.182,1.0808968111481576,0,0.5,0.0,0,0,1
1490.18,14,0,0,17.75,698,2340,2,1307.74,0,0,0,0.186,1.1386371624616043,0,0.2,0.0,0,0,1
778.78,14,2,0,52.41,619,2264,3,1713.87,0,0,0,0.554,0.45413354948188495,0,0.3,0.0,0,1,0
1064.15,5,0,0,39.75,339,2273,2,5283.23,0,1,0,0.278,0.20138222598183655,1,0.2,0.0,0,0,1
545.38,18,0,0,17.48,491,1011,1,852.27,1,0,0,0.342,0.6391646254995488,0,0.1,0.2,0,0,1
1596.48,16,6,1,23.12,646,1784,1,949.84,1,0,0,0.218,1.6790206554204703,0,0.1,0.2,0,1,0
448.68,0,2,0,78.85,1174,102,2,7867.37,2,0,0,0.17,0.05702324623778496,1,0.2,0.4,0,1,0
3735.06,20,5,1,2.0,569,2159,4,1074.16,1,0,0,0.291,3.4739573644852855,0,0.4,0.2,1,0,0
598.79,5,2,0,12.9,1244,156,2,2924.26,0,1,0,0.046,0.20469633468478013,1,0.2,0.0,0,1,0
952.73,12,3,0,35.47,524,99,1,727.84,1,0,0,0.17,1.3071867625267548,0,0.1,0.2,0,1,0
2605.03,13,6,1,21.51,317,1484,5,2329.6,0,0,0,0.18,1.1177507937870077,0,0.5,0.0,0,0,1
32171.15,21,2,0,17.12,126,1458,4,2942.99,0,0,1,0.371,10.92773752628236,0,0.4,0.0,0,0,1
992.82,23,5,1,21.3,1057,865,1,3409.96,0,0,1,0.309,0.29106761732767317,1,0.1,0.0,0,1,0
969.97,5,2,0,49.05,805,116,5,789.4,0,0,0,0.317,1.2271887651821862,1,0.5,0.0,0,0,1
9887.23,20,3,0,40.62,1489,271,4,1994.67,1,1,0,0.507,4.95434114858669,0,0.4,0.2,1,0,0
11432.78,18,3,0,108.55,1412,931,3,1687.45,0,0,0,0.282,6.771168823477153,0,0.3,0.0,0,1,0
11715.67,20,2,0,18.92,838,1799,2,882.9,0,0,0,0.438,13.254519742052269,0,0.2,0.0,0,0,1
290.18,15,6,1,12.92,853,164,2,2485.74,0,0,0,0.222,0.11669092868574922,0,0.2,0.0,0,1,0
761.09,8,2,0,65.47,232,1237,3,2449.43,0,0,0,0.099,0.31059446709353056,0,0.3,0.0,1,0,0
438.14,20,5,1,3.92,399,2233,1,2300.12,2,0,0,0.027,0.19040293422333474,0,0.1,0.4,0,1,0
2105.81,22,5,1,2.81,839,2192,3,1487.28,0,0,0,0.131,1.4149286424597523,0,0.3,0.0,0,0,1
2740.13,20,5,1,71.27,575,349,2,2685.4,1,0,0,0.184,1.0200007444907684,0,0.2,0.2,0,0,1
2751.76,1,0,0,42.58,581,958,3,1373.28,1,0,0,0.166,2.002328492010362,1,0.3,0.2,1,0,0
8320.08,4,1,0,26.41,146,447,4,1065.52,0,0,0,0.096,7.801147657802948,1,0.4,0.0,0,1,0
799.32,6,4,0,32.93,489,2026,2,1491.39,0,0,0,0.187,0.5355972634499025,0,0.2,0.0,0,0,1
1774.07,15,3,0,121.13,1320,2373,3,1869.18,0,0,0,0.217,0.9486092247805024,0,0.3,0.0,0,0,1
600.17,6,4,0,39.24,599,2290,7,2573.6,0,0,0,0.173,0.23311193971879127,0,0.7,0.0,0,1,0
429.17,4,2,0,36.91,25,1191,2,2118.21,1,0,0,0.45,0.20251414442174206,1,0.2,0.2,0,1,0
9200.24,3,1,0,31.9,533,35,1,1373.9,0,0,0,0.478,6.691570296021529,1,0.1,0.0,0,1,0
4393.1,21,4,0,7.67,1188,278,1,2151.18,0,0,0,0.039,2.0412326106552428,0,0.1,0.0,0,1,0
1456.62,5,1,0,50.24,1005,1316,0,516.38,0,0,0,0.207,2.815377478835672,1,0.0,0.0,0,0,1
1865.99,17,5,1,29.18,913,591,4,1507.94,1,0,0,0.131,1.236623059896351,0,0.4,0.2,0,1,0
7890.51,21,0,0,7.07,1344,682,2,713.47,0,0,0,0.253,11.043864682911808,0,0.2,0.0,0,1,0
12081.72,22,1,0,23.98,206,1023,2,849.41,1,0,0,0.259,14.206935478181112,0,0.2,0.2,0,0,1
812.23,20,4,0,30.05,1164,2477,2,1152.53,0,0,0,0.284,0.7041255970802667,0,0.2,0.0,1,0,0
8929.25,15,0,0,51.86,279,1137,1,1493.88,0,0,0,0.403,5.973221930857326,0,0.1,0.0,0,0,1
442.84,12,2,0,6.26,724,1836,1,5378.44,0,0,0,0.091,0.08232083636958494,0,0.1,0.0,0,1,0
1205.24,1,4,0,51.92,694,1020,2,2044.8,0,0,0,0.408,0.5891289471111546,1,0.2,0.0,0,0,1
1768.83,23,0,0,2.63,605,1370,4,880.26,1,0,0,0.315,2.007160202437419,1,0.4,0.2,1,0,0
1749.49,16,6,1,47.31,89,1412,2,1987.14,0,0,0,0.464,0.8799631816672869,0,0.2,0.0,0,1,0
3575.43,7,6,1,62.84,1096,1670,0,2387.24,1,0,0,0.269,1.497098281579741,0,0.0,0.2,0,1,0
574.93,13,6,1,18.31,660,1844,2,2452.18,0,0,0,0.453,0.2343611149609894,0,0.2,0.0,1,0,0
1578.4,4,5,1,9.74,1433,1318,6,5823.75,0,0,0,0.315,0.27098158719258336,1,0.6,0.0,0,0,1
10434.67,14,4,0,25.98,1494,687,4,1441.26,0,0,0,0.486,7.234943768807288,0,0.4,0.0,0,0,1
2610.08,14,2,0,6.85,540,290,5,988.36,0,0,0,0.487,2.638149915096628,0,0.5,0.0,0,1,0
1677.37,7,2,0,26.02,1067,950,2,1105.73,0,0,0,0.23,1.515609046470232,0,0.2,0.0,1,0,0
5354.53,15,6,1,28.41,310,1249,2,1346.56,0,0,1,0.282,3.973500252307875,0,0.2,0.0,1,0,0
407.03,14,5,1,7.63,383,1415,2,2182.19,1,0,0,0.268,0.18643819365240769,0,0.2,0.2,0,1,0
927.56,14,2,0,76.74,93,2281,3,532.5,0,0,1,0.134,1.7386316776007498,0,0.3,0.0,1,0,0
1550.72,4,5,1,20.81,744,1767,3,889.76,0,0,0,0.262,1.740895415151107,1,0.3,0.0,0,0,1
370.0,17,3,0,59.2,408,970,3,1420.45,2,0,0,0.156,0.2602975834535158,0,0.3,0.4,1,0,0
1041.94,6,2,0,34.62,1098,704,2,968.56,0,0,1,0.076,1.0746524196542764,0,0.2,0.0,0,1,0
6073.68,22,0,0,6.04,244,630,6,1316.5,1,0,0,0.318,4.6100037950664134,0,0.6,0.2,1,0,0
23369.72,6,2,0,8.17,1079,2207,1,536.63,2,0,0,0.464,43.468035637892235,0,0.1,0.4,0,1,0
2932.46,16,0,0,2.98,745,802,1,3862.93,1,0,0,0.453,0.7589319682292381,0,0.1,0.2,0,1,0
1336.65,14,6,1,22.87,1490,525,4,2151.21,0,0,0,0.568,0.6210592832483819,0,0.4,0.0,0,0,1
2649.12,23,0,0,2.72,466,875,4,1391.25,0,0,0,0.145,1.9027617166457174,1,0.4,0.0,1,0,0
1804.19,14,5,1,13.02,1397,2308,1,1906.7,0,0,0,0.649,0.9457409445929653,0,0.1,0.0,0,0,1
2314.22,2,0,0,82.57,245,2154,1,1286.68,1,0,0,0.469,1.7972011679920474,1,0.1,0.2,0,1,0
2191.75,9,3,0,16.15,183,2382,6,1294.27,1,0,0,0.254,1.692118245616744,0,0.6,0.2,0,0,1
7438.74,18,3,0,11.87,952,742,2,1605.32,1,0,0,0.437,4.630920364559988,0,0.2,0.2,0,1,0
4598.14,14,5,1,28.51,637,979,2,1760.17,0,0,0,0.313,2.6108439276163007,0,0.2,0.0,0,1,0
16545.52,14,3,0,46.42,1182,1038,2,1162.41,0,1,0,0.3,14.22157279033187,0,0.2,0.0,0,1,0
3846.92,1,6,1,8.58,959,2477,5,2443.51,0,1,0,0.498,1.5736977962863723,1,0.5,0.0,0,0,1
31537.25,3,5,1,25.42,1077,1412,4,2536.75,0,0,0,0.136,12.427248546941188,1,0.4,0.0,1,0,0
2360.45,11,1,0,91.72,924,1446,3,1676.79,1,1,0,0.486,1.4068804796786247,0,0.3,0.2,0,1,0
956.93,20,6,1,21.02,462,2282,1,1634.58,0,0,0,0.453,0.5850707394318835,0,0.1,0.0,0,0,1
1482.99,23,3,0,12.3,1394,441,5,1034.76,0,0,0,0.641,1.431789217579362,1,0.5,0.0,1,0,0
4432.98,6,2,0,26.3,76,1027,9,3951.72,1,0,0,0.158,1.1215011435163633,0,0.9,0.2,0,1,0
5623.87,3,5,1,4.64,1111,1127,3,2627.13,0,1,0,0.372,2.1398751203327078,1,0.3,0.0,0,1,0
1129.91,18,2,0,46.27,286,643,0,1359.76,0,0,0,0.129,0.830352156148035,0,0.0,0.0,0,1,0
3911.49,9,2,0,19.1,288,982,3,522.81,0,0,0,0.569,7.467383211469808,0,0.3,0.0,0,1,0
668.51,4,2,0,23.35,1227,2004,0,899.59,0,0,0,0.256,0.7423022685128637,1,0.0,0.0,0,1,0
3188.76,19,4,0,50.41,524,96,3,1739.08,0,1,0,0.463,1.8325364351064322,0,0.3,0.0,0,1,0
214.85,0,5,1,12.14,656,949,2,301.54,2,0,0,0.403,0.7101540292192767,1,0.2,0.4,1,0,0
6418.7,10,3,0,15.76,672,2044,1,3000.98,1,0,0,0.351,2.1381554840471955,0,0.1,0.2,0,1,0
3741.41,0,5,1,6.61,600,1415,5,4090.3,0,1,0,0.027,0.9144795052917165,1,0.5,0.0,0,1,0
11729.46,5,4,0,60.34,1413,2249,2,946.25,0,0,0,0.279,12.382644497228819,1,0.2,0.0,0,1,0
2297.07,7,2,0,51.5,890,2429,0,1342.79,0,0,1,0.205,1.7093965574978236,0,0.0,0.0,0,1,0
5146.91,21,2,0,15.1,172,1594,6,918.83,2,0,0,0.134,5.5955013426394,0,0.6,0.4,0,1,0
7651.06,23,2,0,0.12,468,435,2,6852.3,0,0,1,0.664,1.1164052354340246,1,0.2,0.0,1,0,0
968.2,15,2,0,3.13,583,353,5,1399.06,0,0,0,0.221,0.6915417910660973,0,0.5,0.0,0,1,0
689.96,1,4,0,58.96,120,220,1,1169.51,0,0,0,0.491,0.589452460893115,1,0.1,0.0,0,0,1
223.45,23,3,0,7.88,1302,361,5,2115.1,1,1,0,0.203,0.1055951987146165,1,0.5,0.2,0,0,1
6142.41,8,3,0,42.65,397,788,1,2542.48,0,0,0,0.217,2.414962964127888,0,0.1,0.0,0,1,0
4119.29,12,6,1,71.2,1454,899,2,8812.45,0,0,0,0.26,0.4673867781629214,0,0.2,0.0,0,1,0
1606.79,23,0,0,3.83,570,1118,2,8521.11,0,0,0,0.15,0.1885436822570936,1,0.2,0.0,0,0,1
1231.58,12,0,0,22.7,569,849,1,2878.49,0,0,1,0.153,0.4277076843468809,0,0.1,0.0,0,1,0
1588.97,8,5,1,36.66,1420,888,3,2706.83,1,0,0,0.181,0.5868056709616187,0,0.3,0.2,1,0,0
471.54,20,2,0,6.77,270,1374,2,552.13,0,0,1,0.09,0.852493988754904,0,0.2,0.0,0,0,1
12166.37,5,1,0,13.88,12,324,4,1785.38,2,0,0,0.305,6.8106281978078576,1,0.4,0.4,0,1,0
4714.95,19,0,0,13.05,494,1934,4,888.24,0,1,0,0.238,5.302224371373307,0,0.4,0.0,0,1,0
1780.24,16,2,0,3.59,1067,351,4,1516.81,0,0,0,0.056,1.172900428907439,0,0.4,0.0,0,1,0
904.44,7,0,0,14.47,1048,1022,2,1374.81,2,0,0,0.259,0.6573872845814467,0,0.2,0.4,0,1,0
2454.64,9,0,0,17.95,1050,2302,4,1428.27,0,0,0,0.036,1.7174081873963631,0,0.4,0.0,0,0,1
8817.95,4,6,1,14.13,69,569,2,3015.77,1,0,0,0.345,2.922977223984593,1,0.2,0.2,1,0,0
11090.27,17,3,0,34.52,111,2239,1,478.31,0,0,0,0.663,23.137990027330957,0,0.1,0.0,0,0,1
1489.0,10,5,1,104.73,693,1357,3,1390.47,0,0,0,0.437,1.0700913422495635,0,0.3,0.0,1,0,0
6667.82,4,4,0,16.95,501,671,3,388.86,0,0,0,0.208,17.103113938336836,1,0.3,0.0,0,0,1
8543.79,19,3,0,1.64,643,261,2,1214.53,0,0,0,0.064,7.028859838918004,0,0.2,0.0,1,0,0
715.1,11,1,0,33.31,399,2365,3,1380.28,0,0,0,0.269,0.5177082126723039,0,0.3,0.0,0,0,1
1178.31,11,1,0,20.4,866,958,2,823.99,0,0,0,0.218,1.428271857840701,0,0.2,0.0,1,0,0
1033.16,6,3,0,34.79,236,2320,1,4008.83,0,0,0,0.085,0.2576568083933733,0,0.1,0.0,0,1,0
1393.21,23,4,0,43.42,187,50,0,416.08,0,0,0,0.124,3.3403903327898727,1,0.0,0.0,1,0,0
1048.22,0,4,0,18.93,722,177,2,909.09,0,0,0,0.174,1.1517761979584438,1,0.2,0.0,0,0,1
613.08,11,6,1,33.15,658,354,2,4575.3,0,0,0,0.218,0.133968489828027,0,0.2,0.0,0,0,1
2189.74,5,5,1,2.23,216,1576,0,1462.08,0,0,0,0.7,1.4966645706318178,1,0.0,0.0,0,1,0
1540.9,13,2,0,33.99,1056,2124,1,3331.31,1,0,0,0.257,0.4624119604718649,0,0.1,0.2,0,0,1
5469.61,18,6,1,11.49,437,596,2,1379.76,1,1,0,0.546,3.9613039195805206,0,0.2,0.2,0,0,1
960.52,10,1,0,24.09,1152,1783,1,2353.22,0,0,0,0.47,0.4079992524063172,0,0.1,0.0,1,0,0
978.25,22,2,0,81.65,347,767,4,4212.79,0,1,1,0.49,0.23215442630031397,0,0.4,0.0,0,1,0
573.14,0,0,0,76.09,723,2496,1,1386.53,0,0,0,0.515,0.4130649427399768,1,0.1,0.0,1,0,0
9134.87,7,2,0,16.17,1469,157,4,1500.65,0,0,0,0.501,6.083221789365032,0,0.4,0.0,0,0,1
2060.38,4,0,0,24.55,1406,2466,3,1572.69,0,0,0,0.111,1.3092667552059174,1,0.3,0.0,1,0,0
23273.49,14,6,1,2.1,1061,2300,4,2511.12,1,0,0,0.123,9.26448179227107,0,0.4,0.2,0,1,0
9852.24,3,5,1,30.63,1473,2333,1,1231.23,0,0,1,0.283,7.995455393879389,1,0.1,0.0,1,0,0
1852.38,18,5,1,18.11,350,357,2,651.79,2,0,1,0.157,2.837635380443941,0,0.2,0.4,1,0,0
5792.11,12,1,0,3.28,1225,2016,1,2976.79,0,0,0,0.354,1.9451035835300674,0,0.1,0.0,0,1,0
571.0,2,2,0,7.27,803,194,1,1067.39,1,0,0,0.147,0.5344490307846386,1,0.1,0.2,0,0,1
1760.27,0,3,0,45.66,668,612,3,2066.31,0,0,0,0.456,0.8514784913728468,1,0.3,0.0,0,1,0
5081.63,12,6,1,70.73,14,1788,2,1586.27,0,1,0,0.163,3.2014906096631326,0,0.2,0.0,0,1,0
2843.2,14,1,0,10.97,727,1052,3,1386.77,0,1,0,0.113,2.048754476606354,0,0.3,0.0,1,0,0
13947.38,0,4,0,49.79,638,2144,2,581.4,0,0,0,0.097,23.948111263736262,1,0.2,0.0,0,0,1
1787.72,16,1,0,24.71,391,1077,6,2662.76,0,0,0,0.13,0.6711265279154278,0,0.6,0.0,0,0,1
2701.94,21,1,0,3.7,1474,1246,5,2541.76,0,0,0,0.148,1.0626012679136057,0,0.5,0.0,0,1,0
3964.95,5,5,1,10.99,107,646,2,3371.59,0,1,0,0.045,1.1756394936828964,1,0.2,0.0,0,1,0
3578.25,21,3,0,71.44,1070,56,4,4331.41,1,0,0,0.215,0.8259259857677367,0,0.4,0.2,0,0,1
2606.98,6,4,0,93.13,541,2250,5,4591.2,0,0,0,0.063,0.5676973999390271,0,0.5,0.0,0,1,0
4990.26,0,5,1,66.82,1253,549,0,2241.78,0,0,0,0.155,2.225033217703029,1,0.0,0.0,1,0,0
6635.01,11,3,0,32.37,1360,2094,3,439.65,0,0,0,0.283,15.057324407125838,0,0.3,0.0,1,0,0
3749.11,8,0,0,44.7,351,1272,3,653.12,0,0,0,0.275,5.731532440530789,0,0.3,0.0,0,1,0
3680.05,6,3,0,26.98,23,1813,3,2919.04,0,0,1,0.301,1.260273831865317,0,0.3,0.0,1,0,0
4252.18,6,3,0,53.34,471,2485,1,1174.09,1,1,0,0.15,3.6185994264269126,0,0.1,0.2,0,0,1
1900.49,12,0,0,24.46,977,1062,7,3766.12,0,0,0,0.664,0.5044941493767122,0,0.7,0.0,0,0,1
817.48,3,2,0,17.16,1236,1087,2,2748.32,1,0,0,0.275,0.29733897836555945,1,0.2,0.2,0,0,1
3743.78,17,1,0,0.62,1144,1226,3,725.17,0,0,0,0.285,5.155514548934823,0,0.3,0.0,0,1,0
498.9,17,5,1,0.75,1149,362,2,2329.76,1,0,0,0.425,0.21405035267466402,0,0.2,0.2,0,0,1
643.07,7,4,0,62.6,489,634,3,798.51,2,0,0,0.421,0.8043301522182338,0,0.3,0.4,1,0,0
1045.6,2,5,1,37.25,274,125,1,718.6,0,1,0,0.44,1.4530294608115617,1,0.1,0.0,1,0,0
2804.85,21,2,0,29.67,910,2157,2,2673.66,1,0,0,0.106,1.04867534565141,0,0.2,0.2,0,0,1
1012.43,23,1,0,10.51,1395,2186,2,482.52,0,0,0,0.421,2.093874090006618,1,0.2,0.0,0,0,1
407.32,23,6,1,37.76,405,1136,3,859.86,0,0,0,0.623,0.47315475222451964,1,0.3,0.0,1,0,0
12625.63,5,0,0,48.49,467,288,4,2742.26,1,0,0,0.337,4.602418290646894,1,0.4,0.2,1,0,0
4681.89,23,5,1,6.17,84,918,4,654.03,1,0,0,0.091,7.147596293299545,1,0.4,0.2,0,0,1
1783.98,17,4,0,60.5,98,1241,5,2309.76,0,0,0,0.339,0.7720317125101698,0,0.5,0.0,0,0,1
1041.18,7,6,1,8.57,412,2178,2,4149.5,0,0,0,0.182,0.25085652331044456,0,0.2,0.0,0,0,1
1487.19,17,5,1,27.85,465,1804,4,2294.81,0,0,0,0.599,0.6477844420923334,0,0.4,0.0,0,0,1
111.2,6,3,0,30.0,1492,509,2,5076.33,0,1,0,0.103,0.021901274882664707,0,0.2,0.0,0,1,0
4714.39,7,2,0,47.12,487,885,2,855.47,2,0,0,0.326,5.504442654150175,0,0.2,0.4,0,0,1
2071.43,17,5,1,38.04,672,1740,1,1543.93,0,0,0,0.479,1.3407921394496836,0,0.1,0.0,1,0,0
1000.57,13,3,0,0.2,107,1651,2,1019.45,0,0,0,0.109,0.9805183987456514,0,0.2,0.0,1,0,0
1908.25,21,4,0,48.87,1482,1710,2,768.78,0,0,0,0.13,2.4789550261113567,0,0.2,0.0,0,1,0
917.38,15,3,0,55.93,1128,2415,3,1308.93,0,0,0,0.284,0.7003274984159459,0,0.3,0.0,0,1,0
1161.49,8,4,0,12.58,803,814,2,1327.73,0,0,0,0.108,0.874135452650275,0,0.2,0.0,0,0,1
997.25,4,1,0,9.8,37,714,1,1362.2,1,0,0,0.091,0.7315507629107981,1,0.1,0.2,0,1,0
7227.18,16,2,0,27.38,607,2304,6,590.06,0,0,0,0.083,12.22748959496498,0,0.6,0.0,0,0,1
1404.1,9,0,0,64.34,1398,194,4,642.21,1,0,0,0.053,2.1829573545187415,0,0.4,0.2,0,0,1
2716.02,7,4,0,3.63,600,837,1,1486.27,0,0,0,0.328,1.826178165363384,0,0.1,0.0,0,0,1
3194.37,8,0,0,19.73,1430,965,2,1097.73,3,0,0,0.081,2.907329371183093,0,0.2,0.6,1,0,0
1038.17,15,0,0,5.56,1278,1057,3,706.01,1,1,0,0.034,1.4683950722054853,0,0.3,0.2,0,1,0
749.85,13,6,1,19.62,1490,660,0,803.02,0,0,0,0.297,0.9326260540782568,0,0.0,0.0,1,0,0
3405.47,3,1,0,32.71,618,351,5,1433.15,1,0,0,0.249,2.374556357424258,1,0.5,0.2,1,0,0
9640.29,16,4,0,25.16,887,909,2,1190.54,0,0,0,0.418,8.090613827483761,0,0.2,0.0,0,1,0
3547.52,1,1,0,7.31,555,410,3,358.05,0,1,0,0.207,9.880295223506476,1,0.3,0.0,0,1,0
3008.47,18,6,1,8.5,542,828,2,1810.16,0,0,0,0.313,1.6610735661123257,0,0.2,0.0,1,0,0
1089.23,14,5,1,2.92,53,2089,3,654.65,1,0,0,0.199,1.6612979486006254,0,0.3,0.2,0,0,1
6790.82,16,3,0,22.14,898,144,5,3278.8,0,0,0,0.347,2.0704982011098236,0,0.5,0.0,0,1,0
4420.16,9,2,0,51.28,173,198,4,674.65,1,0,0,0.209,6.542085399245171,0,0.4,0.2,0,0,1
1672.33,12,2,0,85.18,830,81,2,1978.69,0,0,0,0.327,0.8447433689112941,0,0.2,0.0,1,0,0
440.98,7,3,0,19.49,1045,506,4,1063.9,0,0,0,0.278,0.41410461076157384,0,0.4,0.0,0,1,0
4599.22,13,0,0,27.96,935,1534,1,1523.27,0,0,0,0.389,3.0173263267006503,0,0.1,0.0,0,0,1
170.55,2,0,0,38.45,934,658,2,1834.45,0,0,1,0.126,0.09291999237244272,1,0.2,0.0,0,0,1
1187.47,6,4,0,26.23,1068,2014,4,3354.01,1,1,0,0.305,0.3539393325206184,0,0.4,0.2,0,1,0
3035.13,3,3,0,18.93,194,2321,2,2776.37,0,1,0,0.468,1.092807224100498,1,0.2,0.0,1,0,0
1213.69,21,6,1,57.95,1345,2052,7,9695.22,0,0,0,0.268,0.12517145856839057,0,0.7,0.0,1,0,0
4149.22,21,4,0,11.09,419,2421,2,1659.35,1,0,1,0.066,2.4990032222121843,0,0.2,0.2,0,0,1
826.02,2,3,0,0.54,589,1572,0,3551.13,0,0,0,0.449,0.2325421648419399,1,0.0,0.0,0,1,0
24312.91,21,4,0,48.89,645,1343,2,4802.13,0,0,0,0.256,5.061888810005143,0,0.2,0.0,0,1,0
1102.24,5,0,0,42.59,332,2072,3,680.54,1,0,0,0.406,1.6172785163013177,1,0.3,0.2,0,1,0
510.07,11,4,0,13.54,1189,1776,2,2597.4,1,1,0,0.23,0.19630157019704433,0,0.2,0.2,0,0,1
3811.2,13,0,0,49.85,1426,896,5,1453.43,1,0,1,0.069,2.6204079948845935,0,0.5,0.2,0,0,1
1578.11,20,3,0,59.16,602,413,3,1544.85,0,0,1,0.35,1.020868777695119,0,0.3,0.0,0,1,0
1710.33,15,5,1,2.58,204,506,4,772.63,1,0,0,0.245,2.2107855176247044,0,0.4,0.2,0,0,1
187.34,13,5,1,16.34,796,50,3,1891.63,0,0,0,0.446,0.09898395354612365,0,0.3,0.0,0,1,0
1963.22,16,4,0,27.4,1392,2125,4,1494.52,0,0,0,0.41,1.312734032309832,0,0.4,0.0,1,0,0
1971.88,13,5,1,34.57,1343,446,2,1507.63,0,0,0,0.2,1.3070666763885115,0,0.2,0.0,0,1,0
3020.75,6,6,1,3.15,631,2313,4,1805.14,0,0,0,0.327,1.6724893972781731,0,0.4,0.0,0,0,1
2288.79,6,0,0,14.6,972,1609,4,1193.21,1,0,0,0.17,1.9165724621297762,0,0.4,0.2,1,0,0
381.22,13,2,0,48.83,666,333,3,1012.63,0,0,0,0.309,0.3760938409478804,0,0.3,0.0,1,0,0
2057.96,22,3,0,31.32,1351,1526,1,830.65,0,0,0,0.609,2.4745505921962363,0,0.1,0.0,0,0,1
3297.58,2,5,1,63.83,1270,560,3,3908.19,0,0,0,0.052,0.843545593844249,1,0.3,0.0,0,0,1
3818.04,9,4,0,4.97,675,1866,3,4535.35,1,0,0,0.514,0.8416546342323673,0,0.3,0.2,0,1,0
3131.62,2,5,1,36.37,1420,91,2,3751.77,0,0,0,0.309,0.834482262435481,1,0.2,0.0,1,0,0
1947.26,20,3,0,30.95,342,2071,1,118.14,0,0,0,0.074,16.344300822561692,0,0.1,0.0,0,0,1
678.79,15,5,1,13.78,876,1940,5,703.13,1,1,0,0.343,0.9640123272691122,0,0.5,0.2,1,0,0
159.75,13,0,0,37.07,665,1985,3,1842.53,0,0,0,0.189,0.08665440757676848,0,0.3,0.0,0,0,1
871.93,12,3,0,12.48,1271,2118,7,1000.94,0,0,0,0.668,0.8702417310417788,0,0.7,0.0,0,1,0
3720.13,19,6,1,13.95,1193,2305,3,2995.24,0,0,0,0.415,1.2415994713374097,0,0.3,0.0,1,0,0
4137.18,10,1,0,16.67,426,464,1,1651.23,0,0,0,0.111,2.503997627448963,0,0.1,0.0,0,0,1
831.2,13,5,1,36.19,936,1157,1,2256.76,0,0,0,0.28,0.3681525051378357,0,0.1,0.0,0,0,1
4506.73,13,1,0,22.24,116,1091,2,1107.79,1,0,1,0.298,4.064547840438676,0,0.2,0.2,0,0,1
395.1,20,0,0,68.6,840,1278,3,1829.38,1,0,1,0.067,0.21585681661731443,0,0.3,0.2,1,0,0
1468.78,7,3,0,7.26,802,100,2,589.58,1,0,0,0.211,2.487012767110298,0,0.2,0.2,0,1,0
2477.68,13,4,0,23.05,1438,1226,3,2780.39,1,0,0,0.553,0.8908063953634693,0,0.3,0.2,1,0,0
1443.52,20,1,0,5.2,54,860,2,3944.23,0,0,0,0.562,0.3658899481145586,0,0.2,0.0,1,0,0
1701.94,5,0,0,44.24,1465,505,4,746.49,0,0,0,0.493,2.276873269207615,1,0.4,0.0,0,1,0
10531.28,20,4,0,43.1,1231,1885,1,2007.28,1,0,0,0.329,5.243930129264844,0,0.1,0.2,1,0,0
40381.78,16,2,0,33.49,972,225,1,1192.08,1,0,0,0.13,33.846665772622124,0,0.1,0.2,0,1,0
1035.78,7,0,0,56.8,532,1080,2,2333.19,0,0,0,0.495,0.44374279728728167,0,0.2,0.0,0,1,0
2092.79,1,3,0,70.62,262,907,2,1629.24,0,0,0,0.413,1.2837312297575816,1,0.2,0.0,0,0,1
1178.64,4,1,0,7.96,487,1772,2,2589.76,1,0,0,0.238,0.4549398632061634,1,0.2,0.2,0,0,1
888.44,2,4,0,24.82,359,499,4,525.29,0,0,0,0.438,1.6881187178171733,1,0.4,0.0,1,0,0
9287.89,4,6,1,48.11,874,347,4,900.77,1,0,0,0.282,10.299621854796678,1,0.4,0.2,0,1,0
855.27,15,3,0,55.47,495,2115,3,1765.38,1,0,0,0.303,0.4841936616130164,0,0.3,0.2,0,0,1
61.46,10,6,1,83.4,509,1727,4,523.05,0,0,0,0.446,0.11727888560251885,0,0.4,0.0,0,1,0
622.7,18,3,0,48.74,56,1559,2,564.48,0,0,1,0.372,1.1011883709415011,0,0.2,0.0,0,0,1
6676.96,0,6,1,89.55,1306,2152,2,437.0,1,0,0,0.279,15.24420091324201,1,0.2,0.2,0,0,1
706.78,20,1,0,23.61,548,339,1,1081.15,0,0,0,0.392,0.6531257219424293,0,0.1,0.0,0,0,1
784.46,7,3,0,56.93,631,2325,3,2270.55,0,0,0,0.338,0.3453412867865554,0,0.3,0.0,0,0,1
1401.61,7,6,1,23.76,286,708,3,1287.37,0,0,0,0.241,1.0878940056039803,0,0.3,0.0,1,0,0
6948.87,23,6,1,49.58,531,2098,1,689.28,0,0,0,0.451,10.066741032624442,1,0.1,0.0,0,1,0
1264.03,6,0,0,30.96,710,1294,5,604.97,1,1,0,0.337,2.0859613512220077,0,0.5,0.2,1,0,0
1001.27,12,6,1,37.43,532,1839,2,3121.36,0,0,0,0.363,0.3206773081899589,0,0.2,0.0,0,1,0
1323.59,22,5,1,32.38,488,1393,2,2579.99,0,0,0,0.192,0.5128225990801979,0,0.2,0.0,0,0,1
3776.1,15,1,0,74.15,1449,1234,1,417.13,0,0,1,0.327,9.030923397029632,0,0.1,0.0,1,0,0
4174.98,9,0,0,0.38,938,66,4,1610.51,0,0,0,0.372,2.5907254686598282,0,0.4,0.0,0,1,0
6036.74,16,4,0,23.36,404,1580,4,1585.74,1,0,0,0.048,3.804492229350744,0,0.4,0.2,1,0,0
459.95,17,3,0,68.66,733,426,5,2978.83,0,0,1,0.236,0.15435444303869683,0,0.5,0.0,0,0,1
1156.85,14,0,0,23.53,1334,1383,4,2691.49,0,0,0,0.076,0.4296580488692623,0,0.4,0.0,0,1,0
2279.1,0,4,0,14.01,308,2048,3,948.9,2,0,0,0.228,2.399305190020002,1,0.3,0.4,0,1,0
10607.3,11,4,0,71.61,68,1099,3,1045.01,0,0,0,0.233,10.14072523207235,0,0.3,0.0,0,0,1
3015.9,21,3,0,52.4,1357,435,7,2028.74,0,0,1,0.157,1.485855331224689,0,0.7,0.0,0,0,1
3809.71,9,4,0,40.99,509,429,2,974.19,0,0,0,0.4,3.9066335790974063,0,0.2,0.0,0,0,1
2736.9,0,6,1,2.82,1461,708,2,2441.14,0,1,0,0.18,1.1206974211142686,1,0.2,0.0,0,0,1
744.84,17,3,0,57.43,938,1605,2,2078.57,1,0,0,0.131,0.35817019864683564,0,0.2,0.2,0,1,0
3716.6,11,6,1,13.3,709,2474,1,702.45,0,0,0,0.26,5.283389011301442,0,0.1,0.0,1,0,0
15018.18,14,1,0,30.56,545,1850,0,945.36,0,0,0,0.443,15.869415444439749,0,0.0,0.0,0,1,0
1235.6,7,3,0,75.75,81,138,8,3420.89,0,0,0,0.296,0.3610870016277554,0,0.8,0.0,0,1,0
1043.69,14,2,0,16.45,992,932,4,1074.2,0,0,1,0.113,0.9706938244047619,0,0.4,0.0,1,0,0
1857.46,1,3,0,5.54,1137,1480,3,942.59,1,1,0,0.165,1.9685032694284594,1,0.3,0.2,1,0,0
886.07,13,0,0,14.64,766,203,3,1136.75,0,0,0,0.332,0.7787914744012305,0,0.3,0.0,0,1,0
2574.39,14,5,1,9.68,429,1585,2,845.58,1,1,0,0.241,3.0409293864726306,0,0.2,0.2,0,1,0
700.66,7,5,1,14.89,569,105,5,2195.11,0,0,0,0.472,0.31904594942876263,0,0.5,0.0,1,0,0
2290.02,6,3,0,28.29,133,1654,2,914.35,0,0,0,0.169,2.501797126782105,0,0.2,0.0,0,0,1
1003.89,13,4,0,4.55,470,2267,3,636.05,0,1,0,0.518,1.5758417706616437,0,0.3,0.0,0,1,0
4025.48,9,5,1,108.8,193,1570,2,1522.53,0,0,0,0.169,2.64220592965022,0,0.2,0.0,1,0,0
3637.86,14,1,0,17.01,451,42,3,662.54,0,0,0,0.471,5.4825029387828925,0,0.3,0.0,0,1,0
1277.62,6,1,0,3.79,366,638,5,2062.36,0,0,0,0.206,0.6191939361042182,0,0.5,0.0,0,1,0
1305.41,6,0,0,66.12,7,1639,4,526.0,0,0,0,0.425,2.4770588235294118,0,0.4,0.0,0,1,0
2376.01,12,6,1,31.19,1154,1737,2,1092.76,2,0,1,0.167,2.1723321386775893,0,0.2,0.4,0,0,1
4018.74,1,6,1,13.56,25,2469,1,235.74,0,0,0,0.357,16.975331587395452,1,0.1,0.0,1,0,0
4518.65,17,3,0,44.72,1214,190,5,3908.24,0,0,0,0.204,1.1558896358371449,0,0.5,0.0,1,0,0
8816.6,8,3,0,20.56,882,1071,4,3106.3,0,0,0,0.358,2.8373829369549126,0,0.4,0.0,0,1,0
596.43,23,6,1,0.62,84,2145,3,3758.62,0,0,0,0.023,0.15864103287034326,1,0.3,0.0,1,0,0
1357.96,1,4,0,21.41,290,1659,1,1613.27,1,0,0,0.168,0.8412223481821505,1,0.1,0.2,1,0,0
663.0,0,5,1,20.15,1173,952,2,781.57,0,1,0,0.238,0.8472085564230676,1,0.2,0.0,0,0,1
11476.77,10,2,0,59.68,221,1640,3,3223.31,0,0,0,0.418,3.5594499288219805,0,0.3,0.0,1,0,0
711.03,12,5,1,3.1,396,307,1,1397.64,0,0,0,0.235,0.5083724189212377,0,0.1,0.0,0,0,1
690.61,20,5,1,9.6,86,2330,0,452.77,0,0,0,0.312,1.5219384269563876,0,0.0,0.0,0,1,0
465.63,4,2,0,66.65,888,1512,3,1226.43,0,0,0,0.228,0.3793536087597663,1,0.3,0.0,0,1,0
558.59,1,4,0,0.32,1181,2382,4,861.51,0,0,0,0.094,0.6476330709209169,1,0.4,0.0,0,1,0
1564.4,22,2,0,28.04,520,1636,3,1061.39,0,0,0,0.563,1.4725289206411958,0,0.3,0.0,0,0,1
1714.9,23,4,0,11.48,67,362,3,2227.55,1,0,0,0.217,0.7695138094276547,1,0.3,0.2,0,1,0
679.5,14,4,0,4.15,1267,954,3,1394.53,0,0,0,0.505,0.48691178262022317,0,0.3,0.0,0,0,1
1900.68,23,4,0,15.21,585,125,3,1467.95,0,0,0,0.133,1.2939038088430512,1,0.3,0.0,0,0,1
3318.88,17,2,0,19.0,296,1121,2,370.7,0,1,1,0.259,8.92892117298897,0,0.2,0.0,0,1,0
1989.85,4,5,1,36.89,950,1674,3,1386.58,0,0,0,0.297,1.43404344254025,1,0.3,0.0,0,0,1
5471.99,14,6,1,18.57,1409,400,1,957.33,0,1,1,0.274,5.709922469295545,0,0.1,0.0,1,0,0
993.06,7,4,0,20.42,1288,2251,3,4119.82,0,0,0,0.233,0.2409860173460622,0,0.3,0.0,0,0,1
2239.98,12,0,0,29.14,490,1855,1,2048.89,0,1,0,0.194,1.0927318051212505,0,0.1,0.0,0,0,1
291.27,23,3,0,13.22,348,1435,2,1589.6,1,0,0,0.359,0.18311957751791777,1,0.2,0.2,0,0,1
3616.14,16,3,0,82.7,7,1493,2,907.52,0,0,0,0.446,3.9802535992603354,0,0.2,0.0,1,0,0
5278.77,1,6,1,32.66,219,979,0,3014.19,0,0,0,0.24,1.7507254932524983,1,0.0,0.0,0,0,1
14856.79,16,2,0,12.68,432,153,1,1133.61,2,0,0,0.218,13.094182141881353,0,0.1,0.4,1,0,0
1625.83,1,2,0,9.02,403,1776,2,746.54,0,0,0,0.382,2.174907028386441,1,0.2,0.0,0,1,0
2153.33,9,6,1,18.05,1003,644,3,460.68,1,0,0,0.572,4.664118003812164,0,0.3,0.2,0,0,1
1503.76,4,6,1,62.57,371,886,2,1039.98,0,0,0,0.341,1.4445618551749313,1,0.2,0.0,1,0,0
1544.14,20,3,0,35.07,316,1653,1,2333.31,0,0,0,0.098,0.6614974018018173,0,0.1,0.0,1,0,0
3495.89,14,3,0,12.21,674,1000,3,2185.49,0,0,0,0.258,1.5988593590640707,0,0.3,0.0,1,0,0
558.0,13,3,0,7.1,452,151,2,2513.11,1,0,0,0.505,0.2219473292735799,0,0.2,0.2,1,0,0
3233.07,8,1,0,8.3,965,1744,2,627.32,0,0,0,0.276,5.145578686019863,0,0.2,0.0,0,1,0
641.01,0,3,0,44.99,1324,183,0,5989.71,1,0,0,0.156,0.10700067270824326,1,0.0,0.2,0,0,1
3550.26,4,6,1,16.99,1199,886,1,507.1,0,0,0,0.061,6.987325329659516,1,0.1,0.0,1,0,0
476.43,12,4,0,19.59,172,1832,4,472.76,0,0,1,0.174,1.0056357649442755,0,0.4,0.0,1,0,0
542.12,7,5,1,38.48,274,1687,5,1006.85,0,1,0,0.285,0.5378975045889766,0,0.5,0.0,0,1,0
10141.21,12,5,1,46.41,531,1016,1,879.52,0,0,0,0.617,11.517296597465133,0,0.1,0.0,0,0,1
301.48,16,5,1,27.67,1144,352,3,698.62,1,1,0,0.178,0.4309196420914211,0,0.3,0.2,0,0,1
6295.67,5,3,0,77.78,867,230,3,1284.42,1,0,0,0.298,4.897753263524762,1,0.3,0.2,0,1,0
453.04,6,0,0,67.63,748,2026,3,576.66,0,0,1,0.195,0.7842675622338401,0,0.3,0.0,0,1,0
7099.23,19,4,0,10.99,40,90,4,3708.06,2,0,0,0.28,1.9140240384356144,0,0.4,0.4,1,0,0
2751.12,11,2,0,22.54,532,1959,6,2153.67,1,0,0,0.099,1.2768173316563556,0,0.6,0.2,0,0,1
1890.36,18,6,1,15.34,1085,2197,3,2529.2,0,0,0,0.502,0.7471188048375622,0,0.3,0.0,0,0,1
3756.68,22,0,0,71.71,1354,694,1,1666.21,0,1,0,0.498,2.253273432860887,0,0.1,0.0,0,1,0
311.52,12,4,0,0.31,152,2062,2,2056.88,0,0,0,0.36,0.15137908915971776,0,0.2,0.0,0,1,0
1352.57,23,6,1,35.9,612,1377,2,938.92,0,1,0,0.697,1.4390267256787812,1,0.2,0.0,0,0,1
5463.73,2,1,0,9.64,242,1341,3,873.08,0,1,0,0.051,6.250835163829397,1,0.3,0.0,0,1,0
3862.12,19,0,0,4.77,26,327,1,1215.39,0,0,0,0.37,3.1750672070635235,0,0.1,0.0,0,1,0
575.1,14,3,0,21.66,519,579,1,2177.95,0,0,0,0.274,0.26393446384726593,0,0.1,0.0,0,0,1
16232.67,19,2,0,7.25,1383,560,2,2396.59,0,0,0,0.165,6.7704111211675055,0,0.2,0.0,0,1,0
886.42,5,6,1,49.89,734,2123,1,1796.99,0,0,0,0.471,0.4930060790104505,1,0.1,0.0,0,0,1
1477.49,0,0,0,22.32,1466,731,5,996.39,0,0,1,0.189,1.481356340047524,1,0.5,0.0,0,0,1
4512.3,8,4,0,13.41,1207,962,1,3064.45,1,0,0,0.07,1.4719861684255169,0,0.1,0.2,1,0,0
9415.06,12,1,0,87.97,1093,130,4,740.18,0,0,0,0.38,12.702798240643299,0,0.4,0.0,0,0,1
3521.2,12,4,0,37.15,1481,968,2,3571.23,0,0,0,0.17,0.9857148055976238,0,0.2,0.0,1,0,0
13599.4,13,5,1,64.73,7,1854,2,5436.24,1,0,0,0.194,2.501158676093018,0,0.2,0.2,1,0,0
603.53,10,0,0,2.97,44,435,3,1356.56,1,0,0,0.324,0.4445696691122308,0,0.3,0.2,0,0,1
658.34,2,1,0,4.08,878,2415,3,748.45,1,0,0,0.511,0.8784308492894789,1,0.3,0.2,1,0,0
12267.77,17,3,0,26.11,1271,61,5,1629.21,0,0,0,0.212,7.525269750522939,0,0.5,0.0,0,1,0
2208.97,11,0,0,4.53,512,2452,7,887.18,0,1,0,0.301,2.487074692066923,0,0.7,0.0,1,0,0
2828.44,23,5,1,21.53,1457,1127,4,637.11,0,0,0,0.25,4.432527307204087,1,0.4,0.0,0,1,0
4270.16,9,1,0,29.42,1116,268,3,1512.69,0,1,0,0.285,2.821026762415025,0,0.3,0.0,0,1,0
3281.27,11,4,0,24.3,540,238,1,1341.32,0,0,0,0.098,2.444476726860957,0,0.1,0.0,1,0,0
1378.64,19,6,1,61.26,323,1888,0,3554.94,0,1,0,0.204,0.38770057987480105,0,0.0,0.0,0,1,0
1221.77,2,6,1,30.68,211,1738,2,887.77,0,1,0,0.318,1.3746751127963366,1,0.2,0.0,0,0,1
2045.2,0,2,0,20.53,719,2361,2,5172.34,1,0,0,0.26,0.39533454209466223,1,0.2,0.2,0,0,1
1350.06,4,1,0,24.85,693,1560,4,1274.87,0,0,1,0.391,1.0581485574549132,1,0.4,0.0,0,0,1
832.78,22,1,0,4.83,803,191,2,1687.45,1,0,1,0.231,0.4932215937694335,0,0.2,0.2,1,0,0
3333.07,16,2,0,42.05,333,2491,1,579.48,0,0,0,0.066,5.741920479603087,0,0.1,0.0,1,0,0
1658.77,4,6,1,17.18,861,1258,1,615.02,0,1,0,0.261,2.6927210155514434,1,0.1,0.0,1,0,0
16127.08,15,0,0,37.13,177,2061,1,1565.38,0,0,0,0.478,10.295764756955528,0,0.1,0.0,1,0,0
4929.52,17,0,0,27.16,475,1545,2,1622.94,0,0,0,0.135,3.035530869367095,0,0.2,0.0,1,0,0
166.68,8,2,0,28.55,56,1682,1,1407.31,0,0,0,0.297,0.11835462362690034,0,0.1,0.0,0,0,1
759.95,12,5,1,65.11,566,1402,2,539.78,2,0,0,0.343,1.405284958763268,0,0.2,0.4,0,0,1
1407.31,8,5,1,15.1,1082,468,2,1026.89,1,0,0,0.25,1.3691251009349248,0,0.2,0.2,0,1,0
12336.37,1,1,0,24.6,657,2475,4,1501.14,0,0,0,0.176,8.212530123690202,1,0.4,0.0,0,0,1
819.29,14,2,0,8.84,641,325,3,827.4,0,0,0,0.211,0.9890028971511347,0,0.3,0.0,0,1,0
8475.73,22,0,0,5.04,778,428,5,1096.91,0,1,0,0.213,7.719876856937271,0,0.5,0.0,0,0,1
1966.46,22,2,0,46.0,303,1213,5,1335.62,1,1,0,0.317,1.4712184465293054,0,0.5,0.2,0,0,1
5685.9,8,6,1,8.09,300,1771,3,1128.81,0,1,0,0.386,5.032616103592639,0,0.3,0.0,0,1,0
1758.06,17,3,0,75.91,413,2266,7,682.43,0,0,0,0.553,2.572406830253281,0,0.7,0.0,1,0,0
588.65,6,5,1,33.01,137,745,1,2048.38,0,0,0,0.23,0.2872332119958231,0,0.1,0.0,0,0,1
1020.21,1,2,0,15.81,1454,1176,1,1511.85,1,0,0,0.448,0.6743629573321877,1,0.1,0.2,0,1,0
1882.6,1,3,0,53.61,898,1734,3,1860.54,0,0,0,0.299,1.0113132137907324,1,0.3,0.0,0,1,0
1705.93,19,3,0,58.3,1476,998,3,182.08,1,0,0,0.186,9.31794843784138,0,0.3,0.2,0,0,1
192.07,23,1,0,47.85,202,406,6,781.61,0,1,0,0.112,0.24542236874049653,1,0.6,0.0,1,0,0
2613.23,4,1,0,93.04,1433,372,0,833.29,0,0,1,0.427,3.132280142396529,1,0.0,0.0,0,0,1
3009.35,11,3,0,6.45,142,582,2,550.68,0,0,0,0.14,5.454883265661254,0,0.2,0.0,0,1,0
1332.69,11,6,1,46.74,887,309,6,1293.71,0,0,0,0.179,1.0293347545010079,0,0.6,0.0,1,0,0
2255.07,19,2,0,31.98,133,114,3,1013.51,0,0,0,0.412,2.222816926397966,0,0.3,0.0,1,0,0
1650.96,19,2,0,7.35,1151,2453,4,2186.35,1,0,0,0.281,0.7547763275196014,0,0.4,0.2,0,1,0
7452.71,2,4,0,29.96,446,1957,4,2642.78,0,0,0,0.203,2.8189599739766544,1,0.4,0.0,0,1,0
1374.36,7,4,0,73.52,39,1747,4,885.35,0,0,0,0.544,1.5505838551362328,0,0.4,0.0,0,0,1
3348.47,20,6,1,42.72,59,2359,0,2469.88,1,0,0,0.369,1.3551730557534156,0,0.0,0.2,0,0,1
3092.01,22,0,0,40.04,197,2077,5,2570.14,0,0,0,0.436,1.2025832899025337,0,0.5,0.0,1,0,0
582.7,9,2,0,127.03,454,567,6,2023.42,0,0,0,0.343,0.2878355282006698,0,0.6,0.0,1,0,0
2213.96,16,4,0,8.42,1000,1252,3,2154.54,1,0,0,0.15,1.0271022574389712,0,0.3,0.2,1,0,0
3245.59,20,2,0,4.78,933,1417,1,1327.82,0,0,1,0.246,2.4424602278713445,0,0.1,0.0,0,1,0
749.29,15,3,0,35.31,732,1201,2,3802.51,1,0,0,0.353,0.1969996135148849,0,0.2,0.2,0,0,1
2791.68,20,6,1,25.86,705,1969,2,2421.57,0,0,0,0.256,1.1523629864152531,0,0.2,0.0,1,0,0
5060.47,5,6,1,22.61,88,2121,1,1960.8,0,0,0,0.324,2.579503517178102,1,0.1,0.0,1,0,0
1941.87,19,3,0,44.51,1474,1427,3,2776.65,0,0,1,0.327,0.6991053588465069,0,0.3,0.0,1,0,0
3055.51,16,3,0,61.47,1028,2255,2,1451.28,0,1,0,0.327,2.1039400115680174,0,0.2,0.0,1,0,0
1385.98,20,0,0,36.52,535,149,3,1111.75,0,0,0,0.082,1.2455448213884521,0,0.3,0.0,0,1,0
1100.49,11,3,0,6.35,1319,1822,3,1395.59,0,0,0,0.066,0.7879835885979422,0,0.3,0.0,0,0,1
3218.48,7,1,0,21.72,740,502,5,3731.48,1,0,0,0.09,0.862289951989026,0,0.5,0.2,1,0,0
1586.42,18,3,0,6.06,565,2277,2,768.88,0,0,0,0.585,2.0606068478204396,0,0.2,0.0,0,1,0
2789.69,12,4,0,52.83,929,1670,4,1993.27,1,0,0,0.579,1.3988527130228103,0,0.4,0.2,1,0,0
4637.68,11,3,0,33.62,34,2263,4,805.44,2,0,0,0.591,5.750806011606567,0,0.4,0.4,0,1,0
8710.75,14,1,0,10.07,285,1115,1,916.06,0,0,0,0.114,9.498560617625891,0,0.1,0.0,0,0,1
1147.92,13,0,0,37.82,191,1934,6,1946.44,1,0,0,0.096,0.5894507661340016,0,0.6,0.2,0,1,0
1245.62,10,4,0,32.98,1468,2267,1,758.74,0,0,0,0.251,1.639534577618659,0,0.1,0.0,1,0,0
1432.34,15,4,0,20.73,219,1516,3,2955.71,0,0,0,0.128,0.48443709393210693,0,0.3,0.0,1,0,0
2659.83,15,6,1,33.91,437,699,4,1741.16,1,0,0,0.414,1.5267426642788262,0,0.4,0.2,0,1,0
1514.2,8,6,1,49.26,1302,665,5,2027.11,0,0,0,0.187,0.7466064463959056,0,0.5,0.0,0,0,1
1614.03,10,5,1,8.63,1146,1717,2,1805.6,1,0,0,0.042,0.8934075058120227,0,0.2,0.2,0,0,1
2782.9,18,0,0,35.32,600,75,3,2762.94,0,0,0,0.094,1.0068597726434003,0,0.3,0.0,0,0,1
459.52,20,6,1,56.65,1439,780,3,1124.08,0,1,0,0.395,0.408433178085114,0,0.3,0.0,1,0,0
6644.18,1,3,0,34.78,610,1859,2,988.93,1,0,0,0.089,6.711767498712031,1,0.2,0.2,0,1,0
1889.34,18,1,0,20.7,1172,890,3,1339.24,0,0,0,0.381,1.4097027398077955,0,0.3,0.0,0,1,0
2153.51,2,5,1,76.33,1050,1233,3,1809.59,0,0,0,0.365,1.1893968264488373,1,0.3,0.0,0,0,1
1362.14,0,1,0,89.85,85,1340,0,1146.51,1,0,0,0.292,1.187039764359352,1,0.0,0.2,0,1,0
1491.64,3,3,0,39.87,1320,2116,2,2097.18,0,0,0,0.042,0.7109208933456616,1,0.2,0.0,0,0,1
2149.65,12,2,0,79.57,38,1922,3,1333.81,0,0,0,0.203,1.6104539222810739,0,0.3,0.0,0,1,0
1601.72,18,5,1,24.28,1210,2360,3,813.51,0,1,0,0.154,1.9664829161090718,0,0.3,0.0,0,1,0
3311.74,1,4,0,9.31,611,1177,4,1809.88,0,0,0,0.303,1.8288014666902277,1,0.4,0.0,1,0,0
7490.24,18,3,0,4.61,124,1844,4,821.6,0,0,1,0.121,9.105567712132263,0,0.4,0.0,0,0,1
1770.74,23,3,0,37.4,1419,1358,0,2043.98,1,1,0,0.199,0.8658959989828752,1,0.0,0.2,0,0,1
2280.69,3,3,0,19.09,1225,1552,3,786.04,3,0,0,0.051,2.8978069729619844,1,0.3,0.6,0,1,0
1453.55,4,5,1,36.17,1204,499,6,2303.0,0,0,0,0.273,0.6308810763888889,1,0.6,0.0,0,1,0
1426.96,13,3,0,78.37,64,1155,1,1027.8,0,0,0,0.157,1.3870139968895803,0,0.1,0.0,0,1,0
4639.19,8,0,0,24.49,409,1305,6,2267.18,1,0,0,0.23,2.0453359080848963,0,0.6,0.2,0,0,1
990.9,20,3,0,68.92,530,1962,2,490.08,0,0,0,0.337,2.017797507534414,0,0.2,0.0,0,1,0
631.26,2,5,1,53.62,1202,522,3,7155.19,2,1,0,0.348,0.08821174395872665,1,0.3,0.4,1,0,0
2530.58,21,6,1,2.63,1420,1316,3,1880.57,0,0,0,0.083,1.3449300318351165,0,0.3,0.0,0,0,1
6344.15,5,6,1,28.0,987,1853,3,1796.05,0,1,0,0.251,3.530313569461061,1,0.3,0.0,0,1,0
6478.32,10,0,0,16.73,173,405,3,2966.89,1,0,0,0.171,2.182803271010718,0,0.3,0.2,1,0,0
1867.9,15,2,0,73.92,738,756,2,1832.44,0,0,0,0.119,1.0187952700933764,0,0.2,0.0,0,1,0
5438.24,19,4,0,33.15,807,2415,5,1087.29,1,0,0,0.517,4.997050418546527,0,0.5,0.2,1,0,0
2343.63,12,3,0,15.41,309,816,1,1159.73,1,0,0,0.317,2.0191000491070277,0,0.1,0.2,0,0,1
1720.94,19,4,0,11.64,952,2220,1,847.39,1,0,0,0.285,2.028477469088509,0,0.1,0.2,0,1,0
16826.72,16,6,1,27.19,913,2234,2,3346.18,0,1,0,0.227,5.027133288320318,0,0.2,0.0,0,1,0
3220.79,1,1,0,34.39,1099,2381,4,1356.42,1,1,0,0.134,2.37272914794242,1,0.4,0.2,0,1,0
2713.94,13,0,0,14.72,1239,2394,0,1655.73,0,0,1,0.07,1.6381305342451697,0,0.0,0.0,1,0,0
7148.1,20,6,1,20.45,695,562,3,1464.58,0,0,0,0.362,4.877318194844363,0,0.3,0.0,0,1,0
442.64,3,1,0,26.7,122,1269,2,514.94,0,0,0,0.065,0.8579292165755706,1,0.2,0.0,1,0,0
4828.27,15,4,0,31.96,784,1839,3,2914.12,0,0,0,0.267,1.6562851615027856,0,0.3,0.0,0,1,0
4559.83,7,1,0,41.26,126,1967,1,965.03,1,1,0,0.44,4.720174321708436,0,0.1,0.2,0,1,0
1467.06,20,2,0,12.77,405,2305,4,1008.62,1,1,0,0.355,1.4530813573423664,0,0.4,0.2,0,1,0
1510.88,22,6,1,20.01,1088,2144,3,1119.64,0,1,0,0.476,1.348229583095374,0,0.3,0.0,1,0,0
1363.5,8,6,1,39.65,810,1061,2,1061.23,0,0,0,0.12,1.2836203082195006,0,0.2,0.0,0,1,0
5873.51,6,3,0,43.64,1325,287,2,815.71,1,0,0,0.253,7.19167146233057,0,0.2,0.2,0,1,0
2356.34,5,0,0,0.96,623,527,5,2318.72,1,0,0,0.082,1.0157863880123466,1,0.5,0.2,0,1,0
1157.65,7,6,1,50.74,497,2241,2,1272.83,0,0,0,0.261,0.9087947371313285,0,0.2,0.0,0,0,1
966.86,9,1,0,20.15,463,985,3,764.1,0,0,0,0.073,1.263704090968501,0,0.3,0.0,0,0,1
1525.21,14,3,0,58.68,41,1701,3,1169.09,0,0,0,0.091,1.3034980215197123,0,0.3,0.0,1,0,0
600.86,16,0,0,0.99,350,1140,7,727.49,1,0,0,0.464,0.8248019876731321,0,0.7,0.2,1,0,0
1380.24,19,1,0,3.46,495,483,2,1434.41,0,0,0,0.247,0.9615649884005266,0,0.2,0.0,0,0,1
1114.16,23,1,0,26.33,367,2412,5,2323.2,0,0,0,0.251,0.47937354788744524,1,0.5,0.0,0,1,0
3498.92,19,2,0,27.49,1168,396,4,5299.92,1,0,0,0.314,0.660059008624918,0,0.4,0.2,0,0,1
3531.25,20,0,0,70.67,1294,65,8,973.11,0,0,0,0.044,3.6251039410333536,0,0.8,0.0,1,0,0
2007.59,11,4,0,38.14,728,1801,1,1259.59,0,0,0,0.59,1.5925796650774637,0,0.1,0.0,1,0,0
8071.25,8,0,0,6.23,1082,2488,5,1606.62,1,0,0,0.486,5.020620544656076,0,0.5,0.2,1,0,0
1246.07,22,5,1,34.45,724,1407,4,1052.08,2,0,0,0.499,1.1832624302047328,0,0.4,0.4,0,1,0
998.22,22,3,0,29.82,369,752,2,996.95,1,0,0,0.584,1.0002705546370059,0,0.2,0.2,1,0,0
4572.15,19,5,1,36.05,60,2095,1,5181.19,0,0,0,0.269,0.882281429279899,0,0.1,0.0,1,0,0
5209.32,22,4,0,41.09,163,1741,8,2901.49,3,0,0,0.12,1.794776209392625,0,0.8,0.6,1,0,0
1350.46,1,3,0,0.57,1175,798,1,2271.26,0,1,0,0.278,0.5943245931363488,1,0.1,0.0,0,0,1
48350.83,4,0,0,45.02,847,320,5,2280.0,0,0,0,0.352,21.197207365190707,1,0.5,0.0,1,0,0
15105.08,16,1,0,17.92,1248,640,4,2126.96,0,0,0,0.503,7.098385307994511,0,0.4,0.0,1,0,0
1975.42,14,6,1,0.14,1025,991,5,2182.3,1,1,0,0.348,0.9047863326157651,0,0.5,0.2,0,0,1
1473.43,23,0,0,17.4,1451,75,4,842.7,0,0,0,0.072,1.7463908972383548,1,0.4,0.0,1,0,0
3919.48,20,5,1,32.49,335,807,2,2228.47,0,0,0,0.204,1.758032178051286,0,0.2,0.0,0,1,0
1277.34,3,5,1,38.49,180,2309,2,7083.99,0,0,0,0.537,0.18028818671585986,1,0.2,0.0,0,1,0
1681.79,7,0,0,56.42,209,379,3,2099.99,2,0,0,0.262,0.8004750141599913,0,0.3,0.4,0,1,0
1068.96,4,5,1,59.41,907,1349,4,1190.21,1,1,0,0.223,0.8973732591230765,1,0.4,0.2,1,0,0
5890.44,13,5,1,55.27,1320,1728,7,510.74,0,0,0,0.214,11.510610857075857,0,0.7,0.0,1,0,0
1896.55,12,4,0,9.45,650,1385,4,2004.48,1,0,0,0.128,0.9456838263158944,0,0.4,0.2,0,0,1
693.66,16,5,1,40.8,534,970,4,1437.0,1,0,1,0.179,0.4823783031988873,0,0.4,0.2,0,0,1
4003.28,18,1,0,4.63,1135,902,2,2407.94,0,0,0,0.442,1.6618429682765035,0,0.2,0.0,1,0,0
139.07,5,4,0,15.85,449,1279,4,1044.61,1,0,0,0.291,0.13300370118877977,1,0.4,0.2,0,0,1
7934.25,14,6,1,25.21,56,1120,7,1819.76,0,0,0,0.386,4.357658340473209,0,0.7,0.0,0,0,1
179.5,4,1,0,9.14,1251,2183,6,1753.32,0,0,0,0.117,0.10231884718865429,1,0.6,0.0,0,1,0
1753.31,9,0,0,63.35,310,1174,3,2419.96,0,0,0,0.113,0.7242209701936422,0,0.3,0.0,1,0,0
2303.35,13,2,0,13.43,1260,887,3,339.43,0,0,0,0.096,6.766001821226096,0,0.3,0.0,0,1,0
6553.72,22,1,0,8.98,1171,2427,4,3361.61,1,0,0,0.618,1.9489979509963986,0,0.4,0.2,1,0,0
3658.47,9,5,1,38.78,895,161,4,1540.67,0,0,0,0.157,2.3730564906886684,0,0.4,0.0,0,0,1
1004.35,1,4,0,51.81,830,1134,1,6996.45,0,0,0,0.187,0.14353085766957965,1,0.1,0.0,0,1,0
5040.01,3,2,0,47.33,1058,2394,2,1358.84,0,0,0,0.149,3.706325744205201,1,0.2,0.0,1,0,0
586.62,4,0,0,22.11,28,1622,3,608.33,0,0,0,0.142,0.9627295554133227,1,0.3,0.0,0,1,0
3590.03,18,0,0,39.26,542,1696,1,2622.33,0,0,0,0.608,1.3685011035592167,0,0.1,0.0,1,0,0
1033.77,1,1,0,39.72,563,521,3,2567.75,1,0,0,0.166,0.40244087591240874,1,0.3,0.2,0,0,1
6350.31,6,3,0,26.85,1366,242,4,1515.9,0,0,0,0.596,4.186373524952205,0,0.4,0.0,0,0,1
2476.84,11,1,0,15.15,353,1655,3,1171.31,0,0,0,0.23,2.1127858672194217,0,0.3,0.0,1,0,0
2825.22,4,5,1,25.75,682,2339,3,2037.77,2,0,0,0.179,1.3857472888064861,1,0.3,0.4,0,1,0
354.84,9,0,0,10.87,831,1931,5,4484.25,0,0,0,0.691,0.07911264700964271,0,0.5,0.0,0,1,0
730.0,9,0,0,28.75,1277,1262,3,10227.55,0,0,0,0.431,0.07136886459957668,0,0.3,0.0,0,0,1
1178.51,9,0,0,6.89,88,1151,7,964.04,1,0,0,0.106,1.2212032661858576,0,0.7,0.2,0,1,0
1055.77,11,4,0,3.74,1205,1094,3,1595.22,1,0,0,0.374,0.6614188520379396,0,0.3,0.2,0,1,0
5924.04,22,0,0,6.95,321,2349,3,2896.72,1,0,0,0.485,2.0443797192275306,0,0.3,0.2,0,0,1
4107.03,20,6,1,64.74,942,917,3,715.88,1,0,0,0.227,5.729034147974556,0,0.3,0.2,1,0,0
3598.09,17,2,0,24.25,1394,1797,2,604.42,0,0,0,0.454,5.943130388820984,0,0.2,0.0,0,0,1
787.04,3,5,1,36.05,1151,223,3,1018.03,1,0,0,0.273,0.7723423255448809,1,0.3,0.2,0,0,1
1850.6,15,3,0,35.49,153,661,4,1434.0,0,0,0,0.142,1.2896167247386758,0,0.4,0.0,0,1,0
869.59,4,2,0,17.84,29,525,2,2991.06,1,0,0,0.311,0.2906325407912943,1,0.2,0.2,1,0,0
1789.28,12,6,1,51.2,1300,547,6,3461.75,0,0,0,0.47,0.5167222583206988,0,0.6,0.0,0,1,0
742.28,3,5,1,140.8,932,1712,3,1264.15,1,0,1,0.288,0.5867130379796861,1,0.3,0.2,1,0,0
955.56,9,1,0,12.21,1168,673,3,2664.45,0,0,0,0.58,0.35849856497026766,0,0.3,0.0,1,0,0
5739.31,20,1,0,31.91,214,327,3,2398.29,0,0,0,0.12,2.3920868256859324,0,0.3,0.0,0,0,1
575.57,9,4,0,41.89,1315,611,1,1727.77,0,0,0,0.407,0.3329361337829787,0,0.1,0.0,1,0,0
713.52,19,4,0,22.65,1097,1807,2,757.44,0,0,0,0.221,0.9407731659722588,0,0.2,0.0,1,0,0
6926.9,2,2,0,17.41,1354,2290,2,480.89,0,0,0,0.379,14.374442300109983,1,0.2,0.0,0,1,0
4479.07,16,4,0,63.77,579,2031,5,3285.11,0,1,0,0.323,1.3630310610417788,0,0.5,0.0,0,1,0
4132.45,1,4,0,77.0,439,771,6,762.85,0,0,0,0.457,5.410028146887478,1,0.6,0.0,0,1,0
3231.31,17,2,0,13.54,718,1751,4,1007.02,3,0,0,0.423,3.205601079343664,0,0.4,0.6,1,0,0
14253.25,21,2,0,30.77,1186,541,2,319.49,0,0,0,0.038,44.473306499422755,0,0.2,0.0,0,0,1
2674.77,4,5,1,49.21,840,476,4,3016.06,0,0,0,0.138,0.8865484942294817,1,0.4,0.0,0,0,1
5917.8,1,6,1,8.72,1440,50,2,944.26,0,0,0,0.475,6.2604997566807015,1,0.2,0.0,0,0,1
294.21,16,1,0,48.85,1213,1598,2,831.61,0,1,0,0.391,0.35335871536493674,0,0.2,0.0,0,1,0
4487.08,18,3,0,77.13,538,1021,2,759.76,0,1,1,0.277,5.898154477101846,0,0.2,0.0,0,1,0
1900.37,19,4,0,58.12,210,1988,4,395.57,0,0,0,0.211,4.7920165418463325,0,0.4,0.0,0,0,1
589.66,2,0,0,86.58,930,1625,2,468.94,0,0,0,0.182,1.2547559262884622,1,0.2,0.0,0,1,0
5626.29,23,3,0,0.32,64,371,2,289.46,0,0,0,0.202,19.370274736624665,1,0.2,0.0,0,1,0
2002.36,4,1,0,21.09,277,2392,1,929.61,1,0,0,0.232,2.1516639623472775,1,0.1,0.2,0,1,0
785.96,5,1,0,11.18,596,1104,3,860.54,0,0,0,0.162,0.9122733709404092,1,0.3,0.0,0,1,0
1976.32,2,6,1,36.72,418,207,7,3395.46,0,0,1,0.223,0.5818764242770413,1,0.7,0.0,0,0,1
1093.99,10,6,1,20.81,9,47,3,1767.56,0,0,0,0.134,0.6185766951644276,0,0.3,0.0,0,0,1
2368.29,19,0,0,32.51,448,124,1,513.14,0,0,0,0.345,4.606313455479053,0,0.1,0.0,0,0,1
729.74,1,6,1,15.92,461,1554,3,916.45,0,0,0,0.048,0.795400294293967,1,0.3,0.0,0,0,1
1059.09,12,1,0,25.47,965,471,6,2694.22,0,0,1,0.42,0.39295122476087296,0,0.6,0.0,0,1,0
500.81,14,6,1,29.71,75,38,2,2300.51,0,0,0,0.209,0.21760061872422887,0,0.2,0.0,1,0,0
3280.14,20,1,0,37.19,53,1956,5,1159.78,1,0,0,0.184,2.8258067850927824,0,0.5,0.2,0,1,0
766.34,18,2,0,94.08,420,318,4,2408.68,0,0,1,0.122,0.3180256299591647,0,0.4,0.0,1,0,0
2138.2,8,3,0,20.05,192,1264,3,880.58,0,0,0,0.176,2.4254179995008958,0,0.3,0.0,1,0,0
5571.22,4,0,0,18.9,1155,603,4,1201.01,0,0,0,0.21,4.634919842596983,1,0.4,0.0,0,0,1
1400.24,19,0,0,49.73,1157,426,4,874.94,0,0,0,0.448,1.5985569787885014,0,0.4,0.0,0,0,1
1844.12,23,2,0,61.6,1487,1868,2,1332.5,0,0,0,0.022,1.3829171353580803,1,0.2,0.0,1,0,0
6468.2,11,5,1,74.64,706,248,2,1770.97,1,0,0,0.131,3.650287533084646,0,0.2,0.2,0,1,0
654.71,8,3,0,32.63,1226,1396,2,4020.9,0,0,1,0.527,0.1627862453069445,0,0.2,0.0,0,1,0
1630.69,20,2,0,0.05,1207,32,2,655.95,0,0,0,0.077,2.482213258238831,0,0.2,0.0,0,0,1
2538.8,0,1,0,49.82,696,2079,3,685.65,0,0,0,0.116,3.697371295419792,1,0.3,0.0,0,0,1
2929.21,12,6,1,13.13,420,2246,6,607.43,1,0,0,0.468,4.814374702102132,0,0.6,0.2,0,1,0
262.13,7,3,0,49.36,405,748,4,902.44,0,0,0,0.207,0.29014655096077213,0,0.4,0.0,0,0,1
2751.45,0,3,0,46.19,1307,1848,2,1170.46,1,0,0,0.53,2.3487357656258,1,0.2,0.2,0,0,1
2287.77,21,0,0,79.46,816,963,4,2824.7,0,0,0,0.371,0.8096294723431363,0,0.4,0.0,0,0,1
4046.94,21,2,0,64.74,845,1476,3,2775.65,1,0,0,0.091,1.457490140997245,0,0.3,0.2,0,1,0
6377.12,22,2,0,11.02,1474,2467,1,11571.02,1,0,0,0.414,0.5510809694418087,0,0.1,0.2,0,1,0
323.84,6,0,0,22.67,688,92,6,952.51,0,0,0,0.313,0.3396293693825969,0,0.6,0.0,0,0,1
1162.38,12,1,0,22.42,283,732,3,567.2,0,0,0,0.098,2.0457233368532206,0,0.3,0.0,0,0,1
1768.53,13,6,1,30.15,1080,1983,4,1053.61,0,1,0,0.399,1.6769516693374804,0,0.4,0.0,0,1,0
2855.24,10,6,1,19.37,162,1377,1,940.01,1,0,0,0.405,3.034229179286086,0,0.1,0.2,1,0,0
3283.61,2,4,0,38.8,1313,564,4,408.43,0,0,0,0.165,8.019954570988936,1,0.4,0.0,0,1,0
1455.56,12,3,0,23.58,393,456,3,2779.33,1,0,1,0.32,0.5235205892825672,0,0.3,0.2,1,0,0
1179.6,3,6,1,85.38,311,1730,4,767.77,0,0,1,0.165,1.5343991050639332,1,0.4,0.0,1,0,0
416.48,10,5,1,35.12,240,1736,0,340.45,0,0,0,0.287,1.219739346902914,0,0.0,0.0,1,0,0
6523.82,11,0,0,58.96,293,878,4,526.03,0,0,0,0.405,12.37846042919758,0,0.4,0.0,0,0,1
2263.23,10,5,1,15.6,927,1314,4,2659.36,0,0,0,0.405,0.8507232103925784,0,0.4,0.0,1,0,0
801.37,17,4,0,48.45,125,795,3,965.79,2,0,0,0.519,0.8288976923633882,0,0.3,0.4,0,1,0
4042.63,21,4,0,62.82,1444,840,2,2899.96,0,0,0,0.138,1.3935490320445645,0,0.2,0.0,0,1,0
635.49,22,0,0,52.31,355,281,2,2925.65,0,0,0,0.367,0.2171390497667982,0,0.2,0.0,0,0,1
4247.23,0,1,0,56.81,578,1928,2,1472.02,0,0,0,0.595,2.8833484949287853,1,0.2,0.0,0,1,0
6467.53,19,2,0,20.36,967,62,2,3674.01,0,0,0,0.416,1.7598673200889248,0,0.2,0.0,1,0,0
1097.99,19,0,0,14.49,1420,921,1,5678.92,0,0,0,0.053,0.19331082127917296,0,0.1,0.0,1,0,0
1138.23,15,2,0,11.55,719,2006,1,1170.51,1,0,0,0.332,0.9715922185896835,0,0.1,0.2,1,0,0
1552.49,0,1,0,63.86,1211,574,0,890.69,0,0,0,0.654,1.7410647198017246,1,0.0,0.0,0,0,1
492.23,15,0,0,63.08,535,1668,1,2847.3,0,0,0,0.458,0.17281536355018784,0,0.1,0.0,0,1,0
2460.17,15,4,0,27.71,10,1002,2,301.9,0,0,0,0.606,8.12205348299769,0,0.2,0.0,0,0,1
4003.72,7,5,1,20.43,970,77,6,4961.44,0,0,0,0.28,0.8068047170343622,0,0.6,0.0,1,0,0
3054.34,0,2,0,47.88,1381,1474,2,252.95,1,0,0,0.254,12.027328214215398,1,0.2,0.2,0,1,0
4826.03,10,0,0,54.96,146,1612,6,1042.81,0,0,0,0.312,4.623475536735612,0,0.6,0.0,0,1,0
542.73,11,2,0,15.0,544,1208,4,1928.45,0,0,0,0.244,0.2812874135116225,0,0.4,0.0,0,1,0
2010.34,1,3,0,24.77,184,390,4,453.58,0,0,0,0.13,4.422411896695851,1,0.4,0.0,1,0,0
2359.41,14,4,0,10.62,968,2344,2,4311.29,0,0,0,0.476,0.5471362083718859,0,0.2,0.0,0,1,0
2319.03,14,3,0,25.68,123,614,2,3815.74,1,0,0,0.283,0.6075944392334821,0,0.2,0.2,1,0,0
3831.92,21,5,1,19.19,1455,593,3,1785.61,1,0,0,0.257,2.144799368636692,0,0.3,0.2,0,1,0
613.04,12,1,0,15.98,1204,2359,3,839.22,0,0,0,0.145,0.7296184332674776,0,0.3,0.0,0,1,0
910.09,19,6,1,84.05,1237,1283,1,2049.41,0,0,0,0.302,0.4438575699494248,0,0.1,0.0,0,1,0
1394.64,11,2,0,19.12,1188,38,1,891.8,0,0,1,0.378,1.5620967741935485,0,0.1,0.0,0,1,0
1628.59,18,2,0,18.96,248,209,2,1210.65,1,0,0,0.209,1.3441092724796764,0,0.2,0.2,0,0,1
668.88,13,1,0,42.94,1499,1291,3,497.36,0,0,0,0.238,1.3421622923188057,0,0.3,0.0,0,1,0
4878.81,7,5,1,75.36,675,559,7,1407.5,0,0,0,0.044,3.463833865814697,0,0.7,0.0,0,1,0
509.13,18,3,0,28.51,444,1227,2,1960.46,0,0,0,0.614,0.2595668532623658,0,0.2,0.0,0,0,1
2020.73,5,0,0,26.03,243,2333,3,2343.72,0,0,0,0.237,0.861821454160838,1,0.3,0.0,0,1,0
332.64,9,2,0,23.36,1419,418,7,1613.92,0,0,0,0.652,0.20597924355386024,0,0.7,0.0,0,0,1
8567.02,13,2,0,3.27,76,2269,4,1355.22,1,0,0,0.152,6.316836501452567,0,0.4,0.2,0,0,1
687.03,0,3,0,6.35,1335,2361,3,1311.94,0,0,0,0.053,0.5232760065197191,1,0.3,0.0,0,1,0
3622.69,0,1,0,79.41,1162,976,1,6568.42,0,0,1,0.277,0.5514474641596975,1,0.1,0.0,1,0,0
8911.82,21,6,1,7.24,1186,363,0,1583.32,1,0,0,0.519,5.625012623712381,0,0.0,0.2,0,1,0
1447.34,17,6,1,58.93,642,2463,2,724.83,0,0,0,0.574,1.994048193103068,0,0.2,0.0,1,0,0
1910.95,2,5,1,125.8,1376,1933,4,2204.35,0,1,0,0.396,0.8665064502233206,1,0.4,0.0,1,0,0
2285.13,19,4,0,18.31,1041,1565,7,1476.48,2,0,0,0.543,1.546640225248396,0,0.7,0.4,0,0,1
3429.97,8,5,1,52.49,261,1047,1,631.88,0,0,0,0.337,5.419621413222096,0,0.1,0.0,1,0,0
2732.57,5,1,0,42.21,894,1794,6,1171.22,0,0,0,0.268,2.331106788828036,1,0.6,0.0,1,0,0
8460.8,17,6,1,3.45,1457,343,4,2598.01,0,0,0,0.366,3.255393399794537,0,0.4,0.0,0,0,1
2426.75,13,4,0,10.37,820,2000,2,1114.46,0,0,0,0.209,2.1755598587129974,0,0.2,0.0,0,0,1
929.13,5,2,0,1.86,339,1875,3,1621.75,0,0,0,0.189,0.5725650901247882,1,0.3,0.0,0,0,1
1011.47,22,3,0,9.11,532,1908,1,723.51,0,0,0,0.027,1.396074588342466,0,0.1,0.0,0,1,0
4441.95,4,2,0,18.01,225,1666,2,683.5,0,0,1,0.193,6.489335281227173,1,0.2,0.0,0,0,1
2703.53,5,5,1,31.65,377,2198,1,602.28,1,0,0,0.337,4.481385094815012,1,0.1,0.2,0,0,1
1952.92,3,3,0,18.17,194,367,0,2421.59,0,0,0,0.212,0.8061289776644005,1,0.0,0.0,1,0,0
9832.94,2,1,0,21.41,203,1301,5,1741.84,1,0,0,0.312,5.641906313832596,1,0.5,0.2,0,0,1
589.84,21,6,1,11.86,1460,2461,3,872.19,0,1,0,0.171,0.6755001775100493,0,0.3,0.0,0,0,1
1087.55,18,5,1,21.28,307,1225,8,1938.1,0,0,0,0.252,0.5608529730287247,0,0.8,0.0,0,1,0
14113.82,18,4,0,13.71,338,2060,5,660.73,1,0,0,0.24,21.32866879240778,0,0.5,0.2,0,0,1
3469.17,19,0,0,21.09,1187,1878,2,3101.89,0,0,0,0.393,1.118044790501758,0,0.2,0.0,0,1,0
1863.72,8,0,0,13.91,769,1434,2,1933.0,0,0,0,0.143,0.9636608066184075,0,0.2,0.0,0,1,0
4022.43,12,5,1,36.91,323,1441,3,954.98,0,0,0,0.123,4.207650787673382,0,0.3,0.0,0,1,0
5764.39,1,3,0,26.83,841,2213,2,794.78,1,0,0,0.431,7.243698006986857,1,0.2,0.2,0,1,0
3564.5,8,2,0,27.45,787,784,6,3474.33,0,0,0,0.37,1.0256579950680942,0,0.6,0.0,0,0,1
3107.44,11,0,0,59.32,873,490,7,4271.66,0,0,0,0.128,0.7272846423539435,0,0.7,0.0,1,0,0
1068.25,9,2,0,37.35,1039,363,1,1962.04,2,0,1,0.526,0.544181473632733,0,0.1,0.4,0,1,0
1006.74,13,0,0,4.34,316,1724,4,2811.72,0,0,0,0.407,0.35792400238914646,0,0.4,0.0,0,1,0
1395.0,11,3,0,30.78,1226,1973,4,828.13,0,1,0,0.136,1.6824864617128799,0,0.4,0.0,0,0,1
3586.8,10,5,1,49.74,1495,1633,1,3135.18,0,0,0,0.281,1.1436843548520814,0,0.1,0.0,0,1,0
802.92,19,4,0,14.39,101,797,3,1568.26,0,1,0,0.11,0.5116551750506608,0,0.3,0.0,0,0,1
11464.67,22,0,0,8.32,714,1252,4,877.64,1,0,0,0.383,13.048199490121096,0,0.4,0.2,0,0,1
2042.93,16,0,0,13.74,545,333,4,5567.96,0,1,0,0.304,0.36684228293972304,0,0.4,0.0,0,0,1
5324.36,1,6,1,23.8,1214,2069,4,1956.89,0,0,0,0.379,2.7194377620806067,1,0.4,0.0,0,1,0
523.35,12,2,0,50.97,961,1804,1,915.86,0,0,0,0.269,0.5708068843662064,0,0.1,0.0,1,0,0
12046.01,16,2,0,58.23,685,820,7,680.02,0,0,0,0.215,17.68818830577663,0,0.7,0.0,0,1,0
691.38,20,2,0,72.54,203,926,1,453.69,1,0,0,0.067,1.5205524643163475,0,0.1,0.2,0,0,1
6284.39,6,6,1,38.22,979,1914,4,1602.26,0,0,0,0.226,3.919757244614099,0,0.4,0.0,1,0,0
1829.23,21,3,0,86.98,348,240,3,5418.66,0,0,0,0.378,0.3375174826465129,0,0.3,0.0,0,0,1
1759.08,4,3,0,65.55,1489,1182,2,2186.42,0,0,0,0.219,0.8041802671640562,1,0.2,0.0,0,0,1
1220.05,20,5,1,13.83,1249,1190,5,1508.21,0,0,0,0.462,0.8084030718057791,0,0.5,0.0,0,1,0
2564.54,7,3,0,40.86,1405,1409,1,1206.0,0,0,0,0.451,2.124722452361226,0,0.1,0.0,1,0,0
2771.57,20,1,0,9.25,423,2050,2,1277.36,0,0,0,0.496,2.168066898213336,0,0.2,0.0,1,0,0
1177.85,11,3,0,51.95,567,502,1,4507.21,0,0,0,0.109,0.2612677759021873,0,0.1,0.0,0,0,1
10558.55,5,4,0,6.38,1211,1584,2,1819.15,0,0,0,0.198,5.8009230008515775,1,0.2,0.0,0,0,1
6466.19,6,1,0,34.12,1449,354,2,1199.53,0,0,0,0.138,5.38611280017992,0,0.2,0.0,1,0,0
2612.45,17,3,0,29.68,218,1143,5,574.07,0,0,0,0.235,4.542838263167962,0,0.5,0.0,0,1,0
3758.04,17,2,0,8.22,108,1172,1,2008.6,1,0,0,0.131,1.8700437898089173,0,0.1,0.2,0,1,0
825.07,21,4,0,29.93,1143,1111,3,842.12,0,0,0,0.481,0.9785914223360851,0,0.3,0.0,1,0,0
953.14,17,6,1,36.01,535,935,4,1869.68,2,0,0,0.105,0.5095152564842731,0,0.4,0.4,1,0,0
1629.51,7,3,0,5.94,686,1439,2,207.03,0,1,0,0.476,7.833052925058886,0,0.2,0.0,0,0,1
997.29,0,3,0,30.13,1426,898,5,3367.58,0,0,0,0.443,0.29605649858397304,1,0.5,0.0,0,0,1
514.69,1,5,1,12.35,1309,452,1,1610.99,1,0,0,0.295,0.31928858119467246,1,0.1,0.2,0,1,0
530.8,7,0,0,2.74,152,1554,3,2190.39,0,0,0,0.347,0.24222069097695983,0,0.3,0.0,1,0,0
507.11,4,0,0,6.06,1074,30,6,2415.2,0,1,0,0.168,0.20987914907706318,1,0.6,0.0,0,1,0
492.73,7,3,0,30.46,660,1707,3,422.15,0,0,0,0.261,1.1644334160463194,0,0.3,0.0,1,0,0
3314.77,20,3,0,45.96,793,1869,1,3052.74,1,1,0,0.372,1.0854787899428242,0,0.1,0.2,0,1,0
4360.22,20,1,0,26.87,638,2477,3,1775.96,0,0,0,0.181,2.453752476139024,0,0.3,0.0,0,1,0
1355.96,6,4,0,11.55,147,1335,4,1585.9,0,0,0,0.483,0.8544709811582331,0,0.4,0.0,1,0,0
930.55,18,1,0,32.73,780,1067,4,1574.15,0,0,0,0.355,0.590769133098435,0,0.4,0.0,0,1,0
14592.42,21,0,0,18.42,390,1517,2,924.08,0,0,0,0.289,15.77422493189778,0,0.2,0.0,0,0,1
3336.84,11,2,0,81.5,40,1370,2,1402.29,3,0,0,0.154,2.3778691503538116,0,0.2,0.6,0,1,0
312.97,15,2,0,3.25,112,2306,0,1964.29,0,0,0,0.286,0.15924876226918167,0,0.0,0.0,0,1,0
712.73,15,4,0,50.07,1409,1587,3,711.65,0,0,0,0.429,1.0001122570686873,0,0.3,0.0,1,0,0
1873.19,13,6,1,25.92,797,1823,1,1075.86,1,0,0,0.435,1.7394925988522187,0,0.1,0.2,1,0,0
1747.72,22,4,0,4.69,238,931,4,1615.46,0,0,0,0.338,1.0812021330561845,0,0.4,0.0,0,0,1
4337.29,19,2,0,7.99,1495,2422,5,1018.44,0,1,0,0.36,4.254580946401946,0,0.5,0.0,1,0,0
1105.2,17,4,0,109.95,412,2113,3,1942.16,0,0,1,0.417,0.568764280862101,0,0.3,0.0,0,1,0
1362.32,15,1,0,88.12,163,1017,2,17029.29,0,1,0,0.13,0.07999394020888663,0,0.2,0.0,0,1,0
3449.3,1,5,1,28.64,482,1012,5,1077.63,0,0,0,0.169,3.1978528318329733,1,0.5,0.0,1,0,0
2846.59,20,1,0,31.35,1177,501,1,647.62,0,0,0,0.118,4.388686750331473,0,0.1,0.0,0,0,1
688.54,22,4,0,14.16,1193,1991,2,5961.94,0,0,0,0.229,0.11546988566042925,0,0.2,0.0,1,0,0
3011.47,18,2,0,2.04,254,1996,1,2036.84,1,0,0,0.508,1.4777754877713658,0,0.1,0.2,0,1,0
2403.47,2,0,0,40.16,541,1655,8,1917.06,0,0,0,0.464,1.2530734179327028,1,0.8,0.0,0,1,0
7643.55,12,6,1,27.1,905,921,1,4156.31,0,0,0,0.658,1.8385807168577757,0,0.1,0.0,0,1,0
7746.19,8,1,0,5.88,476,357,3,860.19,0,0,0,0.29,8.994751448576968,0,0.3,0.0,0,0,1
3125.49,18,4,0,12.67,88,1434,5,2713.39,0,0,0,0.244,1.151452075788667,0,0.5,0.0,0,1,0
4517.09,23,3,0,39.12,1188,1420,2,1143.14,1,1,0,0.175,3.94802209519814,1,0.2,0.2,0,0,1
951.98,9,0,0,33.64,1116,1638,3,390.97,0,0,0,0.134,2.428706278541725,0,0.3,0.0,1,0,0
927.84,6,6,1,23.74,1074,1395,6,676.48,0,0,0,0.307,1.3695459644565153,0,0.6,0.0,1,0,0
4711.5,5,0,0,29.81,1476,1342,1,879.76,0,0,0,0.459,5.34935737317771,1,0.1,0.0,0,0,1
1562.86,21,6,1,62.92,659,358,2,2215.52,0,0,0,0.207,0.7050962770469024,0,0.2,0.0,0,0,1
11961.12,18,5,1,20.99,646,291,3,5134.28,1,0,0,0.374,2.329205028742347,0,0.3,0.2,0,1,0
1499.68,12,5,1,81.95,950,515,4,1100.06,0,0,0,0.344,1.3620329500662998,0,0.4,0.0,0,0,1
331.12,4,6,1,24.19,633,2243,5,1136.39,0,0,0,0.236,0.2911226580152806,1,0.5,0.0,0,0,1
3154.34,10,1,0,37.91,1183,364,1,1650.41,0,0,0,0.159,1.910088954287548,0,0.1,0.0,0,1,0
1209.1,12,6,1,6.61,797,127,4,3672.71,0,0,0,0.707,0.32912233137618374,0,0.4,0.0,1,0,0
7238.79,0,2,0,132.95,1050,46,3,3136.82,0,0,0,0.396,2.3069487733522,1,0.3,0.0,0,1,0
1956.87,23,6,1,14.43,75,640,4,1377.24,0,0,0,0.614,1.4198325400510796,1,0.4,0.0,0,1,0
2040.63,5,0,0,93.18,1448,1912,2,796.42,1,0,0,0.201,2.559040405307116,1,0.2,0.2,1,0,0
10714.99,2,6,1,40.67,1473,2389,4,621.74,2,1,0,0.057,17.206201625076275,1,0.4,0.4,0,1,0
1494.7,6,6,1,8.46,194,835,3,8963.79,2,0,0,0.063,0.16673006283471223,0,0.3,0.4,1,0,0
93.31,11,1,0,50.12,630,1146,3,1698.71,0,0,0,0.197,0.05489760017885404,0,0.3,0.0,0,1,0
6485.58,23,6,1,48.19,1494,1974,5,1141.9,0,0,0,0.147,5.674669699886254,1,0.5,0.0,0,0,1
1820.38,16,1,0,42.2,162,239,2,1114.96,0,0,0,0.213,1.6312233413383992,0,0.2,0.0,0,1,0
625.11,10,0,0,33.52,1104,1182,2,1424.7,0,0,0,0.336,0.4384583011853826,0,0.2,0.0,0,0,1
437.7,12,5,1,143.9,964,1725,5,1848.45,0,0,0,0.339,0.23666495444591634,0,0.5,0.0,0,1,0
795.37,22,1,0,33.51,374,2439,4,862.7,0,0,1,0.22,0.9208868820192196,0,0.4,0.0,0,1,0
849.05,0,1,0,56.23,451,499,3,1515.39,1,0,0,0.308,0.5599153252131707,1,0.3,0.2,1,0,0
1427.78,16,6,1,15.47,151,779,4,1623.8,2,0,1,0.428,0.8787419990152634,0,0.4,0.4,0,1,0
3061.8,11,6,1,5.07,1,702,4,1046.27,0,0,0,0.364,2.9236013635452176,0,0.4,0.0,0,0,1
11836.34,18,3,0,7.91,1199,1595,4,1696.96,1,0,0,0.161,6.970918042827864,0,0.4,0.2,1,0,0
3748.8,16,6,1,41.43,630,2426,3,3755.49,0,1,0,0.443,0.9979528762222182,0,0.3,0.0,0,1,0
7738.64,19,6,1,14.61,513,484,4,3248.19,0,0,0,0.167,2.381713596311696,0,0.4,0.0,1,0,0
4313.74,18,4,0,66.82,634,1051,5,482.04,0,0,0,0.256,8.930399138787678,0,0.5,0.0,1,0,0
1499.05,12,2,0,46.8,588,1737,3,2168.94,1,0,0,0.18,0.6908255527802611,0,0.3,0.2,0,1,0
4758.58,8,4,0,19.47,737,1179,3,1148.7,0,0,0,0.315,4.138975384883013,0,0.3,0.0,0,1,0
908.92,22,5,1,22.38,1347,636,8,502.45,0,1,0,0.118,1.8053828582778826,0,0.8,0.0,0,1,0
3008.72,20,1,0,9.5,100,963,3,2109.45,0,0,0,0.443,1.4256296050605322,0,0.3,0.0,0,0,1
1718.47,15,5,1,86.62,1471,1622,3,619.71,0,0,0,0.336,2.768555364018624,0,0.3,0.0,0,1,0
1557.32,5,1,0,45.98,834,2025,4,2801.16,0,0,0,0.239,0.5557569874668113,1,0.4,0.0,0,0,1
1819.24,21,3,0,36.06,1027,870,2,5707.38,1,0,0,0.134,0.31869637270118667,0,0.2,0.2,0,1,0
5126.71,2,6,1,42.59,1166,1456,1,1758.09,0,0,0,0.677,2.9144102916849053,1,0.1,0.0,0,0,1
6000.4,0,5,1,23.15,1209,203,0,1173.88,0,0,0,0.237,5.107244995233555,1,0.0,0.0,0,1,0
2815.61,5,5,1,4.92,1278,2024,4,989.19,1,0,0,0.075,2.8435047819105423,1,0.4,0.2,1,0,0
234.86,11,3,0,56.37,1381,2392,2,969.01,0,0,0,0.098,0.24212121524520366,0,0.2,0.0,0,1,0
3014.53,8,4,0,14.69,1286,1196,5,1473.36,0,0,0,0.521,2.0446363167747363,0,0.5,0.0,0,1,0
9258.08,21,5,1,7.51,15,1423,1,802.01,0,0,0,0.283,11.529221304840538,0,0.1,0.0,1,0,0
28751.79,18,6,1,27.39,105,2055,3,1055.53,0,0,0,0.148,27.213415615268854,0,0.3,0.0,0,1,0
5024.15,3,6,1,53.54,737,2442,6,1415.19,0,1,0,0.146,3.5476525042543723,1,0.6,0.0,0,0,1
2901.27,20,1,0,2.36,600,70,1,2676.17,0,0,0,0.382,1.0837077959188246,0,0.1,0.0,0,1,0
8238.84,18,6,1,31.42,57,923,4,1360.08,2,0,1,0.386,6.053163664149059,0,0.4,0.4,0,0,1
2172.92,6,2,0,16.07,1487,2235,1,2116.86,1,0,0,0.447,1.025997941318123,0,0.1,0.2,0,1,0
2023.99,21,4,0,40.05,350,490,2,3633.62,1,0,0,0.167,0.5568642664157464,0,0.2,0.2,0,1,0
1661.31,18,6,1,12.8,1473,1660,1,1598.16,1,0,0,0.343,1.0388641536806822,0,0.1,0.2,0,0,1
3460.23,13,6,1,7.37,1156,1137,2,1382.55,0,0,0,0.286,2.500979364677822,0,0.2,0.0,0,1,0
1017.66,6,0,0,4.97,679,2287,3,799.35,1,0,0,0.131,1.2715187105641281,0,0.3,0.2,0,1,0
863.08,5,5,1,40.12,1246,1032,3,1293.6,0,0,0,0.024,0.6666769658581803,1,0.3,0.0,0,0,1
1054.73,12,0,0,69.71,684,74,2,479.0,1,0,0,0.295,2.1973541666666665,0,0.2,0.2,0,1,0
1533.16,5,5,1,32.56,1372,1941,2,3391.58,1,0,0,0.078,0.4519156512152993,1,0.2,0.2,0,0,1
16945.27,12,3,0,72.35,901,785,6,715.65,0,0,0,0.515,23.645112677039002,0,0.6,0.0,0,1,0
2795.17,12,0,0,10.9,729,1328,1,716.75,0,0,0,0.171,3.8943504005572973,0,0.1,0.0,0,0,1
4393.46,1,6,1,46.85,952,792,1,1942.44,1,0,0,0.47,2.260661507430124,1,0.1,0.2,1,0,0
912.44,15,6,1,36.49,923,1737,6,6269.18,0,1,0,0.353,0.14552054326989017,0,0.6,0.0,1,0,0
951.91,0,3,0,22.11,96,93,2,3406.23,0,0,0,0.474,0.2793794372554832,1,0.2,0.0,0,0,1
276.64,4,4,0,2.22,345,1449,2,2468.44,0,0,0,0.093,0.11202539847090838,1,0.2,0.0,1,0,0
4489.85,23,4,0,77.22,235,1439,4,4267.81,1,0,0,0.411,1.0517802385208055,1,0.4,0.2,1,0,0
181.66,12,6,1,28.35,312,2032,0,1400.74,0,0,0,0.08,0.12959607345156735,0,0.0,0.0,0,0,1
1024.78,23,2,0,73.89,644,560,5,2485.8,0,1,0,0.099,0.41208782370918445,1,0.5,0.0,0,1,0
1547.21,20,0,0,51.35,348,1043,3,1238.91,0,0,1,0.384,1.2478405690735617,0,0.3,0.0,0,1,0
4404.65,22,2,0,4.96,433,1799,3,816.2,0,0,0,0.453,5.389929025942241,0,0.3,0.0,0,1,0
450.15,21,3,0,55.44,569,1972,2,540.01,1,1,0,0.237,0.8320548603537827,0,0.2,0.2,0,1,0
6044.62,19,6,1,18.83,209,1217,1,3214.37,1,0,0,0.014,1.8799142866917338,0,0.1,0.2,0,1,0
4174.56,17,3,0,33.99,1291,2121,1,1701.07,0,0,1,0.344,2.4526370830811897,0,0.1,0.0,0,1,0
318.92,1,1,0,28.55,892,1871,4,1260.33,0,0,0,0.36,0.25284421999001055,1,0.4,0.0,0,1,0
1892.67,16,2,0,32.38,1328,1174,1,1466.2,0,0,0,0.101,1.289987731733915,0,0.1,0.0,0,1,0
1691.09,6,0,0,41.74,1145,411,6,4508.36,1,0,0,0.159,0.37501774087675416,0,0.6,0.2,0,0,1
483.55,14,5,1,7.22,1436,1287,1,611.41,0,0,0,0.409,0.7895854084681831,0,0.1,0.0,1,0,0
1573.39,6,1,0,6.92,1196,625,4,528.18,0,1,0,0.287,2.973260516270457,0,0.4,0.0,0,1,0
4364.31,16,2,0,19.3,1486,715,5,507.05,0,0,0,0.719,8.590315913788013,0,0.5,0.0,0,0,1
1497.86,15,2,0,37.02,403,1201,2,2340.84,0,0,0,0.529,0.6396081713524407,0,0.2,0.0,0,1,0
574.5,4,3,0,8.24,532,1764,2,1576.35,0,0,0,0.149,0.3642184676831395,1,0.2,0.0,0,0,1
1506.44,19,0,0,11.93,1396,2158,2,1198.81,0,0,0,0.283,1.2555654645318843,0,0.2,0.0,0,0,1
1204.32,3,1,0,21.51,1061,539,4,1542.13,1,0,0,0.136,0.7804397555617478,1,0.4,0.2,0,1,0
2780.04,3,1,0,25.22,985,927,5,714.69,0,1,0,0.272,3.8844192317903,1,0.5,0.0,1,0,0
2511.81,14,0,0,43.0,537,1992,2,811.23,1,0,0,0.192,3.092486118463982,0,0.2,0.2,0,0,1
921.18,7,6,1,35.94,369,1458,3,1507.68,0,0,0,0.211,0.6105867380756688,0,0.3,0.0,1,0,0
1014.63,11,5,1,47.06,868,569,1,4426.78,1,1,0,0.092,0.2291509514926216,0,0.1,0.2,0,0,1
2252.94,3,6,1,16.4,351,1093,2,1363.11,0,0,0,0.326,1.6515823503969622,1,0.2,0.0,0,0,1
135.55,15,5,1,66.94,938,1324,2,1128.38,0,0,0,0.377,0.12002160477430095,0,0.2,0.0,0,0,1
2608.73,8,1,0,56.5,1003,1061,0,3114.68,0,0,0,0.281,0.8372907358907206,0,0.0,0.0,0,1,0
1215.06,1,6,1,2.33,827,785,4,4969.53,0,1,0,0.14,0.24445280483167792,1,0.4,0.0,0,1,0
1330.9,19,5,1,28.12,598,112,3,1486.05,0,0,0,0.061,0.8949934433946405,0,0.3,0.0,0,1,0
2371.82,6,3,0,4.05,1146,1380,2,1291.49,1,0,0,0.548,1.8350780276829997,0,0.2,0.2,1,0,0
1672.79,22,3,0,51.78,233,1348,6,438.78,0,0,0,0.214,3.8036973031970533,0,0.6,0.0,0,1,0
6388.69,9,6,1,16.88,315,1700,1,828.64,0,0,0,0.303,7.700556868039149,0,0.1,0.0,1,0,0
1240.32,22,2,0,8.38,195,1923,3,3134.07,1,0,1,0.409,0.39562752984781835,0,0.3,0.2,0,0,1
5983.31,3,4,0,25.58,194,2118,6,777.45,0,1,0,0.03,7.686184083756182,1,0.6,0.0,0,0,1
624.08,14,5,1,38.67,1463,2229,7,1771.52,1,0,0,0.172,0.3520862952181076,0,0.7,0.2,1,0,0
6655.34,17,6,1,56.97,13,1133,4,686.87,2,0,0,0.342,9.675287481646242,0,0.4,0.4,0,1,0
3581.98,13,3,0,61.19,829,1725,8,1965.5,0,1,0,0.208,1.8215001271294178,0,0.8,0.0,0,1,0
2683.85,21,1,0,16.27,681,63,3,1374.98,0,0,0,0.448,1.9505007340222968,0,0.3,0.0,1,0,0
12294.89,16,1,0,28.55,1426,2355,4,3790.08,0,0,0,0.233,3.2431101427561537,0,0.4,0.0,1,0,0
1674.08,7,4,0,60.52,882,1131,1,850.06,0,0,0,0.1,1.967052851737833,0,0.1,0.0,1,0,0
1352.17,16,4,0,11.04,121,2012,3,1147.46,1,0,0,0.145,1.1773766609198406,0,0.3,0.2,1,0,0
4230.79,6,5,1,73.23,672,1054,3,4343.36,1,0,0,0.241,0.9738580596451492,0,0.3,0.2,0,1,0
381.99,0,3,0,29.29,100,178,3,2307.8,0,0,0,0.361,0.1654495841995842,1,0.3,0.0,0,1,0
583.12,18,4,0,26.98,285,548,1,1696.25,0,0,1,0.469,0.34356753571954635,0,0.1,0.0,0,1,0
2562.5,4,5,1,18.69,1139,1866,1,598.93,1,0,0,0.249,4.271331655359792,1,0.1,0.2,0,1,0
1641.15,8,1,0,81.43,1148,167,2,987.15,0,1,0,0.093,1.6608308455194052,0,0.2,0.0,0,1,0
2133.25,18,6,1,29.2,1468,1385,1,1657.7,0,0,0,0.292,1.2860975462711761,0,0.1,0.0,1,0,0
2614.77,20,4,0,3.19,1015,1608,3,2436.19,1,0,0,0.33,1.072862599961431,0,0.3,0.2,0,1,0
1512.69,19,1,0,25.47,1033,358,2,982.93,1,0,0,0.221,1.5373959529641337,0,0.2,0.2,0,1,0
29237.63,17,5,1,6.29,730,546,1,1714.81,0,0,0,0.742,17.040132648719847,0,0.1,0.0,1,0,0
1838.82,16,4,0,34.99,432,2278,1,1380.59,0,0,0,0.375,1.3309447810131805,0,0.1,0.0,0,1,0
988.92,0,4,0,50.72,54,2125,1,756.07,0,0,0,0.6,1.3062464501301068,1,0.1,0.0,1,0,0
1099.58,23,2,0,84.85,527,1006,5,1311.97,0,0,0,0.256,0.8374753421631872,1,0.5,0.0,0,0,1
1373.24,16,6,1,53.08,1453,316,6,2201.99,1,0,1,0.55,0.6233528068670308,0,0.6,0.2,0,1,0
702.19,15,1,0,37.37,100,1457,0,1283.92,1,0,0,0.155,0.5464853843040812,0,0.0,0.2,0,0,1
1650.55,12,2,0,16.33,482,1519,1,1374.69,0,0,0,0.184,1.1997979195894424,0,0.1,0.0,0,0,1
2778.1,17,6,1,34.61,942,1055,0,1943.14,0,0,0,0.308,1.4289608773030749,0,0.0,0.0,0,1,0
2432.93,1,0,0,2.42,612,417,5,4333.31,0,0,0,0.396,0.5613188719773158,1,0.5,0.0,0,0,1
1372.28,10,6,1,25.5,120,1896,3,425.07,0,0,0,0.142,3.220785316966696,0,0.3,0.0,1,0,0
2854.85,23,3,0,38.09,623,2124,2,3749.66,0,0,0,0.443,0.7611593692843392,1,0.2,0.0,0,0,1
1972.16,9,4,0,27.08,309,2145,1,406.84,0,0,0,0.01,4.835621812475481,0,0.1,0.0,0,1,0
1573.71,15,6,1,44.64,812,1650,4,1035.17,2,0,0,0.312,1.5187758765453545,0,0.4,0.4,0,0,1
1539.99,22,2,0,17.41,876,291,3,2746.64,1,0,0,0.222,0.5604773551120235,0,0.3,0.2,1,0,0
2817.39,22,2,0,42.77,252,2143,6,2148.42,1,1,1,0.095,1.3107675558988006,0,0.6,0.2,0,0,1
2613.94,12,5,1,19.51,637,1544,5,2800.02,0,0,1,0.123,0.9332100449122106,0,0.5,0.0,1,0,0
5253.49,10,1,0,22.55,1102,140,2,569.66,0,0,0,0.132,9.205989555952756,0,0.2,0.0,0,1,0
2809.23,4,3,0,10.84,117,1094,4,1802.34,1,0,0,0.462,1.5577927623188086,1,0.4,0.2,1,0,0
8437.05,18,5,1,25.74,512,1956,2,695.36,1,1,0,0.57,12.115931414785454,0,0.2,0.2,0,1,0
1169.26,19,0,0,9.92,160,112,3,2351.85,0,0,0,0.159,0.49695475699683367,0,0.3,0.0,1,0,0
2682.21,19,1,0,23.54,1408,1007,1,1580.14,0,0,0,0.399,1.6963772973930202,0,0.1,0.0,0,0,1
2864.42,19,3,0,42.2,222,1036,1,975.03,1,0,0,0.278,2.9347663493949985,0,0.1,0.2,0,0,1
2666.92,17,2,0,18.24,443,1687,1,1798.28,1,0,1,0.179,1.4822151082655286,0,0.1,0.2,0,0,1
954.18,1,1,0,8.82,813,2196,3,444.25,0,0,0,0.257,2.143020774845592,1,0.3,0.0,1,0,0
3619.41,3,1,0,36.92,180,1612,2,621.28,0,0,0,0.081,5.816368837179405,1,0.2,0.0,0,0,1
1065.81,13,3,0,37.02,566,1566,7,896.73,0,1,0,0.038,1.1872277856371067,0,0.7,0.0,1,0,0
5545.69,3,3,0,0.85,860,1823,3,1088.3,0,0,0,0.466,5.091058477921601,1,0.3,0.0,0,0,1
17622.8,23,5,1,30.16,1246,650,5,4654.78,0,0,0,0.194,3.785144487067688,1,0.5,0.0,0,0,1
3448.4,8,3,0,7.98,1362,1082,1,2697.96,1,0,0,0.194,1.2776773275632096,0,0.1,0.2,0,1,0
1928.67,3,1,0,3.04,295,1273,0,318.19,1,0,0,0.213,6.04238854600708,1,0.0,0.2,1,0,0
497.73,9,0,0,71.22,196,737,4,4044.25,1,0,1,0.198,0.12304060317656511,0,0.4,0.2,1,0,0
1217.31,9,0,0,33.4,1242,1562,0,2060.01,0,0,0,0.22,0.5906376000116447,0,0.0,0.0,0,0,1
1844.15,1,6,1,2.02,474,1100,1,790.19,1,0,0,0.411,2.330856052275686,1,0.1,0.2,0,0,1
5326.3,2,0,0,33.08,270,932,1,305.04,0,0,0,0.068,17.403934126258005,1,0.1,0.0,1,0,0
6249.43,12,4,0,0.27,1466,1816,3,1929.83,0,0,0,0.103,3.2366547028997896,0,0.3,0.0,1,0,0
236.72,17,4,0,64.2,445,2161,3,2814.45,1,0,0,0.414,0.08407892166438759,0,0.3,0.2,0,0,1
2738.12,4,6,1,8.38,912,985,6,1706.28,0,0,0,0.105,1.6037908251722037,1,0.6,0.0,0,0,1
2127.71,15,2,0,51.72,1054,2088,4,1471.66,1,0,0,0.405,1.4448073553977157,0,0.4,0.2,0,1,0
5282.91,8,5,1,51.35,718,837,3,3134.36,0,0,0,0.332,1.6849452694427434,0,0.3,0.0,1,0,0
5326.6,9,5,1,12.26,1034,1467,3,1655.8,2,0,0,0.505,3.2149927571221637,0,0.3,0.4,1,0,0
4347.78,8,3,0,49.64,1017,480,3,4459.64,1,0,0,0.414,0.9746986979446894,0,0.3,0.2,1,0,0
535.74,11,2,0,37.24,613,1464,2,772.44,2,0,0,0.207,0.6926717004551096,0,0.2,0.4,0,1,0
2336.94,15,1,0,7.84,1299,948,3,2152.05,2,1,1,0.335,1.085409070852976,0,0.3,0.4,0,0,1
2172.61,11,4,0,18.68,1053,993,4,1700.26,0,0,0,0.528,1.2770593560067245,0,0.4,0.0,0,1,0
1247.02,5,6,1,38.35,950,1879,6,1546.86,0,0,0,0.329,0.8056413370718283,1,0.6,0.0,0,0,1
1381.45,18,4,0,40.9,1491,1411,6,1247.84,1,0,0,0.385,1.1061865411101504,0,0.6,0.2,0,0,1
3294.67,2,5,1,27.71,1496,1052,3,1195.29,0,0,0,0.226,2.754073009052989,1,0.3,0.0,1,0,0
708.15,21,0,0,33.71,424,2131,3,618.78,0,0,0,0.183,1.1425828519797347,0,0.3,0.0,1,0,0
1196.76,23,5,1,3.32,552,2003,4,4038.56,0,0,0,0.106,0.2962599887116419,1,0.4,0.0,1,0,0
529.26,15,4,0,18.67,588,2001,5,3503.5,0,0,0,0.087,0.151022970466543,0,0.5,0.0,1,0,0
877.53,21,5,1,61.06,588,2323,2,1762.22,1,0,0,0.506,0.4976860516554939,0,0.2,0.2,1,0,0
1540.24,11,3,0,99.19,601,2063,4,832.01,1,0,0,0.1,1.849005414100671,0,0.4,0.2,1,0,0
1273.66,9,6,1,61.12,836,1996,4,4667.04,0,0,0,0.135,0.2728468479276099,0,0.4,0.0,1,0,0
11191.36,18,4,0,3.65,495,530,4,1334.22,0,0,0,0.04,8.381659951169096,0,0.4,0.0,0,0,1
3090.41,15,5,1,12.59,209,2029,1,2292.58,1,0,0,0.236,1.3474175742725347,0,0.1,0.2,0,0,1
1946.65,13,6,1,46.54,1085,2001,1,1266.97,0,1,0,0.494,1.5352492566858837,0,0.1,0.0,1,0,0
10857.8,9,5,1,2.28,166,456,4,1418.4,0,1,0,0.236,7.649570240946878,0,0.4,0.0,0,1,0
330.17,16,6,1,17.25,688,726,3,2220.88,0,0,0,0.463,0.148599384305183,0,0.3,0.0,0,0,1
1526.21,13,3,0,84.01,232,1589,2,2772.98,0,0,0,0.407,0.5501878167831059,0,0.2,0.0,0,0,1
1071.97,2,3,0,34.04,9,1490,3,1150.16,0,0,0,0.415,0.9312085201014628,1,0.3,0.0,1,0,0
543.17,11,5,1,7.52,213,1192,1,1029.41,0,1,0,0.262,0.5271396822624004,0,0.1,0.0,0,0,1
1368.39,9,3,0,27.57,36,2134,4,2893.75,1,0,0,0.228,0.47271439675274207,0,0.4,0.2,0,1,0
497.5,6,4,0,40.64,934,1913,4,1557.65,0,0,0,0.26,0.3191864754755718,0,0.4,0.0,1,0,0
2651.06,9,1,0,35.51,693,1734,3,781.99,0,0,0,0.124,3.3858159108034585,0,0.3,0.0,0,0,1
661.09,9,5,1,9.46,1368,2066,5,2075.57,0,0,0,0.045,0.31835671323384235,0,0.5,0.0,0,0,1
4087.45,13,3,0,79.83,1212,1306,7,420.7,2,0,1,0.228,9.692791083708798,0,0.7,0.4,1,0,0
3858.39,14,2,0,24.9,841,1937,4,1512.93,0,0,0,0.287,2.548592074930809,0,0.4,0.0,1,0,0
4012.03,9,0,0,21.92,879,2494,3,2762.34,0,0,0,0.223,1.451877076291734,0,0.3,0.0,0,0,1
3901.37,8,5,1,51.4,103,162,2,674.21,0,0,0,0.306,5.778009804357162,0,0.2,0.0,0,0,1
1744.8,6,2,0,0.82,992,2224,4,561.77,0,1,0,0.226,3.1003784849938696,0,0.4,0.0,0,0,1
1023.92,19,1,0,66.4,293,958,4,4245.25,0,1,1,0.479,0.24113511922284367,0,0.4,0.0,0,1,0
2407.76,10,3,0,18.43,648,609,4,2341.2,0,1,0,0.197,1.0279907779011188,0,0.4,0.0,1,0,0
1505.3,23,0,0,42.42,1302,2105,1,605.84,0,0,0,0.559,2.480555006261947,1,0.1,0.0,0,1,0
3544.01,15,0,0,20.11,621,1322,5,1310.2,0,0,0,0.387,2.7028752287980478,0,0.5,0.0,0,1,0
1668.6,15,1,0,43.4,1477,1670,8,543.2,1,0,0,0.185,3.0661521499448727,0,0.8,0.2,0,0,1
4257.96,14,0,0,75.03,1314,716,4,1472.22,0,0,0,0.513,2.890240425734106,0,0.4,0.0,0,0,1
2437.67,8,0,0,25.92,1123,2233,2,1807.96,1,1,1,0.102,1.3475532902883425,0,0.2,0.2,0,0,1
193.06,8,5,1,2.34,229,1486,4,1874.29,1,0,0,0.247,0.10294941049117737,0,0.4,0.2,0,1,0
1680.32,3,1,0,22.42,207,326,5,798.24,0,0,0,0.684,2.1023972774135427,1,0.5,0.0,0,1,0
4028.86,10,5,1,2.22,5,634,7,1144.68,0,0,0,0.395,3.5165665805460513,0,0.7,0.0,1,0,0
6871.81,4,1,0,36.64,1107,182,5,1926.67,0,0,0,0.317,3.5648269672713693,1,0.5,0.0,1,0,0
1214.28,20,1,0,13.21,159,371,3,899.68,0,0,0,0.269,1.3481813740729227,0,0.3,0.0,1,0,0
1195.94,9,1,0,3.03,1293,1712,2,461.42,0,0,0,0.165,2.586263569914796,0,0.2,0.0,0,1,0
4779.61,7,6,1,6.45,1483,593,3,499.67,1,0,0,0.323,9.546427786765733,0,0.3,0.2,0,0,1
157.26,14,0,0,0.42,1121,901,5,1548.37,2,0,0,0.296,0.1014993190780769,0,0.5,0.4,0,0,1
746.45,2,6,1,32.83,1288,912,2,1883.43,0,0,0,0.252,0.39611447493406493,1,0.2,0.0,0,1,0
1959.6,9,6,1,42.95,815,1117,3,605.01,0,0,1,0.557,3.233610006435537,0,0.3,0.0,0,1,0
572.1,23,2,0,10.22,840,2243,4,2313.85,0,0,1,0.222,0.24714344341966005,1,0.4,0.0,0,1,0
516.74,7,5,1,1.28,533,2253,0,1903.16,0,0,1,0.311,0.2713742542643475,0,0.0,0.0,0,1,0
394.36,22,1,0,55.08,325,1648,6,755.36,0,0,0,0.141,0.5213919297688931,0,0.6,0.0,0,0,1
728.05,18,1,0,43.79,921,2367,3,2258.8,0,0,0,0.209,0.32217452871935565,0,0.3,0.0,0,0,1
340.11,18,6,1,9.57,1017,2043,2,813.45,2,0,0,0.126,0.4175946958069863,0,0.2,0.4,1,0,0
2260.48,15,3,0,32.28,311,1705,1,2558.29,0,0,0,0.24,0.8832449624700601,0,0.1,0.0,0,1,0
1559.64,5,4,0,10.73,769,815,1,2408.68,1,0,1,0.253,0.6472394674811595,1,0.1,0.2,1,0,0
4206.2,13,6,1,10.69,758,584,4,1692.68,1,0,0,0.295,2.4834679514430116,0,0.4,0.2,1,0,0
1296.52,6,0,0,65.97,1283,1859,1,951.5,1,0,0,0.458,1.3611758530183726,0,0.1,0.2,1,0,0
599.89,14,4,0,0.48,714,2027,5,2760.75,0,1,0,0.056,0.21721372318276455,0,0.5,0.0,0,1,0
907.48,1,3,0,90.48,754,606,4,4327.43,0,0,0,0.38,0.20965569502105844,1,0.4,0.0,0,1,0
5882.63,18,6,1,8.48,400,972,4,1366.81,0,0,0,0.154,4.300765457190692,0,0.4,0.0,0,0,1
1853.41,6,1,0,25.19,1070,1843,3,871.7,0,0,0,0.657,2.123765325999771,0,0.3,0.0,0,0,1
1937.27,6,4,0,29.48,918,1074,1,1140.96,1,0,0,0.452,1.6964429577218116,0,0.1,0.2,1,0,0
6716.5,22,4,0,63.41,661,1559,2,2021.22,1,0,0,0.285,3.321349803681103,0,0.2,0.2,1,0,0
2453.43,0,3,0,21.44,130,908,4,715.1,0,0,0,0.218,3.4260997067448677,1,0.4,0.0,1,0,0
2507.23,8,6,1,11.72,1370,910,2,1252.35,0,0,0,0.057,2.000422866717198,0,0.2,0.0,0,0,1
4782.11,10,3,0,36.07,1265,2349,4,462.41,1,0,0,0.256,10.319393193931939,0,0.4,0.2,1,0,0
185.39,5,6,1,33.04,1332,1543,3,1824.77,0,0,0,0.092,0.1015407198058901,1,0.3,0.0,0,1,0
7003.86,17,0,0,28.36,66,449,5,849.26,0,0,0,0.348,8.23731564462635,0,0.5,0.0,0,0,1
13773.15,22,6,1,3.32,1067,346,1,1484.06,1,0,0,0.313,9.274473758636015,0,0.1,0.2,0,1,0
673.79,4,6,1,8.94,569,1595,2,776.3,1,0,0,0.325,0.8668339122603885,1,0.2,0.2,0,1,0
2679.63,2,4,0,5.43,437,1446,2,2793.52,0,0,0,0.431,0.9588873938994891,1,0.2,0.0,0,0,1
1498.7,7,6,1,45.94,1088,1633,2,649.49,0,0,0,0.203,2.3039554797152917,0,0.2,0.0,0,1,0
458.71,16,5,1,12.33,686,668,4,1994.92,0,1,0,0.307,0.22982384063489517,0,0.4,0.0,0,1,0
4177.95,23,4,0,23.17,1353,1369,2,4105.83,0,0,0,0.309,1.0173174930542535,1,0.2,0.0,1,0,0
1129.92,22,5,1,85.91,1269,1647,5,1193.94,0,0,0,0.21,0.9455872261368772,0,0.5,0.0,0,1,0
5991.45,11,2,0,20.45,1118,1354,5,1970.99,0,0,0,0.372,3.0382760561666133,0,0.5,0.0,0,1,0
2057.96,11,6,1,8.31,1363,2143,1,3984.49,0,0,0,0.493,0.5163631071712638,0,0.1,0.0,1,0,0
8134.77,4,6,1,26.22,642,541,3,937.09,0,0,0,0.45,8.671630653775225,1,0.3,0.0,0,1,0
1645.5,2,5,1,17.91,802,2339,8,1600.73,0,0,0,0.186,1.0273267030023787,1,0.8,0.0,1,0,0
1444.86,4,2,0,63.02,1000,159,4,1597.99,0,0,0,0.02,0.9036079024884458,1,0.4,0.0,1,0,0
1487.27,20,0,0,10.3,951,1142,1,2451.9,0,0,0,0.203,0.6063312813404541,0,0.1,0.0,0,1,0
4096.51,8,3,0,40.8,801,352,0,961.17,0,1,0,0.226,4.257574025380131,0,0.0,0.0,0,1,0
1229.4,23,1,0,63.66,459,1762,4,1388.5,0,0,0,0.24,0.8847786973731558,1,0.4,0.0,1,0,0
1655.84,5,3,0,0.14,85,2458,2,3152.81,1,1,0,0.315,0.5250284576432949,1,0.2,0.2,0,0,1
1303.53,1,6,1,49.02,52,1876,3,341.81,0,0,0,0.31,3.8024853417344886,1,0.3,0.0,0,0,1
4336.74,15,6,1,24.67,1190,2409,2,1683.14,1,0,0,0.615,2.5750472051017135,0,0.2,0.2,0,0,1
425.54,9,0,0,21.62,222,134,7,1495.22,0,0,0,0.211,0.2844100466508936,0,0.7,0.0,0,0,1
2270.51,13,5,1,19.19,1355,2242,3,933.76,0,0,0,0.475,2.428976421755317,0,0.3,0.0,0,0,1
919.99,5,3,0,67.2,455,2289,5,2045.4,0,1,0,0.161,0.4495650899139953,1,0.5,0.0,1,0,0
984.16,10,1,0,31.04,812,46,3,696.64,0,0,0,0.159,1.410698927813772,0,0.3,0.0,1,0,0
208.46,22,6,1,18.48,315,1794,0,2692.27,0,1,0,0.421,0.07740033490886543,0,0.0,0.0,0,1,0
1031.0,6,1,0,14.26,956,1307,1,648.76,0,0,1,0.121,1.5867397192809654,0,0.1,0.0,0,1,0
3490.75,19,2,0,5.85,1473,2235,0,886.92,3,0,0,0.712,3.931378953058834,0,0.0,0.6,1,0,0
8344.03,18,6,1,19.24,904,2403,1,2724.09,1,0,0,0.494,3.061928229893325,0,0.1,0.2,0,0,1
3044.11,12,5,1,6.65,841,2489,3,1660.19,0,0,0,0.223,1.8324875541027819,0,0.3,0.0,0,0,1
1923.7,3,3,0,25.73,946,1211,4,5150.23,0,0,0,0.183,0.3734447889144923,1,0.4,0.0,0,1,0
9327.65,7,4,0,26.37,875,1433,7,2210.4,1,0,0,0.225,4.217984082481686,0,0.7,0.2,1,0,0
238.79,14,0,0,45.52,83,317,6,679.32,0,1,1,0.293,0.3509965898400752,0,0.6,0.0,0,0,1
943.27,0,3,0,34.77,316,82,2,995.47,0,0,0,0.198,0.946611538731723,1,0.2,0.0,0,1,0
1246.25,18,0,0,58.98,1273,830,3,1339.83,1,0,0,0.342,0.9294616021419569,0,0.3,0.2,0,1,0
1950.92,1,6,1,26.82,1139,894,5,3310.04,2,0,0,0.385,0.5892166811636224,1,0.5,0.4,0,0,1
7956.39,8,2,0,38.94,773,403,1,1729.3,1,0,0,0.064,4.5982719759579265,0,0.1,0.2,1,0,0
583.3,10,6,1,79.58,621,1715,3,1798.2,1,0,0,0.277,0.32419964428634945,0,0.3,0.2,0,0,1
10361.34,13,1,0,50.55,398,2312,6,1268.68,1,0,0,0.351,8.160591645138933,0,0.6,0.2,1,0,0
1880.99,13,5,1,22.63,1476,673,3,2126.87,0,0,0,0.036,0.8839778745882033,0,0.3,0.0,1,0,0
3498.01,8,4,0,9.79,77,186,5,1445.09,0,1,0,0.113,2.41894349590966,0,0.5,0.0,0,1,0
3261.42,2,3,0,23.95,923,164,2,965.53,1,0,0,0.145,3.3743598232853613,1,0.2,0.2,1,0,0
954.98,12,1,0,62.1,426,1780,3,1463.82,0,0,0,0.321,0.6519435835119674,0,0.3,0.0,0,1,0
1805.56,13,1,0,66.41,197,650,0,1024.41,2,1,0,0.577,1.760817624169844,0,0.0,0.4,0,0,1
1728.46,9,1,0,49.65,1306,1742,4,498.67,1,0,0,0.166,3.459203074028859,0,0.4,0.2,0,0,1
539.54,21,6,1,15.55,724,2106,6,884.62,0,0,0,0.077,0.6092229172782909,0,0.6,0.0,0,1,0
1659.84,13,2,0,0.41,110,2426,4,1421.52,0,0,0,0.38,1.1668306948232714,0,0.4,0.0,0,0,1
1224.79,1,1,0,10.99,1473,673,4,1659.86,0,0,0,0.121,0.7374432522909818,1,0.4,0.0,0,0,1
1408.53,11,3,0,9.96,1322,2477,2,1040.56,0,0,0,0.217,1.3523272783132994,0,0.2,0.0,1,0,0
1621.57,7,5,1,69.58,909,1461,4,670.99,0,0,1,0.164,2.413086504263456,0,0.4,0.0,0,0,1
847.46,20,3,0,21.26,577,500,3,967.87,1,0,0,0.698,0.8746890707731688,0,0.3,0.2,0,1,0
21390.87,6,0,0,56.08,1371,1571,1,1746.44,1,1,0,0.303,12.241261502540858,0,0.1,0.2,0,0,1
302.35,12,3,0,34.37,1331,2117,2,2596.88,0,0,0,0.352,0.11638335873866383,0,0.2,0.0,0,1,0
3129.28,14,6,1,0.27,215,644,5,1750.54,0,0,0,0.534,1.7865878027335946,0,0.5,0.0,1,0,0
613.35,18,0,0,30.82,325,1287,2,1010.16,0,0,0,0.224,0.6065805609399106,0,0.2,0.0,0,1,0
5397.03,17,5,1,57.27,1376,1565,4,1941.52,3,0,0,0.172,2.778365216316949,0,0.4,0.6,0,0,1
3589.57,19,2,0,63.65,1491,2286,3,1792.59,0,0,0,0.584,2.0013325230403827,0,0.3,0.0,0,1,0
441.84,20,4,0,49.61,194,1081,6,4009.92,0,0,0,0.54,0.11015926520598765,0,0.6,0.0,1,0,0
1101.88,7,2,0,11.17,862,746,3,679.62,0,0,0,0.194,1.6189356762951428,0,0.3,0.0,0,0,1
3180.58,4,0,0,46.07,190,1487,3,1690.68,0,0,0,0.225,1.8801309940414261,1,0.3,0.0,1,0,0
7435.4,10,2,0,0.75,377,2411,1,1023.83,1,0,1,0.123,7.255252090590635,0,0.1,0.2,1,0,0
1235.09,4,2,0,90.84,1163,2275,2,1531.83,0,0,0,0.226,0.8057579770750833,1,0.2,0.0,0,0,1
2248.59,8,6,1,44.84,558,862,2,862.08,1,0,0,0.017,2.605308893729434,0,0.2,0.2,0,0,1
1180.29,22,6,1,4.55,451,1792,4,1729.22,0,0,0,0.128,0.6821618060131082,0,0.4,0.0,1,0,0
6894.53,22,1,0,54.1,431,463,0,1443.07,0,0,1,0.298,4.774373818443705,0,0.0,0.0,0,1,0
1056.1,2,4,0,1.81,407,2163,2,1125.08,0,0,0,0.265,0.937855214549588,1,0.2,0.0,0,1,0
2484.94,0,1,0,4.48,1060,1816,6,1291.17,0,0,0,0.106,1.9230751371723533,1,0.6,0.0,0,0,1
1789.85,1,1,0,66.2,1312,254,2,737.25,0,0,0,0.3,2.424449712157128,1,0.2,0.0,1,0,0
389.94,22,3,0,41.39,1298,2168,4,940.82,0,0,0,0.181,0.4140281582467987,0,0.4,0.0,0,1,0
3151.12,11,0,0,33.66,475,2238,5,806.48,0,0,0,0.354,3.902412443651855,0,0.5,0.0,0,0,1
1499.74,12,3,0,97.87,341,461,4,1162.82,0,0,0,0.175,1.2886356996786446,0,0.4,0.0,1,0,0
1059.19,8,1,0,12.32,958,1695,3,2369.43,1,0,1,0.306,0.4468345405685889,0,0.3,0.2,0,1,0
2581.57,0,1,0,4.45,1297,1613,3,940.42,0,0,0,0.178,2.7422085785303056,1,0.3,0.0,0,0,1
1914.38,9,0,0,18.8,530,1801,3,1249.13,1,0,1,0.118,1.5313447401470246,0,0.3,0.2,0,1,0
1689.57,1,4,0,53.52,1189,2134,7,444.6,0,0,0,0.435,3.791674147217235,1,0.7,0.0,0,0,1
1257.16,18,3,0,73.26,1099,253,3,805.55,0,0,0,0.164,1.558688240034716,0,0.3,0.0,0,1,0
2242.35,15,0,0,26.95,61,2090,4,1051.22,0,0,0,0.338,2.1310657467069625,0,0.4,0.0,0,0,1
393.08,21,1,0,42.92,1418,159,3,2501.02,0,0,0,0.463,0.1571050591122373,0,0.3,0.0,0,0,1
1351.26,10,3,0,35.27,1322,1015,3,2078.88,0,0,0,0.555,0.649681712406485,0,0.3,0.0,0,1,0
4966.01,1,4,0,1.09,1246,2281,5,1675.45,0,0,0,0.173,2.9622177816218795,1,0.5,0.0,0,1,0
1192.65,14,0,0,61.58,1149,1106,4,3096.01,0,0,0,0.118,0.3850972389498258,0,0.4,0.0,0,1,0
931.48,3,0,0,13.43,795,2486,6,4026.9,1,1,0,0.109,0.23125698254673652,1,0.6,0.2,0,0,1
1483.39,15,6,1,56.15,1417,2241,3,3973.43,0,0,0,0.193,0.3732333944741762,0,0.3,0.0,0,0,1
4754.4,20,6,1,65.88,711,1651,1,751.61,0,1,0,0.151,6.317216088013712,0,0.1,0.0,0,1,0
1567.99,17,6,1,26.06,706,1203,3,4509.77,0,0,1,0.165,0.3476102749641413,0,0.3,0.0,0,0,1
327.62,12,4,0,92.95,1211,620,2,1627.21,0,0,0,0.49,0.20121483101074186,0,0.2,0.0,0,1,0
2215.68,22,2,0,47.6,648,1944,4,2357.37,0,0,0,0.402,0.9394963470532613,0,0.4,0.0,1,0,0
551.44,15,4,0,28.1,953,253,1,3522.81,0,0,1,0.398,0.15648970858247183,0,0.1,0.0,0,1,0
6523.65,1,3,0,14.56,1282,927,0,3238.47,0,0,0,0.052,2.0138016403917924,1,0.0,0.0,1,0,0
625.06,5,2,0,70.2,1040,708,2,916.82,0,0,0,0.294,0.6810267808502756,1,0.2,0.0,0,1,0
1921.3,18,4,0,38.08,292,1081,8,1110.42,1,0,0,0.078,1.7286894243400333,0,0.8,0.2,1,0,0
745.98,7,0,0,2.69,1056,650,1,521.7,0,0,0,0.113,1.427166634780945,0,0.1,0.0,0,1,0
262.86,3,1,0,58.31,973,334,5,5975.6,0,0,0,0.521,0.043981527959040256,1,0.5,0.0,0,0,1
3497.18,6,2,0,20.44,1089,2407,2,641.32,0,0,0,0.56,5.444607049445758,0,0.2,0.0,0,1,0
10607.32,15,6,1,3.32,28,1792,3,675.86,0,0,1,0.327,15.671364831722956,0,0.3,0.0,0,0,1
728.31,17,2,0,15.23,826,1543,6,838.82,0,0,0,0.257,0.8672215474744587,0,0.6,0.0,0,1,0
414.58,8,3,0,5.22,1290,1351,3,995.66,0,0,0,0.397,0.4159693375875424,0,0.3,0.0,0,1,0
4478.74,19,1,0,71.47,228,324,3,842.35,0,0,0,0.069,5.310653939645461,0,0.3,0.0,0,1,0
1029.29,20,2,0,53.84,665,444,8,3498.67,3,0,0,0.209,0.2941105875696851,0,0.8,0.6,0,1,0
919.56,13,0,0,51.03,1108,1702,0,2130.85,0,0,0,0.603,0.43134366864460444,0,0.0,0.0,0,0,1
3293.97,14,2,0,14.08,493,477,2,3784.04,0,0,0,0.045,0.8702602878701413,0,0.2,0.0,1,0,0
8589.57,13,0,0,45.79,470,773,2,2797.91,0,0,0,0.047,3.0688982496757666,0,0.2,0.0,0,1,0
3815.37,14,0,0,81.07,608,2059,5,1651.76,1,0,0,0.102,2.3084839904160313,0,0.5,0.2,0,1,0
2533.35,19,0,0,9.01,510,1363,3,2483.63,2,0,0,0.322,1.0196085533862185,0,0.3,0.4,0,0,1
1096.34,16,6,1,6.35,1338,1079,5,7481.11,0,0,0,0.089,0.14652818523117142,0,0.5,0.0,0,1,0
340.18,11,5,1,58.76,152,505,3,996.75,0,0,0,0.281,0.3409471310448509,0,0.3,0.0,0,0,1
1749.62,12,1,0,17.34,608,675,7,1091.67,0,0,0,0.258,1.601233675309105,0,0.7,0.0,0,0,1
2155.55,3,6,1,25.39,160,1819,4,1800.2,0,0,0,0.277,1.1967299578059072,1,0.4,0.0,0,1,0
2738.52,20,4,0,14.83,185,1811,1,1073.83,0,0,0,0.549,2.5478633830466215,0,0.1,0.0,0,1,0
1535.16,14,4,0,3.78,1282,2307,0,2269.46,0,0,0,0.451,0.6761449221743612,0,0.0,0.0,0,0,1
663.63,10,1,0,38.73,391,1819,3,1863.76,0,1,0,0.13,0.3558795769965036,0,0.3,0.0,1,0,0
1681.51,12,0,0,47.66,1230,1733,5,2689.93,1,0,0,0.19,0.6248806174816885,0,0.5,0.2,1,0,0
1678.33,2,1,0,61.73,1030,731,2,1440.73,0,0,0,0.22,1.1641083975501654,1,0.2,0.0,1,0,0
4578.35,20,6,1,36.58,600,1765,1,1055.47,0,0,0,0.17,4.333629918502182,0,0.1,0.0,1,0,0
1010.49,19,6,1,56.86,448,1606,2,4822.12,0,0,0,0.291,0.209509612035363,0,0.2,0.0,1,0,0
1008.33,13,2,0,13.2,1104,463,3,1655.22,1,0,0,0.128,0.6088140464431054,0,0.3,0.2,0,1,0
604.57,16,2,0,79.19,1430,961,9,1170.53,0,0,0,0.38,0.5160516589417258,0,0.9,0.0,1,0,0
17703.8,20,6,1,91.51,251,350,4,2144.69,0,1,0,0.182,8.250865688892617,0,0.4,0.0,0,1,0
3150.3,3,6,1,46.73,20,1799,3,1167.09,1,0,0,0.273,2.696966843308307,1,0.3,0.2,0,1,0
586.1,9,6,1,41.53,1338,1782,1,1096.67,1,0,0,0.11,0.5339491832700174,0,0.1,0.2,0,1,0
16118.52,17,4,0,2.99,713,970,1,1509.45,0,1,0,0.076,10.671336356714887,0,0.1,0.0,0,1,0
1903.01,12,3,0,9.99,1259,1289,5,4103.48,0,0,0,0.045,0.463642166608194,0,0.5,0.0,1,0,0
1836.15,3,1,0,48.73,252,1610,4,2853.33,0,0,1,0.429,0.6432858148847541,1,0.4,0.0,0,0,1
1719.11,23,0,0,46.62,1425,1168,3,802.0,0,0,0,0.297,2.140859277708593,1,0.3,0.0,0,1,0
5445.85,23,6,1,39.21,246,1850,4,1919.16,0,0,0,0.425,2.836143863011416,1,0.4,0.0,0,1,0
2416.09,11,5,1,22.17,993,1353,1,5131.77,0,0,0,0.031,0.47071853989171536,0,0.1,0.0,0,0,1
715.54,21,0,0,13.84,451,504,2,1675.75,0,0,0,0.228,0.42674220963172804,0,0.2,0.0,0,0,1
905.15,18,0,0,10.96,1074,2184,0,1001.77,1,0,0,0.292,0.9026496604405796,0,0.0,0.2,0,0,1
1149.57,16,1,0,3.4,267,1531,2,997.03,2,0,0,0.139,1.1518391230724527,0,0.2,0.4,0,1,0
652.66,22,5,1,52.91,778,1546,2,3463.42,0,0,0,0.726,0.18838939851403697,0,0.2,0.0,0,0,1
3158.46,20,2,0,21.8,507,494,1,2088.58,0,0,0,0.22,1.5115286325481676,0,0.1,0.0,1,0,0
700.03,19,0,0,23.42,778,574,2,1374.85,0,0,0,0.412,0.5087981974779228,0,0.2,0.0,1,0,0
809.84,3,1,0,4.41,1222,777,1,749.99,0,0,0,0.242,1.0783632272067538,1,0.1,0.0,1,0,0
202.9,3,4,0,8.15,468,761,6,807.1,0,0,0,0.513,0.2510827867838139,1,0.6,0.0,1,0,0
5853.5,8,6,1,43.71,624,239,5,1390.52,0,0,0,0.396,4.206551109578015,0,0.5,0.0,0,0,1
1435.51,23,3,0,29.01,179,1357,6,1738.62,0,0,0,0.269,0.8251859601522172,1,0.6,0.0,1,0,0
2359.67,23,3,0,14.47,1288,2417,6,1321.09,0,0,0,0.29,1.7848028500329025,1,0.6,0.0,0,1,0
3543.67,16,0,0,51.21,426,657,3,2514.5,0,0,0,0.44,1.408733850129199,0,0.3,0.0,1,0,0
176.65,1,1,0,20.52,900,1843,2,817.3,0,0,0,0.148,0.21587437370157644,1,0.2,0.0,0,0,1
3499.47,19,4,0,11.72,612,2143,3,2047.03,0,1,0,0.033,1.7087005561441972,0,0.3,0.0,1,0,0
861.77,21,2,0,4.11,299,1149,2,921.12,0,0,0,0.211,0.9345529865961046,0,0.2,0.0,0,0,1
2717.48,18,3,0,10.07,1326,1963,4,697.64,0,0,0,0.296,3.8896713615023475,0,0.4,0.0,1,0,0
1078.35,11,0,0,37.68,95,1317,3,1540.68,1,0,0,0.04,0.6994642208499817,0,0.3,0.2,0,0,1
851.69,10,4,0,11.19,583,1897,4,3145.73,0,0,0,0.329,0.2706587473345346,0,0.4,0.0,1,0,0
6637.98,14,5,1,6.59,1465,607,6,1791.62,0,0,0,0.723,3.702948756568598,0,0.6,0.0,0,1,0
1303.86,23,2,0,4.03,670,517,3,609.3,0,0,0,0.484,2.1364247091594297,1,0.3,0.0,0,1,0
1261.3,4,5,1,28.71,551,2443,2,1530.27,0,0,0,0.131,0.8236953639789194,1,0.2,0.0,0,0,1
3851.29,17,1,0,49.85,219,2359,3,4630.08,0,0,1,0.483,0.8316181106782867,0,0.3,0.0,0,0,1
907.25,10,4,0,33.15,940,502,4,952.03,1,0,0,0.12,0.9519637367134298,0,0.4,0.2,0,1,0
1193.52,18,4,0,8.6,222,2187,3,769.79,0,1,0,0.364,1.5484373175573114,0,0.3,0.0,1,0,0
3511.37,2,0,0,61.81,1274,1409,1,911.18,1,0,1,0.276,3.849426648249249,1,0.1,0.2,0,0,1
977.34,16,0,0,6.78,661,1365,4,1263.26,0,0,0,0.326,0.7730530112476864,0,0.4,0.0,1,0,0
211.05,1,4,0,31.45,465,1218,3,1420.86,2,0,0,0.169,0.14843233511034842,1,0.3,0.4,0,0,1
307.0,10,2,0,85.37,1140,596,3,1935.72,0,0,0,0.199,0.15851542814655706,0,0.3,0.0,1,0,0
916.19,17,6,1,11.51,1485,2166,4,1406.87,0,1,0,0.078,0.6507632096713476,0,0.4,0.0,1,0,0
731.8,14,5,1,21.09,1242,1745,2,2861.56,0,0,0,0.174,0.2556452965178022,0,0.2,0.0,0,0,1
2597.74,2,4,0,61.59,266,127,4,471.41,0,1,0,0.24,5.49890984526153,1,0.4,0.0,1,0,0
15482.63,13,0,0,43.56,509,624,3,1740.41,0,0,0,0.524,8.89085855714622,0,0.3,0.0,0,1,0
2917.03,17,4,0,0.48,543,2246,5,1219.48,1,1,0,0.272,2.3900678421604615,0,0.5,0.2,0,0,1
1111.24,19,5,1,17.88,902,2282,3,2327.11,1,0,1,0.221,0.47731421625266846,0,0.3,0.2,1,0,0
1125.68,14,1,0,57.51,1482,345,3,2435.37,0,1,0,0.5,0.46203162902186456,0,0.3,0.0,0,0,1
3049.75,19,3,0,25.78,329,1582,6,1101.77,1,0,0,0.158,2.765535877834907,0,0.6,0.2,0,1,0
8880.17,3,4,0,28.95,1204,1221,4,1098.66,0,0,0,0.295,8.075377844060892,1,0.4,0.0,0,1,0
12523.89,15,1,0,54.47,5,1403,2,1508.76,1,0,0,0.282,8.295285343365833,0,0.2,0.2,0,1,0
1641.83,21,2,0,32.58,757,668,2,2655.52,0,1,1,0.32,0.6180378841491876,0,0.2,0.0,1,0,0
4439.9,6,4,0,33.99,870,2451,4,1753.85,1,0,0,0.418,2.530073795481095,0,0.4,0.2,0,0,1
12196.22,19,4,0,30.58,433,1344,5,1460.97,0,0,0,0.137,8.34231892583295,0,0.5,0.0,0,0,1
1125.49,20,6,1,45.61,1469,981,1,1312.03,0,0,0,0.2,0.8571700570436319,0,0.1,0.0,1,0,0
6115.98,13,4,0,99.97,1296,242,2,1104.77,1,0,0,0.098,5.530969369760438,0,0.2,0.2,1,0,0
531.55,12,5,1,15.96,933,1300,3,2162.72,0,0,0,0.208,0.24566487345867302,0,0.3,0.0,0,0,1
6095.59,14,6,1,23.21,266,150,4,850.09,1,0,0,0.255,7.162098015486023,0,0.4,0.2,0,1,0
654.91,14,4,0,25.57,756,715,3,1314.43,0,1,0,0.184,0.49786761743308267,0,0.3,0.0,1,0,0
1291.76,20,4,0,61.61,1023,379,2,1538.15,0,1,0,0.346,0.839268427378748,0,0.2,0.0,0,1,0
2058.11,3,2,0,9.15,174,2333,2,1527.28,0,0,0,0.383,1.3466838537440784,1,0.2,0.0,1,0,0
7143.64,2,1,0,86.19,927,1260,3,1809.48,1,0,0,0.315,3.945716053201361,1,0.3,0.2,1,0,0
1472.72,20,0,0,0.74,796,189,1,13170.51,0,0,0,0.037,0.11181102242643402,0,0.1,0.0,0,1,0
6415.11,6,4,0,81.98,1429,539,2,1063.04,0,0,0,0.079,6.029012067215518,0,0.2,0.0,0,1,0
2899.76,2,2,0,32.45,865,2383,2,588.1,0,0,0,0.145,4.922356136479375,1,0.2,0.0,0,0,1
2892.19,18,6,1,47.89,84,1271,3,1336.97,0,0,0,0.343,2.161625447506297,0,0.3,0.0,0,0,1
4411.21,1,5,1,46.89,575,1147,6,1210.3,0,0,0,0.219,3.641715512259556,1,0.6,0.0,0,1,0
6876.17,21,3,0,34.5,647,529,1,928.53,0,0,0,0.265,7.397469688982604,0,0.1,0.0,1,0,0
1903.18,12,4,0,14.35,996,1772,4,2214.74,0,0,0,0.063,0.8589365178224884,0,0.4,0.0,0,1,0
2450.46,1,0,0,55.26,496,1104,6,1495.6,2,0,0,0.227,1.6373513296806095,1,0.6,0.4,1,0,0
2229.59,3,1,0,17.78,337,2468,0,2556.17,1,0,0,0.26,0.8718974491332215,1,0.0,0.2,1,0,0
705.37,15,1,0,3.3,1169,1038,7,2011.89,0,0,0,0.208,0.3504265011997675,0,0.7,0.0,0,0,1
1244.61,20,2,0,10.66,155,1545,4,2948.13,1,0,0,0.198,0.4220261568666013,0,0.4,0.2,0,0,1
689.12,10,1,0,3.89,1168,1205,5,2457.34,0,0,0,0.137,0.280319239812231,0,0.5,0.0,0,1,0
319.83,18,0,0,46.65,1076,2040,2,1166.51,1,1,0,0.121,0.27394197908369095,0,0.2,0.2,0,0,1
859.68,18,6,1,4.66,1055,806,5,1334.13,1,0,0,0.236,0.6438923550515679,0,0.5,0.2,1,0,0
3709.66,14,3,0,62.94,976,2476,3,1525.01,0,0,0,0.517,2.4309539255968176,0,0.3,0.0,0,0,1
589.05,13,1,0,73.5,656,1667,3,803.31,0,1,0,0.394,0.7323668734691847,0,0.3,0.0,0,1,0
2588.52,1,4,0,1.15,883,1636,4,3995.45,0,0,0,0.235,0.6477048380437639,1,0.4,0.0,0,1,0
3341.35,14,2,0,18.27,582,187,4,2167.54,0,0,0,0.534,1.5408293137318196,0,0.4,0.0,0,0,1
1551.72,16,4,0,17.01,690,1296,5,1568.01,0,0,0,0.463,0.988980312426307,0,0.5,0.0,0,0,1
1889.34,6,0,0,1.15,721,2350,4,671.88,0,0,0,0.145,2.8078409226013554,0,0.4,0.0,0,1,0
1800.86,7,5,1,43.28,487,388,4,480.49,1,0,0,0.212,3.7401815198654176,0,0.4,0.2,0,1,0
1920.29,23,3,0,50.55,1073,160,3,1870.32,1,0,0,0.112,1.026168693756279,1,0.3,0.2,1,0,0
1794.58,19,5,1,81.39,491,2061,4,698.09,1,0,0,0.248,2.5670228439828917,0,0.4,0.2,1,0,0
4366.71,14,2,0,81.6,1023,1874,2,1232.78,0,0,1,0.215,3.5392938773525264,0,0.2,0.0,0,1,0
348.8,19,3,0,21.89,1226,300,3,821.59,0,0,0,0.356,0.4240265502862909,0,0.3,0.0,1,0,0
597.66,0,2,0,28.33,1340,65,1,1312.31,0,0,0,0.269,0.45507915115243164,1,0.1,0.0,0,1,0
18647.29,19,1,0,34.4,628,1135,3,1068.44,0,0,0,0.182,17.436499476361462,0,0.3,0.0,0,0,1
3161.48,14,0,0,14.69,431,294,5,2952.07,0,0,0,0.117,1.070574012807011,0,0.5,0.0,0,0,1
1148.09,7,5,1,53.8,1179,2237,1,1798.87,0,0,0,0.345,0.6378738464444654,0,0.1,0.0,1,0,0
1052.35,7,5,1,52.05,1371,1489,4,16125.94,1,0,0,0.798,0.06525416477025399,0,0.4,0.2,0,1,0
4756.59,23,0,0,39.95,57,118,2,2622.09,0,1,0,0.268,1.8133537164184226,1,0.2,0.0,0,0,1
893.82,11,1,0,56.65,849,538,5,2648.19,1,0,0,0.228,0.3373936939215383,0,0.5,0.2,0,1,0
5027.79,20,3,0,16.27,9,1556,6,943.68,0,0,0,0.106,5.32221492992336,0,0.6,0.0,1,0,0
773.41,9,3,0,11.03,217,1307,3,1488.75,0,0,0,0.25,0.5191542205067964,0,0.3,0.0,1,0,0
1058.32,17,6,1,1.94,1122,1163,1,1164.39,1,0,0,0.304,0.9081251769793801,0,0.1,0.2,0,0,1
2115.53,2,0,0,37.76,808,2392,2,2247.04,0,1,0,0.074,0.9410553193003685,1,0.2,0.0,0,1,0
900.31,6,0,0,10.9,748,1742,3,635.6,1,0,0,0.333,1.414247565190072,0,0.3,0.2,0,0,1
44169.29,19,3,0,6.62,1425,1755,2,5456.95,1,0,0,0.165,8.092652003041435,0,0.2,0.2,0,1,0
4025.19,11,4,0,53.16,52,1125,0,878.94,3,1,0,0.165,4.574391435779712,0,0.0,0.6,0,0,1
861.97,7,3,0,43.37,1197,1644,2,1006.94,0,0,0,0.321,0.8551798718177669,0,0.2,0.0,0,1,0
2108.0,23,1,0,30.25,1253,1094,4,1613.99,1,0,0,0.518,1.305271240069598,1,0.4,0.2,0,0,1
3744.4,15,5,1,32.17,618,401,2,1080.15,1,0,0,0.406,3.4633492114877673,0,0.2,0.2,1,0,0
1110.22,20,1,0,11.87,101,169,2,1369.06,1,0,1,0.228,0.8103440725223713,0,0.2,0.2,0,1,0
2378.21,5,4,0,2.08,523,1521,4,1290.74,0,0,0,0.283,1.8410903122919473,1,0.4,0.0,1,0,0
4285.09,20,3,0,10.8,1385,2297,7,1292.34,1,0,1,0.203,3.313196839191551,0,0.7,0.2,0,0,1
1948.91,18,1,0,27.98,1180,2048,2,1145.38,1,0,1,0.32,1.7000558279104658,0,0.2,0.2,0,1,0
9459.33,9,1,0,8.71,327,1557,3,794.45,0,0,0,0.16,11.891797095983405,0,0.3,0.0,0,0,1
4079.76,0,5,1,51.37,611,802,3,2131.37,0,0,0,0.271,1.913251452609069,1,0.3,0.0,0,1,0
210.02,9,4,0,57.15,299,1291,2,454.85,0,0,1,0.444,0.4607217286388066,0,0.2,0.0,0,1,0
496.99,4,3,0,62.44,1349,1024,1,1900.2,1,0,0,0.468,0.2614085840521776,1,0.1,0.2,0,0,1
659.97,1,5,1,27.21,1053,796,6,1761.11,0,0,0,0.244,0.37453393942489405,1,0.6,0.0,0,0,1
1197.54,20,4,0,52.29,881,2427,3,901.63,0,0,0,0.411,1.3267230205067413,0,0.3,0.0,0,0,1
883.97,20,5,1,34.39,769,1886,3,1570.07,0,0,1,0.051,0.5626547512205058,0,0.3,0.0,1,0,0
468.33,3,4,0,61.35,778,166,5,1468.47,1,1,1,0.65,0.3187067446086004,1,0.5,0.2,0,0,1
924.94,4,5,1,25.82,63,1713,2,864.56,0,0,0,0.126,1.0686029853505246,1,0.2,0.0,0,0,1
2595.56,11,4,0,14.55,122,2014,2,3721.21,1,0,0,0.424,0.6973169165630095,0,0.2,0.2,0,0,1
880.48,16,0,0,53.89,1286,1186,3,510.56,0,0,0,0.127,1.7211666275705684,0,0.3,0.0,0,1,0
6062.04,17,0,0,41.55,669,855,1,3105.83,2,0,0,0.094,1.9511978447485057,0,0.1,0.4,0,1,0
15957.0,9,1,0,37.3,250,608,6,787.07,0,0,0,0.094,20.248201301914804,0,0.6,0.0,0,1,0
1496.04,14,1,0,55.1,928,1327,2,2987.57,1,0,0,0.307,0.5005872373743964,0,0.2,0.2,0,0,1
737.83,14,2,0,38.41,1079,733,3,2586.13,2,0,0,0.722,0.2851924719670059,0,0.3,0.4,1,0,0
2159.24,6,2,0,37.62,156,863,2,1250.48,0,0,0,0.128,1.725349186563109,0,0.2,0.0,1,0,0
10098.98,20,4,0,15.17,794,1111,2,1553.27,0,0,0,0.416,6.497571207061836,0,0.2,0.0,1,0,0
2178.87,18,2,0,1.11,841,697,3,1205.25,0,0,0,0.539,1.8063170984455958,0,0.3,0.0,0,1,0
8373.56,20,4,0,62.44,963,419,7,1936.07,0,0,1,0.051,4.322796801354623,0,0.7,0.0,0,0,1
4617.78,17,2,0,40.41,1128,1225,1,2342.1,2,0,0,0.398,1.970799368358158,0,0.1,0.4,0,0,1
4202.62,11,2,0,23.45,1153,472,0,2137.58,2,0,0,0.414,1.9651450962788393,0,0.0,0.4,0,0,1
8186.61,4,6,1,34.93,1029,1796,2,2704.43,0,0,0,0.174,3.0259921712999414,1,0.2,0.0,0,1,0
1836.23,12,2,0,21.26,380,2035,6,1388.87,0,0,0,0.432,1.3211523379884451,0,0.6,0.0,0,0,1
3749.42,21,6,1,20.21,983,1510,7,1703.05,1,0,0,0.351,2.2002992869927525,0,0.7,0.2,1,0,0
824.86,7,3,0,73.08,287,494,2,2890.89,0,0,0,0.268,0.2852321492172939,0,0.2,0.0,1,0,0
3205.22,16,6,1,4.54,242,1736,4,1183.1,0,0,0,0.197,2.7068828646229206,0,0.4,0.0,1,0,0
10653.58,23,1,0,27.99,1497,2314,4,636.43,0,0,0,0.25,16.713333228746688,1,0.4,0.0,0,1,0
1877.79,15,6,1,27.2,890,927,4,1631.7,0,0,0,0.518,1.1501133092423592,0,0.4,0.0,0,1,0
1298.46,21,6,1,38.6,592,2278,3,3005.14,0,0,0,0.217,0.431935971045926,0,0.3,0.0,0,0,1
2258.46,3,2,0,40.35,79,709,2,955.45,0,0,0,0.33,2.361294369805008,1,0.2,0.0,1,0,0
3438.39,1,6,1,88.98,563,1351,1,964.53,0,0,0,0.241,3.5611425849015568,1,0.1,0.0,0,0,1
850.48,6,2,0,26.68,613,1656,3,485.7,0,0,0,0.153,1.7474419560304089,0,0.3,0.0,0,0,1
1761.6,15,5,1,99.04,1395,775,4,1492.65,0,0,0,0.471,1.1793927626954104,0,0.4,0.0,0,0,1
11342.58,20,1,0,31.25,1449,357,3,543.27,0,0,1,0.594,20.839987506200966,0,0.3,0.0,0,0,1
1040.46,10,4,0,13.44,560,1896,2,890.19,0,0,1,0.362,1.1674951469383632,0,0.2,0.0,0,1,0
4029.24,0,0,0,7.72,446,2123,4,928.21,0,0,0,0.457,4.336199567374436,1,0.4,0.0,0,0,1
1783.62,7,3,0,44.26,210,1439,6,1999.7,0,0,0,0.538,0.891497975708502,0,0.6,0.0,0,1,0
961.05,15,6,1,16.44,727,69,2,2862.9,1,0,0,0.504,0.3355738678026467,0,0.2,0.2,0,1,0
3606.69,18,0,0,36.62,44,67,2,707.38,0,0,0,0.241,5.091462209548547,0,0.2,0.0,1,0,0
219.67,14,4,0,40.18,841,1496,4,2222.48,0,1,0,0.66,0.09879558170075736,0,0.4,0.0,0,1,0
3969.34,19,1,0,47.99,871,1517,3,1504.93,0,0,0,0.53,2.635806445186695,0,0.3,0.0,1,0,0
1741.49,7,2,0,23.51,1332,2054,1,1193.62,0,1,0,0.672,1.4577773685356015,0,0.1,0.0,0,1,0
1024.2,11,6,1,25.61,1455,735,4,256.75,0,0,1,0.243,3.9736178467507277,0,0.4,0.0,0,1,0
21271.19,11,4,0,51.92,801,308,0,2077.68,0,0,0,0.268,10.233027690649836,0,0.0,0.0,1,0,0
3465.72,2,3,0,0.43,160,1471,3,3679.62,0,0,0,0.301,0.9416130977933065,1,0.3,0.0,0,0,1
8338.17,21,3,0,18.6,65,381,4,1591.38,0,0,0,0.306,5.236294100654366,0,0.4,0.0,0,0,1
1747.13,17,6,1,20.76,428,2472,2,1994.53,1,0,0,0.332,0.8755217912033395,0,0.2,0.2,0,0,1
848.69,1,1,0,23.66,857,1870,4,4338.01,0,1,0,0.271,0.19559530860726296,1,0.4,0.0,0,1,0
1361.57,18,6,1,45.27,1336,991,3,2510.44,0,0,0,0.222,0.5421471347115598,0,0.3,0.0,0,1,0
1120.56,20,6,1,26.53,515,2108,2,375.87,1,0,0,0.2,2.973332979542017,0,0.2,0.2,0,0,1
1031.05,16,2,0,28.47,879,868,5,1382.41,1,0,0,0.208,0.7452960438337152,0,0.5,0.2,0,1,0
2770.83,12,0,0,43.48,612,2262,3,453.89,0,0,0,0.183,6.09120886368133,0,0.3,0.0,0,0,1
2004.48,17,1,0,3.41,1125,2353,4,2381.07,0,0,1,0.364,0.8414866061870557,0,0.4,0.0,0,0,1
345.03,20,6,1,29.46,327,2387,4,900.28,0,0,0,0.364,0.38282220841469905,0,0.4,0.0,1,0,0
2613.92,17,0,0,49.82,519,981,2,2314.97,0,0,1,0.537,1.1286501984049881,0,0.2,0.0,1,0,0
2925.78,8,0,0,15.08,858,568,3,961.65,0,0,0,0.602,3.0392977717758276,0,0.3,0.0,0,1,0
2523.01,11,0,0,52.19,1495,1014,1,2708.26,1,0,0,0.355,0.931254290839565,0,0.1,0.2,0,0,1
11604.69,16,3,0,54.55,532,413,3,1148.1,0,0,0,0.194,10.098938299538771,0,0.3,0.0,0,1,0
12011.66,8,5,1,7.37,646,750,2,559.52,0,0,0,0.105,21.429494041247413,0,0.2,0.0,0,0,1
1390.6,12,3,0,21.53,744,1959,2,2704.64,1,0,0,0.445,0.5139634245501988,0,0.2,0.2,1,0,0
537.55,20,6,1,5.81,712,251,7,1919.98,1,0,0,0.356,0.2798311278618205,0,0.7,0.2,1,0,0
4995.44,17,3,0,11.73,1308,123,2,430.48,0,0,0,0.171,11.577454343190876,0,0.2,0.0,0,0,1
897.66,14,0,0,56.8,607,1815,0,953.12,1,0,0,0.173,0.9408250534523959,0,0.0,0.2,0,1,0
3998.94,19,5,1,26.29,919,2197,3,371.32,0,0,0,0.22,10.740599484314568,0,0.3,0.0,0,0,1
885.46,16,2,0,10.01,804,2078,2,1588.88,0,0,0,0.063,0.556935114599844,0,0.2,0.0,0,1,0
801.91,10,5,1,63.15,221,1702,3,1178.48,0,1,0,0.357,0.679884355817818,0,0.3,0.0,0,1,0
446.44,19,3,0,17.36,499,187,2,1687.94,0,0,0,0.226,0.2643314741790709,0,0.2,0.0,0,0,1
543.34,16,1,0,26.29,501,2284,2,6688.63,0,0,0,0.042,0.08122123346134241,0,0.2,0.0,0,1,0
415.12,5,0,0,3.57,279,191,2,1980.91,0,0,0,0.2,0.20945451609810736,1,0.2,0.0,0,0,1
2574.82,18,3,0,55.3,1260,1899,1,2361.2,0,0,1,0.281,1.0900093133519602,0,0.1,0.0,0,1,0
839.61,21,1,0,35.46,1081,2018,3,613.72,0,1,0,0.04,1.3658413586673608,0,0.3,0.0,0,0,1
862.02,6,2,0,21.49,1233,209,6,1977.87,0,0,0,0.343,0.43561224335100335,0,0.6,0.0,0,1,0
3484.98,7,1,0,12.84,399,440,4,596.74,0,0,0,0.395,5.830260648442467,0,0.4,0.0,1,0,0
4806.2,19,5,1,8.28,826,2394,0,741.21,0,1,0,0.275,6.475525794586437,0,0.0,0.0,0,0,1
2021.0,23,0,0,26.69,74,743,2,3060.16,0,0,0,0.245,0.6602072416992252,1,0.2,0.0,0,0,1
3725.15,8,0,0,7.4,1376,1002,2,942.56,0,0,0,0.319,3.947973631777524,0,0.2,0.0,1,0,0
1308.26,2,5,1,28.17,827,1246,6,1405.57,0,0,0,0.13,0.9301065713046631,1,0.6,0.0,0,1,0
3759.78,6,5,1,7.2,1405,621,1,1460.6,0,0,0,0.472,2.572372742200329,0,0.1,0.0,0,0,1
954.83,13,0,0,38.55,183,784,2,1959.31,0,0,0,0.513,0.4870811249241192,0,0.2,0.0,0,1,0
2789.99,8,2,0,21.71,671,373,3,677.29,0,0,0,0.224,4.113270135192911,0,0.3,0.0,1,0,0
994.55,8,3,0,14.86,1317,819,2,3139.29,2,1,0,0.212,0.31670641883392936,0,0.2,0.4,1,0,0
11520.15,14,6,1,12.27,1071,1670,5,724.88,0,0,0,0.167,15.870598446024136,0,0.5,0.0,1,0,0
483.84,23,0,0,75.1,27,2273,4,1873.92,1,0,0,0.477,0.2580590105177821,1,0.4,0.2,0,0,1
7422.41,3,4,0,0.97,38,231,3,1071.01,0,0,0,0.806,6.92382533745021,1,0.3,0.0,0,1,0
8274.55,7,4,0,105.88,883,881,3,1335.89,0,0,0,0.501,6.189402269446251,0,0.3,0.0,0,1,0
4410.65,3,0,0,30.94,588,743,6,1307.68,0,0,0,0.52,3.370304428890179,1,0.6,0.0,0,1,0
3899.88,2,2,0,4.41,466,921,2,1714.46,0,0,0,0.227,2.2733727396733237,1,0.2,0.0,0,0,1
365.57,6,5,1,61.88,1389,2424,2,3951.61,0,0,0,0.102,0.09248825459633002,0,0.2,0.0,0,0,1
2221.04,10,4,0,19.35,703,830,3,530.24,1,0,0,0.795,4.1808598750094115,0,0.3,0.2,0,1,0
1324.09,23,5,1,1.9,1499,1095,2,976.77,0,0,0,0.215,1.3541937265410064,1,0.2,0.0,1,0,0
1056.2,8,5,1,40.55,96,1412,2,1555.2,0,0,0,0.209,0.678704536691942,0,0.2,0.0,1,0,0
3041.16,21,5,1,38.74,812,1640,5,2954.96,0,0,0,0.128,1.0288231234522793,0,0.5,0.0,0,1,0
736.73,6,4,0,18.2,1172,277,6,513.69,0,0,0,0.007,1.4314053119353396,0,0.6,0.0,0,1,0
4833.22,1,6,1,42.96,948,920,2,1186.99,0,0,0,0.173,4.0684012491687644,1,0.2,0.0,0,1,0
1016.5,9,1,0,48.65,598,1589,4,1164.43,0,0,0,0.154,0.872210257158302,0,0.4,0.0,0,0,1
2368.2,15,5,1,37.42,1365,464,6,2964.35,1,0,0,0.308,0.7986241084526278,0,0.6,0.2,0,1,0
10303.4,1,5,1,25.58,198,1858,1,372.6,0,0,0,0.571,27.57869379014989,1,0.1,0.0,0,0,1
1993.4,3,3,0,45.08,81,876,3,2972.6,0,0,0,0.234,0.6703658864675814,1,0.3,0.0,1,0,0
4607.89,22,1,0,32.03,334,523,6,614.17,1,0,0,0.176,7.490433538696622,0,0.6,0.2,1,0,0
2659.97,2,3,0,31.25,12,2464,6,1009.59,0,0,0,0.21,2.6320961022768876,1,0.6,0.0,0,1,0
9881.34,16,6,1,25.89,980,1964,2,2304.74,0,1,0,0.223,4.285539566473237,0,0.2,0.0,1,0,0
1012.35,13,2,0,69.4,786,1662,0,842.88,0,0,0,0.259,1.1996373892022563,0,0.0,0.0,1,0,0
4931.4,21,1,0,57.24,1143,1779,4,1890.71,0,0,0,0.162,2.606847772650142,0,0.4,0.0,1,0,0
1910.33,19,0,0,4.53,602,161,1,604.36,1,0,0,0.548,3.1556924805074664,0,0.1,0.2,0,0,1
385.15,18,3,0,39.29,1091,1087,2,1144.98,2,0,0,0.42,0.3360878898410094,0,0.2,0.4,1,0,0
250.78,22,1,0,7.34,89,1078,2,1380.47,0,0,0,0.263,0.1815312674180402,0,0.2,0.0,1,0,0
758.2,23,3,0,64.24,940,1139,8,1364.89,1,0,1,0.464,0.5550959447686123,1,0.8,0.2,0,1,0
2317.38,22,1,0,24.0,834,369,1,2608.02,0,0,0,0.276,0.8882185648251067,0,0.1,0.0,1,0,0
552.58,3,5,1,89.16,732,1850,3,2147.67,0,0,0,0.374,0.2571730419282626,1,0.3,0.0,0,0,1
2685.96,13,6,1,12.88,109,2461,1,4231.96,1,0,0,0.258,0.6345346991230723,0,0.1,0.2,0,0,1
1256.45,5,1,0,39.68,1437,559,2,2110.43,0,0,0,0.092,0.5950706393297435,1,0.2,0.0,0,1,0
2428.09,19,6,1,45.43,845,84,0,2122.38,0,0,0,0.111,1.1435023406078988,0,0.0,0.0,0,1,0
4067.27,9,6,1,11.2,1043,912,5,844.54,0,0,0,0.152,4.81026326371313,0,0.5,0.0,1,0,0
2651.51,21,4,0,5.35,1303,627,4,4494.2,1,0,0,0.336,0.5898536216408614,0,0.4,0.2,0,0,1
1793.04,18,5,1,0.21,1085,446,2,3481.97,0,1,0,0.142,0.5148020224119071,0,0.2,0.0,0,0,1
729.03,10,6,1,33.01,727,496,2,945.35,1,0,0,0.388,0.7703598034553811,0,0.2,0.2,0,1,0
747.94,18,6,1,60.77,258,535,3,2857.79,0,0,0,0.113,0.26162817135921146,0,0.3,0.0,1,0,0
736.34,19,2,0,18.58,153,330,4,3122.52,1,0,1,0.231,0.23574044667554556,0,0.4,0.2,1,0,0
250.64,10,3,0,45.91,634,468,6,2400.92,0,0,1,0.468,0.10434985345057286,0,0.6,0.0,1,0,0
1821.46,4,0,0,36.94,617,102,4,3307.58,0,0,0,0.313,0.5505262076177696,1,0.4,0.0,0,0,1
5111.87,23,6,1,19.64,165,361,2,2441.77,0,0,0,0.191,2.0926530127682916,1,0.2,0.0,1,0,0
1491.3,3,6,1,13.58,1124,1990,4,3164.75,1,0,0,0.142,0.4710732054015636,1,0.4,0.2,0,0,1
2413.89,11,2,0,7.58,1464,2197,3,687.88,0,0,0,0.25,3.504079084891418,0,0.3,0.0,1,0,0
790.13,9,5,1,21.35,730,51,0,1488.07,0,0,0,0.325,0.5306197828174632,0,0.0,0.0,0,0,1
1405.72,22,6,1,56.66,537,634,0,1023.47,0,0,0,0.095,1.3721436450066864,0,0.0,0.0,1,0,0
1123.67,13,2,0,21.97,1368,2089,2,2884.87,0,0,0,0.179,0.3893695835224733,0,0.2,0.0,1,0,0
3257.93,23,4,0,19.67,924,1270,3,1573.06,0,1,0,0.075,2.069762270815598,1,0.3,0.0,1,0,0
7515.89,16,0,0,8.26,1422,2039,2,1761.14,1,0,1,0.216,4.265205942774127,0,0.2,0.2,0,0,1
1579.62,16,5,1,45.75,55,83,3,2016.51,0,0,0,0.315,0.7829552269877225,0,0.3,0.0,0,0,1
1237.11,20,4,0,9.37,524,536,3,1482.35,0,0,0,0.419,0.8339973708160582,0,0.3,0.0,0,0,1
1166.17,12,2,0,30.73,693,225,5,1320.16,0,0,0,0.313,0.8826864270792334,0,0.5,0.0,0,0,1
694.36,22,3,0,27.06,332,2023,3,1119.07,0,0,0,0.369,0.6199255403680127,0,0.3,0.0,1,0,0
383.38,6,0,0,16.19,1205,128,4,6621.44,0,0,0,0.39,0.05789104922052899,0,0.4,0.0,0,1,0
623.5,12,6,1,16.7,21,1386,8,1022.91,1,0,0,0.5,0.6089402388881836,0,0.8,0.2,0,0,1
1001.28,11,4,0,37.18,527,1727,3,1780.83,0,1,0,0.238,0.5619391299955664,0,0.3,0.0,0,1,0
2477.36,11,5,1,24.29,240,675,4,1730.99,0,0,0,0.15,1.4303546787221635,0,0.4,0.0,0,0,1
1405.46,10,4,0,12.11,624,2063,3,3472.68,0,0,0,0.195,0.40460261163952926,0,0.3,0.0,0,0,1
3439.45,22,5,1,17.53,195,1097,3,1283.58,0,0,0,0.619,2.6774899188839933,0,0.3,0.0,0,1,0
3488.68,16,0,0,67.71,552,2146,1,1185.18,0,0,0,0.254,2.941105059940312,0,0.1,0.0,0,0,1
6557.08,0,3,0,42.82,1403,876,7,1170.51,0,0,0,0.222,5.597118249097319,1,0.7,0.0,0,1,0
892.42,20,2,0,22.96,101,2377,1,1027.21,0,0,0,0.081,0.8679355384600421,0,0.1,0.0,1,0,0
738.18,17,5,1,24.01,151,831,1,933.88,1,0,0,0.372,0.7895986650693136,0,0.1,0.2,0,1,0
499.02,15,5,1,57.55,789,2057,4,4297.74,0,0,0,0.168,0.11608517844763815,0,0.4,0.0,0,0,1
1168.97,8,5,1,24.18,737,213,5,1168.05,0,1,0,0.174,0.9999315683674779,0,0.5,0.0,0,1,0
3444.45,0,6,1,41.44,391,2449,3,3759.86,0,0,0,0.495,0.9158676472934382,1,0.3,0.0,0,0,1
6490.56,22,4,0,11.88,663,1791,1,1686.54,0,0,0,0.126,3.846166609384074,0,0.1,0.0,1,0,0
811.1,18,1,0,54.21,403,964,4,1618.52,0,0,0,0.135,0.5008274056510571,0,0.4,0.0,1,0,0
1321.8,2,3,0,12.08,1491,291,1,1221.99,0,0,0,0.412,1.0807937922632236,1,0.1,0.0,0,1,0
800.69,20,1,0,37.4,1174,1626,4,1547.57,1,0,0,0.611,0.5170512149918958,0,0.4,0.2,1,0,0
449.63,17,2,0,68.66,1223,685,2,1594.03,0,0,0,0.156,0.2818943844316408,0,0.2,0.0,0,0,1
627.56,12,4,0,55.08,999,2360,2,1153.89,0,0,0,0.019,0.543393743127051,0,0.2,0.0,1,0,0
2108.46,13,0,0,8.23,1125,2245,3,1048.13,0,0,0,0.097,2.0097223413685623,0,0.3,0.0,0,0,1
2111.18,19,2,0,2.74,898,2431,2,1085.88,1,0,0,0.065,1.9424223465331956,0,0.2,0.2,1,0,0
870.28,4,1,0,33.24,162,1812,3,994.83,0,0,0,0.106,0.8739242641816374,1,0.3,0.0,0,1,0
5612.04,23,3,0,13.95,167,2110,2,657.09,0,0,0,0.464,8.527769757935845,1,0.2,0.0,0,1,0
891.02,9,3,0,19.02,129,1118,1,2151.3,0,0,0,0.14,0.4139850392603261,0,0.1,0.0,1,0,0
2512.85,18,5,1,30.93,667,2331,6,882.6,1,1,0,0.567,2.843877320054323,0,0.6,0.2,0,1,0
1493.03,1,2,0,17.67,1195,204,1,1178.7,1,0,0,0.319,1.2656014240908704,1,0.1,0.2,0,0,1
1087.97,18,2,0,35.39,1333,1266,5,3538.36,0,0,0,0.476,0.3073917318385245,0,0.5,0.0,0,0,1
1741.99,9,1,0,13.52,270,1074,1,971.83,0,0,0,0.237,1.7906417359662017,0,0.1,0.0,0,0,1
816.97,14,0,0,32.39,92,1322,3,900.32,0,0,0,0.144,0.9064150357253805,0,0.3,0.0,0,0,1
1778.03,0,1,0,20.3,1335,1083,8,1151.41,0,0,0,0.042,1.542879704271917,1,0.8,0.0,1,0,0
1719.7,4,0,0,15.8,676,2021,0,1717.65,2,0,0,0.221,1.0006109446367788,1,0.0,0.4,0,1,0
3103.05,10,3,0,41.88,1276,539,9,660.24,0,0,1,0.384,4.692774181840179,0,0.9,0.0,0,1,0
1757.6,7,6,1,20.23,1389,1005,2,1333.23,0,0,0,0.164,1.3173141062635376,0,0.2,0.0,0,0,1
176.19,10,2,0,45.14,244,2457,0,1501.51,0,0,0,0.314,0.1172637786104585,0,0.0,0.0,1,0,0
3050.73,11,1,0,62.04,219,2266,6,2255.74,0,0,0,0.681,1.3518305165858717,0,0.6,0.0,0,0,1
6203.09,17,6,1,25.61,1208,1545,2,476.96,0,0,0,0.092,12.978261779228388,0,0.2,0.0,0,1,0
856.26,23,3,0,59.05,645,2473,5,1137.49,0,0,0,0.359,0.7521014677335769,1,0.5,0.0,1,0,0
755.43,2,0,0,85.18,780,2450,3,313.6,0,0,0,0.09,2.4012396694214875,1,0.3,0.0,1,0,0
15606.35,21,3,0,4.92,1172,668,6,928.19,0,1,0,0.314,16.795649974709153,0,0.6,0.0,0,1,0
2001.82,23,2,0,25.16,433,50,3,2144.55,1,0,0,0.422,0.933010183868938,1,0.3,0.2,1,0,0
3303.84,19,1,0,26.76,905,330,1,1235.39,0,0,0,0.334,2.6721665493897557,0,0.1,0.0,1,0,0
4553.08,7,0,0,61.39,1031,1484,2,1940.87,2,0,0,0.214,2.344688367398436,0,0.2,0.4,0,0,1
1166.22,13,4,0,13.65,291,1301,2,954.01,1,0,0,0.042,1.2211599878535304,0,0.2,0.2,1,0,0
1513.83,10,6,1,25.03,1110,1510,1,493.97,0,0,0,0.192,3.05842778350203,0,0.1,0.0,1,0,0
20840.49,20,6,1,53.09,503,1572,2,2542.63,0,0,0,0.355,8.19320813168582,0,0.2,0.0,1,0,0
2481.6,18,0,0,22.86,41,2169,5,886.53,0,0,1,0.137,2.7960744988901785,0,0.5,0.0,0,1,0
2533.73,1,4,0,3.46,102,446,2,2065.04,0,0,0,0.627,1.2263702542061141,1,0.2,0.0,1,0,0
1895.78,4,3,0,35.38,161,2137,3,936.14,1,0,0,0.528,2.02294214311629,1,0.3,0.2,1,0,0
2700.6,5,3,0,19.43,1355,1849,3,538.63,1,0,0,0.342,5.004540147879102,1,0.3,0.2,0,0,1
5555.11,7,3,0,29.27,427,940,8,628.25,0,0,0,0.373,8.828144616607071,0,0.8,0.0,1,0,0
3637.84,11,3,0,91.72,979,700,4,3708.64,0,0,0,0.31,0.9806450221584845,0,0.4,0.0,1,0,0
10976.3,10,2,0,22.93,838,1224,2,3963.41,0,0,0,0.459,2.7687095936091373,0,0.2,0.0,0,1,0
387.05,0,6,1,27.91,836,1824,2,1362.4,0,0,0,0.226,0.2838858735514156,1,0.2,0.0,0,1,0
14632.92,22,3,0,6.06,31,95,2,1596.61,1,0,0,0.196,9.159256639605411,0,0.2,0.2,0,0,1
732.42,19,0,0,49.7,511,1774,3,1101.7,0,0,0,0.231,0.6642060397206855,0,0.3,0.0,1,0,0
1261.17,15,5,1,2.55,468,1542,5,658.91,0,0,0,0.071,1.9111242442151204,0,0.5,0.0,1,0,0
2197.27,12,0,0,7.55,463,846,5,953.5,0,0,0,0.26,2.302011524358303,0,0.5,0.0,0,0,1
3360.79,15,1,0,10.97,689,752,1,2017.42,0,0,0,0.24,1.6650597992489173,0,0.1,0.0,0,0,1
849.54,13,3,0,79.1,537,168,3,3732.64,0,0,0,0.646,0.22753666663095531,0,0.3,0.0,0,1,0
2933.6,2,5,1,23.13,1418,2186,2,2223.03,2,1,0,0.219,1.3190469553018618,1,0.2,0.4,0,1,0
1300.61,23,3,0,2.62,571,2391,2,2010.64,1,0,0,0.601,0.6465421248334692,1,0.2,0.2,0,0,1
1909.39,7,2,0,67.12,266,2266,4,4176.32,0,0,0,0.187,0.4570849252630874,0,0.4,0.0,0,0,1
287.22,4,2,0,50.03,1188,2284,4,1713.81,1,0,0,0.607,0.16749377482053407,1,0.4,0.2,0,0,1
514.8,8,2,0,24.4,424,2483,2,1331.59,0,1,0,0.45,0.38631537081923173,0,0.2,0.0,0,0,1
4098.56,4,1,0,14.95,1228,1819,4,3527.56,1,0,0,0.223,1.161538984741651,1,0.4,0.2,0,0,1
4032.26,13,5,1,24.42,644,1469,1,5523.97,0,0,0,0.509,0.7298247773291077,0,0.1,0.0,0,1,0
1603.06,20,4,0,50.75,132,392,6,844.83,0,0,0,0.062,1.8952508187224382,0,0.6,0.0,0,1,0
1624.26,14,1,0,15.26,1386,1203,3,2231.48,0,1,0,0.365,0.7275585895506342,0,0.3,0.0,1,0,0
6479.55,20,3,0,6.77,1433,1210,0,629.32,1,0,1,0.163,10.279778525193551,0,0.0,0.2,0,1,0
2318.09,16,2,0,8.82,1117,1554,2,3413.66,0,0,1,0.196,0.678864074314866,0,0.2,0.0,0,0,1
1117.43,4,1,0,38.19,1118,1305,4,1949.04,1,0,0,0.183,0.573029271194437,1,0.4,0.2,1,0,0
2724.5,14,0,0,12.03,800,2005,0,3104.77,0,0,0,0.51,0.8772381728202668,0,0.0,0.0,1,0,0
3737.74,10,5,1,45.64,699,193,2,3675.32,0,0,0,0.477,1.01670692431562,0,0.2,0.0,0,0,1
1298.3,20,1,0,32.67,215,1773,5,5354.8,0,0,0,0.272,0.24241009746443107,0,0.5,0.0,0,0,1
414.56,2,5,1,29.55,45,1295,2,2410.68,0,1,0,0.678,0.1718967690572547,1,0.2,0.0,1,0,0
3959.69,5,1,0,60.66,698,857,2,549.07,0,0,0,0.213,7.198520188339665,1,0.2,0.0,0,1,0
535.85,6,3,0,30.9,151,1070,4,1048.38,0,0,1,0.233,0.5106348510549086,0,0.4,0.0,0,1,0
4244.37,6,5,1,25.7,948,904,0,1440.67,0,1,0,0.441,2.944064869214175,0,0.0,0.0,1,0,0
4221.54,13,6,1,23.56,1003,692,3,950.74,1,0,0,0.289,4.4356021602538505,0,0.3,0.2,1,0,0
2818.65,7,6,1,5.67,442,1554,3,4569.37,0,0,1,0.197,0.6167224973032819,0,0.3,0.0,0,0,1
1034.78,21,4,0,45.4,1208,310,6,1826.46,0,0,0,0.234,0.5662394799338973,0,0.6,0.0,0,0,1
1058.59,12,3,0,48.45,501,1657,2,188.48,0,1,1,0.157,5.586816550559425,0,0.2,0.0,0,1,0
1712.59,5,3,0,24.38,1435,656,4,1334.52,0,0,0,0.141,1.2823394632802203,1,0.4,0.0,0,1,0
5252.98,7,6,1,25.16,1160,116,4,1085.48,1,0,0,0.335,4.834861203151461,0,0.4,0.2,0,1,0
538.92,4,5,1,14.39,245,881,9,2762.24,0,0,0,0.463,0.19503191905154818,1,0.9,0.0,1,0,0
3307.54,11,0,0,38.46,682,2316,2,2643.19,0,0,0,0.11,1.2508707770621628,0,0.2,0.0,1,0,0
837.51,10,2,0,50.79,202,1568,6,778.73,0,1,0,0.425,1.074102573967912,0,0.6,0.0,0,0,1
576.37,17,2,0,49.66,582,2468,2,902.3,1,0,0,0.146,0.6380715155540795,0,0.2,0.2,1,0,0
2525.71,3,3,0,129.35,1401,2187,4,1041.47,0,0,0,0.205,2.42281312651683,1,0.4,0.0,0,1,0
1866.68,18,6,1,30.96,1094,2188,2,6815.16,0,0,0,0.124,0.27386094223140306,0,0.2,0.0,0,1,0
892.38,10,1,0,11.03,562,266,3,760.82,1,0,0,0.357,1.1713790659210837,0,0.3,0.2,1,0,0
313.03,0,6,1,61.84,632,2439,5,871.81,0,0,0,0.62,0.35864621166118626,1,0.5,0.0,1,0,0
1740.14,8,1,0,12.36,1405,1813,1,1264.37,0,0,0,0.237,1.375202509937805,0,0.1,0.0,0,1,0
2507.75,13,1,0,3.24,1216,488,3,1095.6,0,0,0,0.29,2.286841145358381,0,0.3,0.0,0,1,0
3396.33,22,3,0,47.45,796,1997,4,412.36,0,0,0,0.406,8.216397329204566,0,0.4,0.0,1,0,0
2721.26,21,3,0,0.72,338,2100,2,2152.94,1,0,0,0.579,1.2633870952765631,0,0.2,0.2,1,0,0
2690.9,14,6,1,20.79,1337,613,0,1514.28,0,0,0,0.266,1.7758434084789612,0,0.0,0.0,0,1,0
583.68,21,6,1,21.47,554,2050,3,2054.65,0,1,0,0.139,0.2839393865687252,0,0.3,0.0,0,1,0
2666.31,8,5,1,50.73,588,383,3,668.55,0,0,0,0.113,3.982241804196849,0,0.3,0.0,1,0,0
1110.37,18,3,0,59.55,958,251,1,1115.72,0,0,0,0.38,0.9943137044200873,0,0.1,0.0,0,1,0
2616.95,7,6,1,23.29,462,2395,2,236.39,0,0,0,0.283,11.023842621845908,0,0.2,0.0,1,0,0
782.02,2,5,1,2.77,739,1162,3,1819.84,0,0,0,0.387,0.42948309571406607,1,0.3,0.0,1,0,0
1637.08,2,5,1,13.89,1247,2260,4,1864.72,0,0,0,0.383,0.8774521364406234,1,0.4,0.0,0,1,0
5759.64,19,3,0,67.1,611,1558,4,1672.79,0,1,0,0.192,3.4410768375961145,0,0.4,0.0,0,0,1
2770.36,19,0,0,44.06,1041,1628,8,1986.56,0,1,0,0.36,1.3938497454164906,0,0.8,0.0,0,1,0
3617.5,8,1,0,41.89,1369,187,6,1482.46,0,1,0,0.422,2.438555808717458,0,0.6,0.0,0,1,0
649.67,17,6,1,6.89,1063,1756,1,407.44,0,1,0,0.094,1.5906130643423757,0,0.1,0.0,0,0,1
1333.44,15,5,1,22.52,930,746,2,1654.02,0,0,0,0.298,0.8056941910067552,0,0.2,0.0,1,0,0
3324.27,6,6,1,35.5,1447,1653,1,1291.14,0,0,0,0.382,2.572685622300989,0,0.1,0.0,0,1,0
3143.29,18,0,0,3.29,716,924,4,3774.07,0,0,0,0.378,0.8326441628896947,0,0.4,0.0,1,0,0
1284.35,18,0,0,47.4,1056,803,6,2153.57,0,0,0,0.618,0.596105023276106,0,0.6,0.0,0,1,0
1904.53,8,3,0,62.76,338,697,2,693.54,0,0,0,0.212,2.742145880726812,0,0.2,0.0,1,0,0
2536.21,11,3,0,6.75,128,2187,1,1244.42,0,0,0,0.235,2.036429477605948,0,0.1,0.0,0,0,1
3266.33,14,3,0,14.6,1151,1158,3,1721.5,0,0,0,0.766,1.8962728592162554,0,0.3,0.0,0,1,0
777.14,18,0,0,30.3,6,1663,4,1409.35,0,0,0,0.37,0.5510263409791896,0,0.4,0.0,0,0,1
3231.89,22,5,1,107.33,1046,1212,3,1928.91,0,0,1,0.385,1.674632495815867,0,0.3,0.0,0,1,0
420.34,22,2,0,2.71,935,1054,5,1916.44,0,0,0,0.576,0.2192193758344459,0,0.5,0.0,0,1,0
1150.6,18,5,1,0.68,1005,2438,3,1104.06,1,0,0,0.29,1.0412104320127413,0,0.3,0.2,0,1,0
322.94,6,6,1,4.44,87,77,3,458.76,0,0,0,0.223,0.7024099530189665,0,0.3,0.0,0,1,0
6807.48,13,2,0,6.55,879,494,7,1020.02,0,0,0,0.128,6.667332667332667,0,0.7,0.0,0,1,0
1217.27,16,6,1,23.28,388,813,2,2058.78,1,0,0,0.143,0.5909708803852838,0,0.2,0.2,1,0,0
1638.87,19,0,0,16.03,1229,2428,3,2264.45,0,1,0,0.305,0.7234191882407469,0,0.3,0.0,1,0,0
2406.92,9,5,1,33.11,81,214,2,1053.79,0,0,0,0.188,2.281894974355085,0,0.2,0.0,0,1,0
